scenario,transport_row_id,model_label,task_id,primary_class,scenario_class,assumption_used,exposure_warning
source_specific_primary,CAMP-001,CTransPath,mshs_bca_er,D1_no_detected_evidence_or_insufficient_disclosure,D1_no_detected_evidence_or_insufficient_disclosure,source_specific_primary,
source_specific_primary,CAMP-002,CTransPath,mshs_bca_her2,D1_no_detected_evidence_or_insufficient_disclosure,D1_no_detected_evidence_or_insufficient_disclosure,source_specific_primary,
source_specific_primary,CAMP-003,CTransPath,mshs_bca_pr,D1_no_detected_evidence_or_insufficient_disclosure,D1_no_detected_evidence_or_insufficient_disclosure,source_specific_primary,
source_specific_primary,CAMP-004,CTransPath,mshs_biome_hrd,D1_no_detected_evidence_or_insufficient_disclosure,D1_no_detected_evidence_or_insufficient_disclosure,source_specific_primary,
source_specific_primary,CAMP-005,CTransPath,mshs_bladder,D1_no_detected_evidence_or_insufficient_disclosure,D1_no_detected_evidence_or_insufficient_disclosure,source_specific_primary,
source_specific_primary,CAMP-006,CTransPath,mshs_breast,D1_no_detected_evidence_or_insufficient_disclosure,D1_no_detected_evidence_or_insufficient_disclosure,source_specific_primary,
source_specific_primary,CAMP-007,CTransPath,mshs_colorectal,D1_no_detected_evidence_or_insufficient_disclosure,D1_no_detected_evidence_or_insufficient_disclosure,source_specific_primary,
source_specific_primary,CAMP-008,CTransPath,mshs_dcis,D1_no_detected_evidence_or_insufficient_disclosure,D1_no_detected_evidence_or_insufficient_disclosure,source_specific_primary,
source_specific_primary,CAMP-009,CTransPath,mshs_ibd,D1_no_detected_evidence_or_insufficient_disclosure,D1_no_detected_evidence_or_insufficient_disclosure,source_specific_primary,
source_specific_primary,CAMP-010,CTransPath,mshs_kidney,D1_no_detected_evidence_or_insufficient_disclosure,D1_no_detected_evidence_or_insufficient_disclosure,source_specific_primary,
source_specific_primary,CAMP-011,CTransPath,mshs_luad_egfr,D1_no_detected_evidence_or_insufficient_disclosure,D1_no_detected_evidence_or_insufficient_disclosure,source_specific_primary,
source_specific_primary,CAMP-012,CTransPath,mshs_oral,D1_no_detected_evidence_or_insufficient_disclosure,D1_no_detected_evidence_or_insufficient_disclosure,source_specific_primary,
source_specific_primary,CAMP-013,CTransPath,mshs_prostate,D1_no_detected_evidence_or_insufficient_disclosure,D1_no_detected_evidence_or_insufficient_disclosure,source_specific_primary,
source_specific_primary,CAMP-014,CTransPath,mshs_thyroid,D1_no_detected_evidence_or_insufficient_disclosure,D1_no_detected_evidence_or_insufficient_disclosure,source_specific_primary,
source_specific_primary,CAMP-015,CTransPath,mskcc_luad_alk,D1_no_detected_evidence_or_insufficient_disclosure,D1_no_detected_evidence_or_insufficient_disclosure,source_specific_primary,
source_specific_primary,CAMP-016,CTransPath,mskcc_luad_egfr,D1_no_detected_evidence_or_insufficient_disclosure,D1_no_detected_evidence_or_insufficient_disclosure,source_specific_primary,
source_specific_primary,CAMP-017,CTransPath,mskcc_luad_kras,D1_no_detected_evidence_or_insufficient_disclosure,D1_no_detected_evidence_or_insufficient_disclosure,source_specific_primary,
source_specific_primary,CAMP-018,CTransPath,mskcc_luad_stk11,D1_no_detected_evidence_or_insufficient_disclosure,D1_no_detected_evidence_or_insufficient_disclosure,source_specific_primary,
source_specific_primary,CAMP-019,CTransPath,mskcc_luad_tp53,D1_no_detected_evidence_or_insufficient_disclosure,D1_no_detected_evidence_or_insufficient_disclosure,source_specific_primary,
source_specific_primary,CAMP-020,CTransPath,mskcc_nsclc_io,D1_no_detected_evidence_or_insufficient_disclosure,D1_no_detected_evidence_or_insufficient_disclosure,source_specific_primary,
source_specific_primary,CAMP-021,CTransPath,suh_melanoma_braf,D1_no_detected_evidence_or_insufficient_disclosure,D1_no_detected_evidence_or_insufficient_disclosure,source_specific_primary,
source_specific_primary,CAMP-022,CTransPath,suh_melanoma_nras,D1_no_detected_evidence_or_insufficient_disclosure,D1_no_detected_evidence_or_insufficient_disclosure,source_specific_primary,
source_specific_primary,CAMP-023,Phikon,mshs_bca_er,D1_no_detected_evidence_or_insufficient_disclosure,D1_no_detected_evidence_or_insufficient_disclosure,source_specific_primary,
source_specific_primary,CAMP-024,Phikon,mshs_bca_her2,D1_no_detected_evidence_or_insufficient_disclosure,D1_no_detected_evidence_or_insufficient_disclosure,source_specific_primary,
source_specific_primary,CAMP-025,Phikon,mshs_bca_pr,D1_no_detected_evidence_or_insufficient_disclosure,D1_no_detected_evidence_or_insufficient_disclosure,source_specific_primary,
source_specific_primary,CAMP-026,Phikon,mshs_biome_hrd,D1_no_detected_evidence_or_insufficient_disclosure,D1_no_detected_evidence_or_insufficient_disclosure,source_specific_primary,
source_specific_primary,CAMP-027,Phikon,mshs_bladder,D1_no_detected_evidence_or_insufficient_disclosure,D1_no_detected_evidence_or_insufficient_disclosure,source_specific_primary,
source_specific_primary,CAMP-028,Phikon,mshs_breast,D1_no_detected_evidence_or_insufficient_disclosure,D1_no_detected_evidence_or_insufficient_disclosure,source_specific_primary,
source_specific_primary,CAMP-029,Phikon,mshs_colorectal,D1_no_detected_evidence_or_insufficient_disclosure,D1_no_detected_evidence_or_insufficient_disclosure,source_specific_primary,
source_specific_primary,CAMP-030,Phikon,mshs_dcis,D1_no_detected_evidence_or_insufficient_disclosure,D1_no_detected_evidence_or_insufficient_disclosure,source_specific_primary,
source_specific_primary,CAMP-031,Phikon,mshs_ibd,D1_no_detected_evidence_or_insufficient_disclosure,D1_no_detected_evidence_or_insufficient_disclosure,source_specific_primary,
source_specific_primary,CAMP-032,Phikon,mshs_kidney,D1_no_detected_evidence_or_insufficient_disclosure,D1_no_detected_evidence_or_insufficient_disclosure,source_specific_primary,
source_specific_primary,CAMP-033,Phikon,mshs_luad_egfr,D1_no_detected_evidence_or_insufficient_disclosure,D1_no_detected_evidence_or_insufficient_disclosure,source_specific_primary,
source_specific_primary,CAMP-034,Phikon,mshs_oral,D1_no_detected_evidence_or_insufficient_disclosure,D1_no_detected_evidence_or_insufficient_disclosure,source_specific_primary,
source_specific_primary,CAMP-035,Phikon,mshs_prostate,D1_no_detected_evidence_or_insufficient_disclosure,D1_no_detected_evidence_or_insufficient_disclosure,source_specific_primary,
source_specific_primary,CAMP-036,Phikon,mshs_thyroid,D1_no_detected_evidence_or_insufficient_disclosure,D1_no_detected_evidence_or_insufficient_disclosure,source_specific_primary,
source_specific_primary,CAMP-037,Phikon,mskcc_luad_alk,D1_no_detected_evidence_or_insufficient_disclosure,D1_no_detected_evidence_or_insufficient_disclosure,source_specific_primary,
source_specific_primary,CAMP-038,Phikon,mskcc_luad_egfr,D1_no_detected_evidence_or_insufficient_disclosure,D1_no_detected_evidence_or_insufficient_disclosure,source_specific_primary,
source_specific_primary,CAMP-039,Phikon,mskcc_luad_kras,D1_no_detected_evidence_or_insufficient_disclosure,D1_no_detected_evidence_or_insufficient_disclosure,source_specific_primary,
source_specific_primary,CAMP-040,Phikon,mskcc_luad_stk11,D1_no_detected_evidence_or_insufficient_disclosure,D1_no_detected_evidence_or_insufficient_disclosure,source_specific_primary,
source_specific_primary,CAMP-041,Phikon,mskcc_luad_tp53,D1_no_detected_evidence_or_insufficient_disclosure,D1_no_detected_evidence_or_insufficient_disclosure,source_specific_primary,
source_specific_primary,CAMP-042,Phikon,mskcc_nsclc_io,D1_no_detected_evidence_or_insufficient_disclosure,D1_no_detected_evidence_or_insufficient_disclosure,source_specific_primary,
source_specific_primary,CAMP-043,Phikon,suh_melanoma_braf,D1_no_detected_evidence_or_insufficient_disclosure,D1_no_detected_evidence_or_insufficient_disclosure,source_specific_primary,
source_specific_primary,CAMP-044,Phikon,suh_melanoma_nras,D1_no_detected_evidence_or_insufficient_disclosure,D1_no_detected_evidence_or_insufficient_disclosure,source_specific_primary,
source_specific_primary,CAMP-045,Phikon-v2,mshs_bca_er,D1_no_detected_evidence_or_insufficient_disclosure,D1_no_detected_evidence_or_insufficient_disclosure,source_specific_primary,
source_specific_primary,CAMP-046,Phikon-v2,mshs_bca_her2,D1_no_detected_evidence_or_insufficient_disclosure,D1_no_detected_evidence_or_insufficient_disclosure,source_specific_primary,
source_specific_primary,CAMP-047,Phikon-v2,mshs_bca_pr,D1_no_detected_evidence_or_insufficient_disclosure,D1_no_detected_evidence_or_insufficient_disclosure,source_specific_primary,
source_specific_primary,CAMP-048,Phikon-v2,mshs_biome_hrd,D1_no_detected_evidence_or_insufficient_disclosure,D1_no_detected_evidence_or_insufficient_disclosure,source_specific_primary,
source_specific_primary,CAMP-049,Phikon-v2,mshs_bladder,D1_no_detected_evidence_or_insufficient_disclosure,D1_no_detected_evidence_or_insufficient_disclosure,source_specific_primary,
source_specific_primary,CAMP-050,Phikon-v2,mshs_breast,D1_no_detected_evidence_or_insufficient_disclosure,D1_no_detected_evidence_or_insufficient_disclosure,source_specific_primary,
source_specific_primary,CAMP-051,Phikon-v2,mshs_colorectal,D1_no_detected_evidence_or_insufficient_disclosure,D1_no_detected_evidence_or_insufficient_disclosure,source_specific_primary,
source_specific_primary,CAMP-052,Phikon-v2,mshs_dcis,D1_no_detected_evidence_or_insufficient_disclosure,D1_no_detected_evidence_or_insufficient_disclosure,source_specific_primary,
source_specific_primary,CAMP-053,Phikon-v2,mshs_ibd,D1_no_detected_evidence_or_insufficient_disclosure,D1_no_detected_evidence_or_insufficient_disclosure,source_specific_primary,
source_specific_primary,CAMP-054,Phikon-v2,mshs_kidney,D1_no_detected_evidence_or_insufficient_disclosure,D1_no_detected_evidence_or_insufficient_disclosure,source_specific_primary,
source_specific_primary,CAMP-055,Phikon-v2,mshs_luad_egfr,D1_no_detected_evidence_or_insufficient_disclosure,D1_no_detected_evidence_or_insufficient_disclosure,source_specific_primary,
source_specific_primary,CAMP-056,Phikon-v2,mshs_oral,D1_no_detected_evidence_or_insufficient_disclosure,D1_no_detected_evidence_or_insufficient_disclosure,source_specific_primary,
source_specific_primary,CAMP-057,Phikon-v2,mshs_prostate,D1_no_detected_evidence_or_insufficient_disclosure,D1_no_detected_evidence_or_insufficient_disclosure,source_specific_primary,
source_specific_primary,CAMP-058,Phikon-v2,mshs_thyroid,D1_no_detected_evidence_or_insufficient_disclosure,D1_no_detected_evidence_or_insufficient_disclosure,source_specific_primary,
source_specific_primary,CAMP-059,Phikon-v2,mskcc_luad_alk,D1_no_detected_evidence_or_insufficient_disclosure,D1_no_detected_evidence_or_insufficient_disclosure,source_specific_primary,
source_specific_primary,CAMP-060,Phikon-v2,mskcc_luad_egfr,D1_no_detected_evidence_or_insufficient_disclosure,D1_no_detected_evidence_or_insufficient_disclosure,source_specific_primary,
source_specific_primary,CAMP-061,Phikon-v2,mskcc_luad_kras,D1_no_detected_evidence_or_insufficient_disclosure,D1_no_detected_evidence_or_insufficient_disclosure,source_specific_primary,
source_specific_primary,CAMP-062,Phikon-v2,mskcc_luad_stk11,D1_no_detected_evidence_or_insufficient_disclosure,D1_no_detected_evidence_or_insufficient_disclosure,source_specific_primary,
source_specific_primary,CAMP-063,Phikon-v2,mskcc_luad_tp53,D1_no_detected_evidence_or_insufficient_disclosure,D1_no_detected_evidence_or_insufficient_disclosure,source_specific_primary,
source_specific_primary,CAMP-064,Phikon-v2,mskcc_nsclc_io,D1_no_detected_evidence_or_insufficient_disclosure,D1_no_detected_evidence_or_insufficient_disclosure,source_specific_primary,
source_specific_primary,CAMP-065,Phikon-v2,suh_melanoma_braf,D1_no_detected_evidence_or_insufficient_disclosure,D1_no_detected_evidence_or_insufficient_disclosure,source_specific_primary,
source_specific_primary,CAMP-066,Phikon-v2,suh_melanoma_nras,D1_no_detected_evidence_or_insufficient_disclosure,D1_no_detected_evidence_or_insufficient_disclosure,source_specific_primary,
source_specific_primary,CAMP-067,Prov-GigaPath,mshs_bca_er,D1_no_detected_evidence_or_insufficient_disclosure,D1_no_detected_evidence_or_insufficient_disclosure,source_specific_primary,
source_specific_primary,CAMP-068,Prov-GigaPath,mshs_bca_her2,D1_no_detected_evidence_or_insufficient_disclosure,D1_no_detected_evidence_or_insufficient_disclosure,source_specific_primary,
source_specific_primary,CAMP-069,Prov-GigaPath,mshs_bca_pr,D1_no_detected_evidence_or_insufficient_disclosure,D1_no_detected_evidence_or_insufficient_disclosure,source_specific_primary,
source_specific_primary,CAMP-070,Prov-GigaPath,mshs_biome_hrd,D1_no_detected_evidence_or_insufficient_disclosure,D1_no_detected_evidence_or_insufficient_disclosure,source_specific_primary,
source_specific_primary,CAMP-071,Prov-GigaPath,mshs_bladder,D1_no_detected_evidence_or_insufficient_disclosure,D1_no_detected_evidence_or_insufficient_disclosure,source_specific_primary,
source_specific_primary,CAMP-072,Prov-GigaPath,mshs_breast,D1_no_detected_evidence_or_insufficient_disclosure,D1_no_detected_evidence_or_insufficient_disclosure,source_specific_primary,
source_specific_primary,CAMP-073,Prov-GigaPath,mshs_colorectal,D1_no_detected_evidence_or_insufficient_disclosure,D1_no_detected_evidence_or_insufficient_disclosure,source_specific_primary,
source_specific_primary,CAMP-074,Prov-GigaPath,mshs_dcis,D1_no_detected_evidence_or_insufficient_disclosure,D1_no_detected_evidence_or_insufficient_disclosure,source_specific_primary,
source_specific_primary,CAMP-075,Prov-GigaPath,mshs_ibd,D1_no_detected_evidence_or_insufficient_disclosure,D1_no_detected_evidence_or_insufficient_disclosure,source_specific_primary,
source_specific_primary,CAMP-076,Prov-GigaPath,mshs_kidney,D1_no_detected_evidence_or_insufficient_disclosure,D1_no_detected_evidence_or_insufficient_disclosure,source_specific_primary,
source_specific_primary,CAMP-077,Prov-GigaPath,mshs_luad_egfr,D1_no_detected_evidence_or_insufficient_disclosure,D1_no_detected_evidence_or_insufficient_disclosure,source_specific_primary,
source_specific_primary,CAMP-078,Prov-GigaPath,mshs_oral,D1_no_detected_evidence_or_insufficient_disclosure,D1_no_detected_evidence_or_insufficient_disclosure,source_specific_primary,
source_specific_primary,CAMP-079,Prov-GigaPath,mshs_prostate,D1_no_detected_evidence_or_insufficient_disclosure,D1_no_detected_evidence_or_insufficient_disclosure,source_specific_primary,
source_specific_primary,CAMP-080,Prov-GigaPath,mshs_thyroid,D1_no_detected_evidence_or_insufficient_disclosure,D1_no_detected_evidence_or_insufficient_disclosure,source_specific_primary,
source_specific_primary,CAMP-081,Prov-GigaPath,mskcc_luad_alk,D1_no_detected_evidence_or_insufficient_disclosure,D1_no_detected_evidence_or_insufficient_disclosure,source_specific_primary,
source_specific_primary,CAMP-082,Prov-GigaPath,mskcc_luad_egfr,D1_no_detected_evidence_or_insufficient_disclosure,D1_no_detected_evidence_or_insufficient_disclosure,source_specific_primary,
source_specific_primary,CAMP-083,Prov-GigaPath,mskcc_luad_kras,D1_no_detected_evidence_or_insufficient_disclosure,D1_no_detected_evidence_or_insufficient_disclosure,source_specific_primary,
source_specific_primary,CAMP-084,Prov-GigaPath,mskcc_luad_stk11,D1_no_detected_evidence_or_insufficient_disclosure,D1_no_detected_evidence_or_insufficient_disclosure,source_specific_primary,
source_specific_primary,CAMP-085,Prov-GigaPath,mskcc_luad_tp53,D1_no_detected_evidence_or_insufficient_disclosure,D1_no_detected_evidence_or_insufficient_disclosure,source_specific_primary,
source_specific_primary,CAMP-086,Prov-GigaPath,mskcc_nsclc_io,D1_no_detected_evidence_or_insufficient_disclosure,D1_no_detected_evidence_or_insufficient_disclosure,source_specific_primary,
source_specific_primary,CAMP-087,Prov-GigaPath,suh_melanoma_braf,D1_no_detected_evidence_or_insufficient_disclosure,D1_no_detected_evidence_or_insufficient_disclosure,source_specific_primary,
source_specific_primary,CAMP-088,Prov-GigaPath,suh_melanoma_nras,D1_no_detected_evidence_or_insufficient_disclosure,D1_no_detected_evidence_or_insufficient_disclosure,source_specific_primary,
source_specific_primary,CAMP-089,SP22M,mshs_bca_er,D0_documented_disjoint,D0_documented_disjoint,source_specific_primary,
source_specific_primary,CAMP-090,SP22M,mshs_bca_her2,D0_documented_disjoint,D0_documented_disjoint,source_specific_primary,
source_specific_primary,CAMP-091,SP22M,mshs_bca_pr,D0_documented_disjoint,D0_documented_disjoint,source_specific_primary,
source_specific_primary,CAMP-092,SP22M,mshs_biome_hrd,D0_documented_disjoint,D0_documented_disjoint,source_specific_primary,
source_specific_primary,CAMP-093,SP22M,mshs_bladder,D0_documented_disjoint,D0_documented_disjoint,source_specific_primary,
source_specific_primary,CAMP-094,SP22M,mshs_breast,D0_documented_disjoint,D0_documented_disjoint,source_specific_primary,
source_specific_primary,CAMP-095,SP22M,mshs_colorectal,D0_documented_disjoint,D0_documented_disjoint,source_specific_primary,
source_specific_primary,CAMP-096,SP22M,mshs_dcis,D0_documented_disjoint,D0_documented_disjoint,source_specific_primary,
source_specific_primary,CAMP-097,SP22M,mshs_ibd,D0_documented_disjoint,D0_documented_disjoint,source_specific_primary,
source_specific_primary,CAMP-098,SP22M,mshs_kidney,D0_documented_disjoint,D0_documented_disjoint,source_specific_primary,
source_specific_primary,CAMP-099,SP22M,mshs_luad_egfr,D0_documented_disjoint,D0_documented_disjoint,source_specific_primary,
source_specific_primary,CAMP-100,SP22M,mshs_oral,D0_documented_disjoint,D0_documented_disjoint,source_specific_primary,
source_specific_primary,CAMP-101,SP22M,mshs_prostate,D0_documented_disjoint,D0_documented_disjoint,source_specific_primary,
source_specific_primary,CAMP-102,SP22M,mshs_thyroid,D0_documented_disjoint,D0_documented_disjoint,source_specific_primary,
source_specific_primary,CAMP-103,SP22M,mskcc_luad_alk,D0_documented_disjoint,D0_documented_disjoint,source_specific_primary,
source_specific_primary,CAMP-104,SP22M,mskcc_luad_egfr,D0_documented_disjoint,D0_documented_disjoint,source_specific_primary,
source_specific_primary,CAMP-105,SP22M,mskcc_luad_kras,D0_documented_disjoint,D0_documented_disjoint,source_specific_primary,
source_specific_primary,CAMP-106,SP22M,mskcc_luad_stk11,D0_documented_disjoint,D0_documented_disjoint,source_specific_primary,
source_specific_primary,CAMP-107,SP22M,mskcc_luad_tp53,D0_documented_disjoint,D0_documented_disjoint,source_specific_primary,
source_specific_primary,CAMP-108,SP22M,mskcc_nsclc_io,D0_documented_disjoint,D0_documented_disjoint,source_specific_primary,
source_specific_primary,CAMP-109,SP22M,suh_melanoma_braf,D0_documented_disjoint,D0_documented_disjoint,source_specific_primary,
source_specific_primary,CAMP-110,SP22M,suh_melanoma_nras,D0_documented_disjoint,D0_documented_disjoint,source_specific_primary,
source_specific_primary,CAMP-111,SP85M,mshs_bca_er,D0_documented_disjoint,D0_documented_disjoint,source_specific_primary,
source_specific_primary,CAMP-112,SP85M,mshs_bca_her2,D0_documented_disjoint,D0_documented_disjoint,source_specific_primary,
source_specific_primary,CAMP-113,SP85M,mshs_bca_pr,D0_documented_disjoint,D0_documented_disjoint,source_specific_primary,
source_specific_primary,CAMP-114,SP85M,mshs_biome_hrd,D0_documented_disjoint,D0_documented_disjoint,source_specific_primary,
source_specific_primary,CAMP-115,SP85M,mshs_bladder,D0_documented_disjoint,D0_documented_disjoint,source_specific_primary,
source_specific_primary,CAMP-116,SP85M,mshs_breast,D0_documented_disjoint,D0_documented_disjoint,source_specific_primary,
source_specific_primary,CAMP-117,SP85M,mshs_colorectal,D0_documented_disjoint,D0_documented_disjoint,source_specific_primary,
source_specific_primary,CAMP-118,SP85M,mshs_dcis,D0_documented_disjoint,D0_documented_disjoint,source_specific_primary,
source_specific_primary,CAMP-119,SP85M,mshs_ibd,D0_documented_disjoint,D0_documented_disjoint,source_specific_primary,
source_specific_primary,CAMP-120,SP85M,mshs_kidney,D0_documented_disjoint,D0_documented_disjoint,source_specific_primary,
source_specific_primary,CAMP-121,SP85M,mshs_luad_egfr,D0_documented_disjoint,D0_documented_disjoint,source_specific_primary,
source_specific_primary,CAMP-122,SP85M,mshs_oral,D0_documented_disjoint,D0_documented_disjoint,source_specific_primary,
source_specific_primary,CAMP-123,SP85M,mshs_prostate,D0_documented_disjoint,D0_documented_disjoint,source_specific_primary,
source_specific_primary,CAMP-124,SP85M,mshs_thyroid,D0_documented_disjoint,D0_documented_disjoint,source_specific_primary,
source_specific_primary,CAMP-125,SP85M,mskcc_luad_alk,D0_documented_disjoint,D0_documented_disjoint,source_specific_primary,
source_specific_primary,CAMP-126,SP85M,mskcc_luad_egfr,D0_documented_disjoint,D0_documented_disjoint,source_specific_primary,
source_specific_primary,CAMP-127,SP85M,mskcc_luad_kras,D0_documented_disjoint,D0_documented_disjoint,source_specific_primary,
source_specific_primary,CAMP-128,SP85M,mskcc_luad_stk11,D0_documented_disjoint,D0_documented_disjoint,source_specific_primary,
source_specific_primary,CAMP-129,SP85M,mskcc_luad_tp53,D0_documented_disjoint,D0_documented_disjoint,source_specific_primary,
source_specific_primary,CAMP-130,SP85M,mskcc_nsclc_io,D0_documented_disjoint,D0_documented_disjoint,source_specific_primary,
source_specific_primary,CAMP-131,SP85M,suh_melanoma_braf,D0_documented_disjoint,D0_documented_disjoint,source_specific_primary,
source_specific_primary,CAMP-132,SP85M,suh_melanoma_nras,D0_documented_disjoint,D0_documented_disjoint,source_specific_primary,
source_specific_primary,CAMP-133,UNI,mshs_bca_er,D1_no_detected_evidence_or_insufficient_disclosure,D1_no_detected_evidence_or_insufficient_disclosure,source_specific_primary,
source_specific_primary,CAMP-134,UNI,mshs_bca_her2,D1_no_detected_evidence_or_insufficient_disclosure,D1_no_detected_evidence_or_insufficient_disclosure,source_specific_primary,
source_specific_primary,CAMP-135,UNI,mshs_bca_pr,D1_no_detected_evidence_or_insufficient_disclosure,D1_no_detected_evidence_or_insufficient_disclosure,source_specific_primary,
source_specific_primary,CAMP-136,UNI,mshs_biome_hrd,D1_no_detected_evidence_or_insufficient_disclosure,D1_no_detected_evidence_or_insufficient_disclosure,source_specific_primary,
source_specific_primary,CAMP-137,UNI,mshs_bladder,D1_no_detected_evidence_or_insufficient_disclosure,D1_no_detected_evidence_or_insufficient_disclosure,source_specific_primary,
source_specific_primary,CAMP-138,UNI,mshs_breast,D1_no_detected_evidence_or_insufficient_disclosure,D1_no_detected_evidence_or_insufficient_disclosure,source_specific_primary,
source_specific_primary,CAMP-139,UNI,mshs_colorectal,D1_no_detected_evidence_or_insufficient_disclosure,D1_no_detected_evidence_or_insufficient_disclosure,source_specific_primary,
source_specific_primary,CAMP-140,UNI,mshs_dcis,D1_no_detected_evidence_or_insufficient_disclosure,D1_no_detected_evidence_or_insufficient_disclosure,source_specific_primary,
source_specific_primary,CAMP-141,UNI,mshs_ibd,D1_no_detected_evidence_or_insufficient_disclosure,D1_no_detected_evidence_or_insufficient_disclosure,source_specific_primary,
source_specific_primary,CAMP-142,UNI,mshs_kidney,D1_no_detected_evidence_or_insufficient_disclosure,D1_no_detected_evidence_or_insufficient_disclosure,source_specific_primary,
source_specific_primary,CAMP-143,UNI,mshs_luad_egfr,D1_no_detected_evidence_or_insufficient_disclosure,D1_no_detected_evidence_or_insufficient_disclosure,source_specific_primary,
source_specific_primary,CAMP-144,UNI,mshs_oral,D1_no_detected_evidence_or_insufficient_disclosure,D1_no_detected_evidence_or_insufficient_disclosure,source_specific_primary,
source_specific_primary,CAMP-145,UNI,mshs_prostate,D1_no_detected_evidence_or_insufficient_disclosure,D1_no_detected_evidence_or_insufficient_disclosure,source_specific_primary,
source_specific_primary,CAMP-146,UNI,mshs_thyroid,D1_no_detected_evidence_or_insufficient_disclosure,D1_no_detected_evidence_or_insufficient_disclosure,source_specific_primary,
source_specific_primary,CAMP-147,UNI,mskcc_luad_alk,D1_no_detected_evidence_or_insufficient_disclosure,D1_no_detected_evidence_or_insufficient_disclosure,source_specific_primary,
source_specific_primary,CAMP-148,UNI,mskcc_luad_egfr,D1_no_detected_evidence_or_insufficient_disclosure,D1_no_detected_evidence_or_insufficient_disclosure,source_specific_primary,
source_specific_primary,CAMP-149,UNI,mskcc_luad_kras,D1_no_detected_evidence_or_insufficient_disclosure,D1_no_detected_evidence_or_insufficient_disclosure,source_specific_primary,
source_specific_primary,CAMP-150,UNI,mskcc_luad_stk11,D1_no_detected_evidence_or_insufficient_disclosure,D1_no_detected_evidence_or_insufficient_disclosure,source_specific_primary,
source_specific_primary,CAMP-151,UNI,mskcc_luad_tp53,D1_no_detected_evidence_or_insufficient_disclosure,D1_no_detected_evidence_or_insufficient_disclosure,source_specific_primary,
source_specific_primary,CAMP-152,UNI,mskcc_nsclc_io,D1_no_detected_evidence_or_insufficient_disclosure,D1_no_detected_evidence_or_insufficient_disclosure,source_specific_primary,
source_specific_primary,CAMP-153,UNI,suh_melanoma_braf,D1_no_detected_evidence_or_insufficient_disclosure,D1_no_detected_evidence_or_insufficient_disclosure,source_specific_primary,
source_specific_primary,CAMP-154,UNI,suh_melanoma_nras,D1_no_detected_evidence_or_insufficient_disclosure,D1_no_detected_evidence_or_insufficient_disclosure,source_specific_primary,
source_specific_primary,CAMP-155,Virchow,mshs_bca_er,D1_no_detected_evidence_or_insufficient_disclosure,D1_no_detected_evidence_or_insufficient_disclosure,source_specific_primary,
source_specific_primary,CAMP-156,Virchow,mshs_bca_her2,D1_no_detected_evidence_or_insufficient_disclosure,D1_no_detected_evidence_or_insufficient_disclosure,source_specific_primary,
source_specific_primary,CAMP-157,Virchow,mshs_bca_pr,D1_no_detected_evidence_or_insufficient_disclosure,D1_no_detected_evidence_or_insufficient_disclosure,source_specific_primary,
source_specific_primary,CAMP-158,Virchow,mshs_biome_hrd,D1_no_detected_evidence_or_insufficient_disclosure,D1_no_detected_evidence_or_insufficient_disclosure,source_specific_primary,
source_specific_primary,CAMP-159,Virchow,mshs_bladder,D1_no_detected_evidence_or_insufficient_disclosure,D1_no_detected_evidence_or_insufficient_disclosure,source_specific_primary,
source_specific_primary,CAMP-160,Virchow,mshs_breast,D1_no_detected_evidence_or_insufficient_disclosure,D1_no_detected_evidence_or_insufficient_disclosure,source_specific_primary,
source_specific_primary,CAMP-161,Virchow,mshs_colorectal,D1_no_detected_evidence_or_insufficient_disclosure,D1_no_detected_evidence_or_insufficient_disclosure,source_specific_primary,
source_specific_primary,CAMP-162,Virchow,mshs_dcis,D1_no_detected_evidence_or_insufficient_disclosure,D1_no_detected_evidence_or_insufficient_disclosure,source_specific_primary,
source_specific_primary,CAMP-163,Virchow,mshs_ibd,D1_no_detected_evidence_or_insufficient_disclosure,D1_no_detected_evidence_or_insufficient_disclosure,source_specific_primary,
source_specific_primary,CAMP-164,Virchow,mshs_kidney,D1_no_detected_evidence_or_insufficient_disclosure,D1_no_detected_evidence_or_insufficient_disclosure,source_specific_primary,
source_specific_primary,CAMP-165,Virchow,mshs_luad_egfr,D1_no_detected_evidence_or_insufficient_disclosure,D1_no_detected_evidence_or_insufficient_disclosure,source_specific_primary,
source_specific_primary,CAMP-166,Virchow,mshs_oral,D1_no_detected_evidence_or_insufficient_disclosure,D1_no_detected_evidence_or_insufficient_disclosure,source_specific_primary,
source_specific_primary,CAMP-167,Virchow,mshs_prostate,D1_no_detected_evidence_or_insufficient_disclosure,D1_no_detected_evidence_or_insufficient_disclosure,source_specific_primary,
source_specific_primary,CAMP-168,Virchow,mshs_thyroid,D1_no_detected_evidence_or_insufficient_disclosure,D1_no_detected_evidence_or_insufficient_disclosure,source_specific_primary,
source_specific_primary,CAMP-169,Virchow,mskcc_luad_alk,D1_no_detected_evidence_or_insufficient_disclosure,D1_no_detected_evidence_or_insufficient_disclosure,source_specific_primary,overlap_cannot_be_excluded
source_specific_primary,CAMP-170,Virchow,mskcc_luad_egfr,D1_no_detected_evidence_or_insufficient_disclosure,D1_no_detected_evidence_or_insufficient_disclosure,source_specific_primary,overlap_cannot_be_excluded
source_specific_primary,CAMP-171,Virchow,mskcc_luad_kras,D1_no_detected_evidence_or_insufficient_disclosure,D1_no_detected_evidence_or_insufficient_disclosure,source_specific_primary,overlap_cannot_be_excluded
source_specific_primary,CAMP-172,Virchow,mskcc_luad_stk11,D1_no_detected_evidence_or_insufficient_disclosure,D1_no_detected_evidence_or_insufficient_disclosure,source_specific_primary,overlap_cannot_be_excluded
source_specific_primary,CAMP-173,Virchow,mskcc_luad_tp53,D1_no_detected_evidence_or_insufficient_disclosure,D1_no_detected_evidence_or_insufficient_disclosure,source_specific_primary,overlap_cannot_be_excluded
source_specific_primary,CAMP-174,Virchow,mskcc_nsclc_io,D1_no_detected_evidence_or_insufficient_disclosure,D1_no_detected_evidence_or_insufficient_disclosure,source_specific_primary,overlap_cannot_be_excluded
source_specific_primary,CAMP-175,Virchow,suh_melanoma_braf,D1_no_detected_evidence_or_insufficient_disclosure,D1_no_detected_evidence_or_insufficient_disclosure,source_specific_primary,
source_specific_primary,CAMP-176,Virchow,suh_melanoma_nras,D1_no_detected_evidence_or_insufficient_disclosure,D1_no_detected_evidence_or_insufficient_disclosure,source_specific_primary,
source_specific_primary,CAMP-177,Virchow2,mshs_bca_er,D1_no_detected_evidence_or_insufficient_disclosure,D1_no_detected_evidence_or_insufficient_disclosure,source_specific_primary,
source_specific_primary,CAMP-178,Virchow2,mshs_bca_her2,D1_no_detected_evidence_or_insufficient_disclosure,D1_no_detected_evidence_or_insufficient_disclosure,source_specific_primary,
source_specific_primary,CAMP-179,Virchow2,mshs_bca_pr,D1_no_detected_evidence_or_insufficient_disclosure,D1_no_detected_evidence_or_insufficient_disclosure,source_specific_primary,
source_specific_primary,CAMP-180,Virchow2,mshs_biome_hrd,D1_no_detected_evidence_or_insufficient_disclosure,D1_no_detected_evidence_or_insufficient_disclosure,source_specific_primary,
source_specific_primary,CAMP-181,Virchow2,mshs_bladder,D1_no_detected_evidence_or_insufficient_disclosure,D1_no_detected_evidence_or_insufficient_disclosure,source_specific_primary,
source_specific_primary,CAMP-182,Virchow2,mshs_breast,D1_no_detected_evidence_or_insufficient_disclosure,D1_no_detected_evidence_or_insufficient_disclosure,source_specific_primary,
source_specific_primary,CAMP-183,Virchow2,mshs_colorectal,D1_no_detected_evidence_or_insufficient_disclosure,D1_no_detected_evidence_or_insufficient_disclosure,source_specific_primary,
source_specific_primary,CAMP-184,Virchow2,mshs_dcis,D1_no_detected_evidence_or_insufficient_disclosure,D1_no_detected_evidence_or_insufficient_disclosure,source_specific_primary,
source_specific_primary,CAMP-185,Virchow2,mshs_ibd,D1_no_detected_evidence_or_insufficient_disclosure,D1_no_detected_evidence_or_insufficient_disclosure,source_specific_primary,
source_specific_primary,CAMP-186,Virchow2,mshs_kidney,D1_no_detected_evidence_or_insufficient_disclosure,D1_no_detected_evidence_or_insufficient_disclosure,source_specific_primary,
source_specific_primary,CAMP-187,Virchow2,mshs_luad_egfr,D1_no_detected_evidence_or_insufficient_disclosure,D1_no_detected_evidence_or_insufficient_disclosure,source_specific_primary,
source_specific_primary,CAMP-188,Virchow2,mshs_oral,D1_no_detected_evidence_or_insufficient_disclosure,D1_no_detected_evidence_or_insufficient_disclosure,source_specific_primary,
source_specific_primary,CAMP-189,Virchow2,mshs_prostate,D1_no_detected_evidence_or_insufficient_disclosure,D1_no_detected_evidence_or_insufficient_disclosure,source_specific_primary,
source_specific_primary,CAMP-190,Virchow2,mshs_thyroid,D1_no_detected_evidence_or_insufficient_disclosure,D1_no_detected_evidence_or_insufficient_disclosure,source_specific_primary,
source_specific_primary,CAMP-191,Virchow2,mskcc_luad_alk,D1_no_detected_evidence_or_insufficient_disclosure,D1_no_detected_evidence_or_insufficient_disclosure,source_specific_primary,overlap_cannot_be_excluded
source_specific_primary,CAMP-192,Virchow2,mskcc_luad_egfr,D1_no_detected_evidence_or_insufficient_disclosure,D1_no_detected_evidence_or_insufficient_disclosure,source_specific_primary,overlap_cannot_be_excluded
source_specific_primary,CAMP-193,Virchow2,mskcc_luad_kras,D1_no_detected_evidence_or_insufficient_disclosure,D1_no_detected_evidence_or_insufficient_disclosure,source_specific_primary,overlap_cannot_be_excluded
source_specific_primary,CAMP-194,Virchow2,mskcc_luad_stk11,D1_no_detected_evidence_or_insufficient_disclosure,D1_no_detected_evidence_or_insufficient_disclosure,source_specific_primary,overlap_cannot_be_excluded
source_specific_primary,CAMP-195,Virchow2,mskcc_luad_tp53,D1_no_detected_evidence_or_insufficient_disclosure,D1_no_detected_evidence_or_insufficient_disclosure,source_specific_primary,overlap_cannot_be_excluded
source_specific_primary,CAMP-196,Virchow2,mskcc_nsclc_io,D1_no_detected_evidence_or_insufficient_disclosure,D1_no_detected_evidence_or_insufficient_disclosure,source_specific_primary,overlap_cannot_be_excluded
source_specific_primary,CAMP-197,Virchow2,suh_melanoma_braf,D1_no_detected_evidence_or_insufficient_disclosure,D1_no_detected_evidence_or_insufficient_disclosure,source_specific_primary,
source_specific_primary,CAMP-198,Virchow2,suh_melanoma_nras,D1_no_detected_evidence_or_insufficient_disclosure,D1_no_detected_evidence_or_insufficient_disclosure,source_specific_primary,
source_specific_primary,CAMP-199,h-optimus-0,mshs_bca_er,D1_no_detected_evidence_or_insufficient_disclosure,D1_no_detected_evidence_or_insufficient_disclosure,source_specific_primary,
source_specific_primary,CAMP-200,h-optimus-0,mshs_bca_her2,D1_no_detected_evidence_or_insufficient_disclosure,D1_no_detected_evidence_or_insufficient_disclosure,source_specific_primary,
source_specific_primary,CAMP-201,h-optimus-0,mshs_bca_pr,D1_no_detected_evidence_or_insufficient_disclosure,D1_no_detected_evidence_or_insufficient_disclosure,source_specific_primary,
source_specific_primary,CAMP-202,h-optimus-0,mshs_biome_hrd,D1_no_detected_evidence_or_insufficient_disclosure,D1_no_detected_evidence_or_insufficient_disclosure,source_specific_primary,
source_specific_primary,CAMP-203,h-optimus-0,mshs_bladder,D1_no_detected_evidence_or_insufficient_disclosure,D1_no_detected_evidence_or_insufficient_disclosure,source_specific_primary,
source_specific_primary,CAMP-204,h-optimus-0,mshs_breast,D1_no_detected_evidence_or_insufficient_disclosure,D1_no_detected_evidence_or_insufficient_disclosure,source_specific_primary,
source_specific_primary,CAMP-205,h-optimus-0,mshs_colorectal,D1_no_detected_evidence_or_insufficient_disclosure,D1_no_detected_evidence_or_insufficient_disclosure,source_specific_primary,
source_specific_primary,CAMP-206,h-optimus-0,mshs_dcis,D1_no_detected_evidence_or_insufficient_disclosure,D1_no_detected_evidence_or_insufficient_disclosure,source_specific_primary,
source_specific_primary,CAMP-207,h-optimus-0,mshs_ibd,D1_no_detected_evidence_or_insufficient_disclosure,D1_no_detected_evidence_or_insufficient_disclosure,source_specific_primary,
source_specific_primary,CAMP-208,h-optimus-0,mshs_kidney,D1_no_detected_evidence_or_insufficient_disclosure,D1_no_detected_evidence_or_insufficient_disclosure,source_specific_primary,
source_specific_primary,CAMP-209,h-optimus-0,mshs_luad_egfr,D1_no_detected_evidence_or_insufficient_disclosure,D1_no_detected_evidence_or_insufficient_disclosure,source_specific_primary,
source_specific_primary,CAMP-210,h-optimus-0,mshs_oral,D1_no_detected_evidence_or_insufficient_disclosure,D1_no_detected_evidence_or_insufficient_disclosure,source_specific_primary,
source_specific_primary,CAMP-211,h-optimus-0,mshs_prostate,D1_no_detected_evidence_or_insufficient_disclosure,D1_no_detected_evidence_or_insufficient_disclosure,source_specific_primary,
source_specific_primary,CAMP-212,h-optimus-0,mshs_thyroid,D1_no_detected_evidence_or_insufficient_disclosure,D1_no_detected_evidence_or_insufficient_disclosure,source_specific_primary,
source_specific_primary,CAMP-213,h-optimus-0,mskcc_luad_alk,D1_no_detected_evidence_or_insufficient_disclosure,D1_no_detected_evidence_or_insufficient_disclosure,source_specific_primary,
source_specific_primary,CAMP-214,h-optimus-0,mskcc_luad_egfr,D1_no_detected_evidence_or_insufficient_disclosure,D1_no_detected_evidence_or_insufficient_disclosure,source_specific_primary,
source_specific_primary,CAMP-215,h-optimus-0,mskcc_luad_kras,D1_no_detected_evidence_or_insufficient_disclosure,D1_no_detected_evidence_or_insufficient_disclosure,source_specific_primary,
source_specific_primary,CAMP-216,h-optimus-0,mskcc_luad_stk11,D1_no_detected_evidence_or_insufficient_disclosure,D1_no_detected_evidence_or_insufficient_disclosure,source_specific_primary,
source_specific_primary,CAMP-217,h-optimus-0,mskcc_luad_tp53,D1_no_detected_evidence_or_insufficient_disclosure,D1_no_detected_evidence_or_insufficient_disclosure,source_specific_primary,
source_specific_primary,CAMP-218,h-optimus-0,mskcc_nsclc_io,D1_no_detected_evidence_or_insufficient_disclosure,D1_no_detected_evidence_or_insufficient_disclosure,source_specific_primary,
source_specific_primary,CAMP-219,h-optimus-0,suh_melanoma_braf,D1_no_detected_evidence_or_insufficient_disclosure,D1_no_detected_evidence_or_insufficient_disclosure,source_specific_primary,
source_specific_primary,CAMP-220,h-optimus-0,suh_melanoma_nras,D1_no_detected_evidence_or_insufficient_disclosure,D1_no_detected_evidence_or_insufficient_disclosure,source_specific_primary,
source_specific_primary,CAMP-221,tRes50,mshs_bca_er,D1_no_detected_evidence_or_insufficient_disclosure,D1_no_detected_evidence_or_insufficient_disclosure,source_specific_primary,
source_specific_primary,CAMP-222,tRes50,mshs_bca_her2,D1_no_detected_evidence_or_insufficient_disclosure,D1_no_detected_evidence_or_insufficient_disclosure,source_specific_primary,
source_specific_primary,CAMP-223,tRes50,mshs_bca_pr,D1_no_detected_evidence_or_insufficient_disclosure,D1_no_detected_evidence_or_insufficient_disclosure,source_specific_primary,
source_specific_primary,CAMP-224,tRes50,mshs_biome_hrd,D1_no_detected_evidence_or_insufficient_disclosure,D1_no_detected_evidence_or_insufficient_disclosure,source_specific_primary,
source_specific_primary,CAMP-225,tRes50,mshs_bladder,D1_no_detected_evidence_or_insufficient_disclosure,D1_no_detected_evidence_or_insufficient_disclosure,source_specific_primary,
source_specific_primary,CAMP-226,tRes50,mshs_breast,D1_no_detected_evidence_or_insufficient_disclosure,D1_no_detected_evidence_or_insufficient_disclosure,source_specific_primary,
source_specific_primary,CAMP-227,tRes50,mshs_colorectal,D1_no_detected_evidence_or_insufficient_disclosure,D1_no_detected_evidence_or_insufficient_disclosure,source_specific_primary,
source_specific_primary,CAMP-228,tRes50,mshs_dcis,D1_no_detected_evidence_or_insufficient_disclosure,D1_no_detected_evidence_or_insufficient_disclosure,source_specific_primary,
source_specific_primary,CAMP-229,tRes50,mshs_ibd,D1_no_detected_evidence_or_insufficient_disclosure,D1_no_detected_evidence_or_insufficient_disclosure,source_specific_primary,
source_specific_primary,CAMP-230,tRes50,mshs_kidney,D1_no_detected_evidence_or_insufficient_disclosure,D1_no_detected_evidence_or_insufficient_disclosure,source_specific_primary,
source_specific_primary,CAMP-231,tRes50,mshs_luad_egfr,D1_no_detected_evidence_or_insufficient_disclosure,D1_no_detected_evidence_or_insufficient_disclosure,source_specific_primary,
source_specific_primary,CAMP-232,tRes50,mshs_oral,D1_no_detected_evidence_or_insufficient_disclosure,D1_no_detected_evidence_or_insufficient_disclosure,source_specific_primary,
source_specific_primary,CAMP-233,tRes50,mshs_prostate,D1_no_detected_evidence_or_insufficient_disclosure,D1_no_detected_evidence_or_insufficient_disclosure,source_specific_primary,
source_specific_primary,CAMP-234,tRes50,mshs_thyroid,D1_no_detected_evidence_or_insufficient_disclosure,D1_no_detected_evidence_or_insufficient_disclosure,source_specific_primary,
source_specific_primary,CAMP-235,tRes50,mskcc_luad_alk,D1_no_detected_evidence_or_insufficient_disclosure,D1_no_detected_evidence_or_insufficient_disclosure,source_specific_primary,
source_specific_primary,CAMP-236,tRes50,mskcc_luad_egfr,D1_no_detected_evidence_or_insufficient_disclosure,D1_no_detected_evidence_or_insufficient_disclosure,source_specific_primary,
source_specific_primary,CAMP-237,tRes50,mskcc_luad_kras,D1_no_detected_evidence_or_insufficient_disclosure,D1_no_detected_evidence_or_insufficient_disclosure,source_specific_primary,
source_specific_primary,CAMP-238,tRes50,mskcc_luad_stk11,D1_no_detected_evidence_or_insufficient_disclosure,D1_no_detected_evidence_or_insufficient_disclosure,source_specific_primary,
source_specific_primary,CAMP-239,tRes50,mskcc_luad_tp53,D1_no_detected_evidence_or_insufficient_disclosure,D1_no_detected_evidence_or_insufficient_disclosure,source_specific_primary,
source_specific_primary,CAMP-240,tRes50,mskcc_nsclc_io,D1_no_detected_evidence_or_insufficient_disclosure,D1_no_detected_evidence_or_insufficient_disclosure,source_specific_primary,
source_specific_primary,CAMP-241,tRes50,suh_melanoma_braf,D1_no_detected_evidence_or_insufficient_disclosure,D1_no_detected_evidence_or_insufficient_disclosure,source_specific_primary,
source_specific_primary,CAMP-242,tRes50,suh_melanoma_nras,D1_no_detected_evidence_or_insufficient_disclosure,D1_no_detected_evidence_or_insufficient_disclosure,source_specific_primary,
blanket_six_foundation_models,CAMP-001,CTransPath,mshs_bca_er,D1_no_detected_evidence_or_insufficient_disclosure,D0_documented_disjoint,broad_nonoverlap_statement,
blanket_six_foundation_models,CAMP-002,CTransPath,mshs_bca_her2,D1_no_detected_evidence_or_insufficient_disclosure,D0_documented_disjoint,broad_nonoverlap_statement,
blanket_six_foundation_models,CAMP-003,CTransPath,mshs_bca_pr,D1_no_detected_evidence_or_insufficient_disclosure,D0_documented_disjoint,broad_nonoverlap_statement,
blanket_six_foundation_models,CAMP-004,CTransPath,mshs_biome_hrd,D1_no_detected_evidence_or_insufficient_disclosure,D0_documented_disjoint,broad_nonoverlap_statement,
blanket_six_foundation_models,CAMP-005,CTransPath,mshs_bladder,D1_no_detected_evidence_or_insufficient_disclosure,D0_documented_disjoint,broad_nonoverlap_statement,
blanket_six_foundation_models,CAMP-006,CTransPath,mshs_breast,D1_no_detected_evidence_or_insufficient_disclosure,D0_documented_disjoint,broad_nonoverlap_statement,
blanket_six_foundation_models,CAMP-007,CTransPath,mshs_colorectal,D1_no_detected_evidence_or_insufficient_disclosure,D0_documented_disjoint,broad_nonoverlap_statement,
blanket_six_foundation_models,CAMP-008,CTransPath,mshs_dcis,D1_no_detected_evidence_or_insufficient_disclosure,D0_documented_disjoint,broad_nonoverlap_statement,
blanket_six_foundation_models,CAMP-009,CTransPath,mshs_ibd,D1_no_detected_evidence_or_insufficient_disclosure,D0_documented_disjoint,broad_nonoverlap_statement,
blanket_six_foundation_models,CAMP-010,CTransPath,mshs_kidney,D1_no_detected_evidence_or_insufficient_disclosure,D0_documented_disjoint,broad_nonoverlap_statement,
blanket_six_foundation_models,CAMP-011,CTransPath,mshs_luad_egfr,D1_no_detected_evidence_or_insufficient_disclosure,D0_documented_disjoint,broad_nonoverlap_statement,
blanket_six_foundation_models,CAMP-012,CTransPath,mshs_oral,D1_no_detected_evidence_or_insufficient_disclosure,D0_documented_disjoint,broad_nonoverlap_statement,
blanket_six_foundation_models,CAMP-013,CTransPath,mshs_prostate,D1_no_detected_evidence_or_insufficient_disclosure,D0_documented_disjoint,broad_nonoverlap_statement,
blanket_six_foundation_models,CAMP-014,CTransPath,mshs_thyroid,D1_no_detected_evidence_or_insufficient_disclosure,D0_documented_disjoint,broad_nonoverlap_statement,
blanket_six_foundation_models,CAMP-015,CTransPath,mskcc_luad_alk,D1_no_detected_evidence_or_insufficient_disclosure,D0_documented_disjoint,broad_nonoverlap_statement,
blanket_six_foundation_models,CAMP-016,CTransPath,mskcc_luad_egfr,D1_no_detected_evidence_or_insufficient_disclosure,D0_documented_disjoint,broad_nonoverlap_statement,
blanket_six_foundation_models,CAMP-017,CTransPath,mskcc_luad_kras,D1_no_detected_evidence_or_insufficient_disclosure,D0_documented_disjoint,broad_nonoverlap_statement,
blanket_six_foundation_models,CAMP-018,CTransPath,mskcc_luad_stk11,D1_no_detected_evidence_or_insufficient_disclosure,D0_documented_disjoint,broad_nonoverlap_statement,
blanket_six_foundation_models,CAMP-019,CTransPath,mskcc_luad_tp53,D1_no_detected_evidence_or_insufficient_disclosure,D0_documented_disjoint,broad_nonoverlap_statement,
blanket_six_foundation_models,CAMP-020,CTransPath,mskcc_nsclc_io,D1_no_detected_evidence_or_insufficient_disclosure,D0_documented_disjoint,broad_nonoverlap_statement,
blanket_six_foundation_models,CAMP-021,CTransPath,suh_melanoma_braf,D1_no_detected_evidence_or_insufficient_disclosure,D0_documented_disjoint,broad_nonoverlap_statement,
blanket_six_foundation_models,CAMP-022,CTransPath,suh_melanoma_nras,D1_no_detected_evidence_or_insufficient_disclosure,D0_documented_disjoint,broad_nonoverlap_statement,
blanket_six_foundation_models,CAMP-023,Phikon,mshs_bca_er,D1_no_detected_evidence_or_insufficient_disclosure,D0_documented_disjoint,broad_nonoverlap_statement,
blanket_six_foundation_models,CAMP-024,Phikon,mshs_bca_her2,D1_no_detected_evidence_or_insufficient_disclosure,D0_documented_disjoint,broad_nonoverlap_statement,
blanket_six_foundation_models,CAMP-025,Phikon,mshs_bca_pr,D1_no_detected_evidence_or_insufficient_disclosure,D0_documented_disjoint,broad_nonoverlap_statement,
blanket_six_foundation_models,CAMP-026,Phikon,mshs_biome_hrd,D1_no_detected_evidence_or_insufficient_disclosure,D0_documented_disjoint,broad_nonoverlap_statement,
blanket_six_foundation_models,CAMP-027,Phikon,mshs_bladder,D1_no_detected_evidence_or_insufficient_disclosure,D0_documented_disjoint,broad_nonoverlap_statement,
blanket_six_foundation_models,CAMP-028,Phikon,mshs_breast,D1_no_detected_evidence_or_insufficient_disclosure,D0_documented_disjoint,broad_nonoverlap_statement,
blanket_six_foundation_models,CAMP-029,Phikon,mshs_colorectal,D1_no_detected_evidence_or_insufficient_disclosure,D0_documented_disjoint,broad_nonoverlap_statement,
blanket_six_foundation_models,CAMP-030,Phikon,mshs_dcis,D1_no_detected_evidence_or_insufficient_disclosure,D0_documented_disjoint,broad_nonoverlap_statement,
blanket_six_foundation_models,CAMP-031,Phikon,mshs_ibd,D1_no_detected_evidence_or_insufficient_disclosure,D0_documented_disjoint,broad_nonoverlap_statement,
blanket_six_foundation_models,CAMP-032,Phikon,mshs_kidney,D1_no_detected_evidence_or_insufficient_disclosure,D0_documented_disjoint,broad_nonoverlap_statement,
blanket_six_foundation_models,CAMP-033,Phikon,mshs_luad_egfr,D1_no_detected_evidence_or_insufficient_disclosure,D0_documented_disjoint,broad_nonoverlap_statement,
blanket_six_foundation_models,CAMP-034,Phikon,mshs_oral,D1_no_detected_evidence_or_insufficient_disclosure,D0_documented_disjoint,broad_nonoverlap_statement,
blanket_six_foundation_models,CAMP-035,Phikon,mshs_prostate,D1_no_detected_evidence_or_insufficient_disclosure,D0_documented_disjoint,broad_nonoverlap_statement,
blanket_six_foundation_models,CAMP-036,Phikon,mshs_thyroid,D1_no_detected_evidence_or_insufficient_disclosure,D0_documented_disjoint,broad_nonoverlap_statement,
blanket_six_foundation_models,CAMP-037,Phikon,mskcc_luad_alk,D1_no_detected_evidence_or_insufficient_disclosure,D0_documented_disjoint,broad_nonoverlap_statement,
blanket_six_foundation_models,CAMP-038,Phikon,mskcc_luad_egfr,D1_no_detected_evidence_or_insufficient_disclosure,D0_documented_disjoint,broad_nonoverlap_statement,
blanket_six_foundation_models,CAMP-039,Phikon,mskcc_luad_kras,D1_no_detected_evidence_or_insufficient_disclosure,D0_documented_disjoint,broad_nonoverlap_statement,
blanket_six_foundation_models,CAMP-040,Phikon,mskcc_luad_stk11,D1_no_detected_evidence_or_insufficient_disclosure,D0_documented_disjoint,broad_nonoverlap_statement,
blanket_six_foundation_models,CAMP-041,Phikon,mskcc_luad_tp53,D1_no_detected_evidence_or_insufficient_disclosure,D0_documented_disjoint,broad_nonoverlap_statement,
blanket_six_foundation_models,CAMP-042,Phikon,mskcc_nsclc_io,D1_no_detected_evidence_or_insufficient_disclosure,D0_documented_disjoint,broad_nonoverlap_statement,
blanket_six_foundation_models,CAMP-043,Phikon,suh_melanoma_braf,D1_no_detected_evidence_or_insufficient_disclosure,D0_documented_disjoint,broad_nonoverlap_statement,
blanket_six_foundation_models,CAMP-044,Phikon,suh_melanoma_nras,D1_no_detected_evidence_or_insufficient_disclosure,D0_documented_disjoint,broad_nonoverlap_statement,
blanket_six_foundation_models,CAMP-045,Phikon-v2,mshs_bca_er,D1_no_detected_evidence_or_insufficient_disclosure,D0_documented_disjoint,broad_nonoverlap_statement,
blanket_six_foundation_models,CAMP-046,Phikon-v2,mshs_bca_her2,D1_no_detected_evidence_or_insufficient_disclosure,D0_documented_disjoint,broad_nonoverlap_statement,
blanket_six_foundation_models,CAMP-047,Phikon-v2,mshs_bca_pr,D1_no_detected_evidence_or_insufficient_disclosure,D0_documented_disjoint,broad_nonoverlap_statement,
blanket_six_foundation_models,CAMP-048,Phikon-v2,mshs_biome_hrd,D1_no_detected_evidence_or_insufficient_disclosure,D0_documented_disjoint,broad_nonoverlap_statement,
blanket_six_foundation_models,CAMP-049,Phikon-v2,mshs_bladder,D1_no_detected_evidence_or_insufficient_disclosure,D0_documented_disjoint,broad_nonoverlap_statement,
blanket_six_foundation_models,CAMP-050,Phikon-v2,mshs_breast,D1_no_detected_evidence_or_insufficient_disclosure,D0_documented_disjoint,broad_nonoverlap_statement,
blanket_six_foundation_models,CAMP-051,Phikon-v2,mshs_colorectal,D1_no_detected_evidence_or_insufficient_disclosure,D0_documented_disjoint,broad_nonoverlap_statement,
blanket_six_foundation_models,CAMP-052,Phikon-v2,mshs_dcis,D1_no_detected_evidence_or_insufficient_disclosure,D0_documented_disjoint,broad_nonoverlap_statement,
blanket_six_foundation_models,CAMP-053,Phikon-v2,mshs_ibd,D1_no_detected_evidence_or_insufficient_disclosure,D0_documented_disjoint,broad_nonoverlap_statement,
blanket_six_foundation_models,CAMP-054,Phikon-v2,mshs_kidney,D1_no_detected_evidence_or_insufficient_disclosure,D0_documented_disjoint,broad_nonoverlap_statement,
blanket_six_foundation_models,CAMP-055,Phikon-v2,mshs_luad_egfr,D1_no_detected_evidence_or_insufficient_disclosure,D0_documented_disjoint,broad_nonoverlap_statement,
blanket_six_foundation_models,CAMP-056,Phikon-v2,mshs_oral,D1_no_detected_evidence_or_insufficient_disclosure,D0_documented_disjoint,broad_nonoverlap_statement,
blanket_six_foundation_models,CAMP-057,Phikon-v2,mshs_prostate,D1_no_detected_evidence_or_insufficient_disclosure,D0_documented_disjoint,broad_nonoverlap_statement,
blanket_six_foundation_models,CAMP-058,Phikon-v2,mshs_thyroid,D1_no_detected_evidence_or_insufficient_disclosure,D0_documented_disjoint,broad_nonoverlap_statement,
blanket_six_foundation_models,CAMP-059,Phikon-v2,mskcc_luad_alk,D1_no_detected_evidence_or_insufficient_disclosure,D0_documented_disjoint,broad_nonoverlap_statement,
blanket_six_foundation_models,CAMP-060,Phikon-v2,mskcc_luad_egfr,D1_no_detected_evidence_or_insufficient_disclosure,D0_documented_disjoint,broad_nonoverlap_statement,
blanket_six_foundation_models,CAMP-061,Phikon-v2,mskcc_luad_kras,D1_no_detected_evidence_or_insufficient_disclosure,D0_documented_disjoint,broad_nonoverlap_statement,
blanket_six_foundation_models,CAMP-062,Phikon-v2,mskcc_luad_stk11,D1_no_detected_evidence_or_insufficient_disclosure,D0_documented_disjoint,broad_nonoverlap_statement,
blanket_six_foundation_models,CAMP-063,Phikon-v2,mskcc_luad_tp53,D1_no_detected_evidence_or_insufficient_disclosure,D0_documented_disjoint,broad_nonoverlap_statement,
blanket_six_foundation_models,CAMP-064,Phikon-v2,mskcc_nsclc_io,D1_no_detected_evidence_or_insufficient_disclosure,D0_documented_disjoint,broad_nonoverlap_statement,
blanket_six_foundation_models,CAMP-065,Phikon-v2,suh_melanoma_braf,D1_no_detected_evidence_or_insufficient_disclosure,D0_documented_disjoint,broad_nonoverlap_statement,
blanket_six_foundation_models,CAMP-066,Phikon-v2,suh_melanoma_nras,D1_no_detected_evidence_or_insufficient_disclosure,D0_documented_disjoint,broad_nonoverlap_statement,
blanket_six_foundation_models,CAMP-067,Prov-GigaPath,mshs_bca_er,D1_no_detected_evidence_or_insufficient_disclosure,D0_documented_disjoint,broad_nonoverlap_statement,
blanket_six_foundation_models,CAMP-068,Prov-GigaPath,mshs_bca_her2,D1_no_detected_evidence_or_insufficient_disclosure,D0_documented_disjoint,broad_nonoverlap_statement,
blanket_six_foundation_models,CAMP-069,Prov-GigaPath,mshs_bca_pr,D1_no_detected_evidence_or_insufficient_disclosure,D0_documented_disjoint,broad_nonoverlap_statement,
blanket_six_foundation_models,CAMP-070,Prov-GigaPath,mshs_biome_hrd,D1_no_detected_evidence_or_insufficient_disclosure,D0_documented_disjoint,broad_nonoverlap_statement,
blanket_six_foundation_models,CAMP-071,Prov-GigaPath,mshs_bladder,D1_no_detected_evidence_or_insufficient_disclosure,D0_documented_disjoint,broad_nonoverlap_statement,
blanket_six_foundation_models,CAMP-072,Prov-GigaPath,mshs_breast,D1_no_detected_evidence_or_insufficient_disclosure,D0_documented_disjoint,broad_nonoverlap_statement,
blanket_six_foundation_models,CAMP-073,Prov-GigaPath,mshs_colorectal,D1_no_detected_evidence_or_insufficient_disclosure,D0_documented_disjoint,broad_nonoverlap_statement,
blanket_six_foundation_models,CAMP-074,Prov-GigaPath,mshs_dcis,D1_no_detected_evidence_or_insufficient_disclosure,D0_documented_disjoint,broad_nonoverlap_statement,
blanket_six_foundation_models,CAMP-075,Prov-GigaPath,mshs_ibd,D1_no_detected_evidence_or_insufficient_disclosure,D0_documented_disjoint,broad_nonoverlap_statement,
blanket_six_foundation_models,CAMP-076,Prov-GigaPath,mshs_kidney,D1_no_detected_evidence_or_insufficient_disclosure,D0_documented_disjoint,broad_nonoverlap_statement,
blanket_six_foundation_models,CAMP-077,Prov-GigaPath,mshs_luad_egfr,D1_no_detected_evidence_or_insufficient_disclosure,D0_documented_disjoint,broad_nonoverlap_statement,
blanket_six_foundation_models,CAMP-078,Prov-GigaPath,mshs_oral,D1_no_detected_evidence_or_insufficient_disclosure,D0_documented_disjoint,broad_nonoverlap_statement,
blanket_six_foundation_models,CAMP-079,Prov-GigaPath,mshs_prostate,D1_no_detected_evidence_or_insufficient_disclosure,D0_documented_disjoint,broad_nonoverlap_statement,
blanket_six_foundation_models,CAMP-080,Prov-GigaPath,mshs_thyroid,D1_no_detected_evidence_or_insufficient_disclosure,D0_documented_disjoint,broad_nonoverlap_statement,
blanket_six_foundation_models,CAMP-081,Prov-GigaPath,mskcc_luad_alk,D1_no_detected_evidence_or_insufficient_disclosure,D0_documented_disjoint,broad_nonoverlap_statement,
blanket_six_foundation_models,CAMP-082,Prov-GigaPath,mskcc_luad_egfr,D1_no_detected_evidence_or_insufficient_disclosure,D0_documented_disjoint,broad_nonoverlap_statement,
blanket_six_foundation_models,CAMP-083,Prov-GigaPath,mskcc_luad_kras,D1_no_detected_evidence_or_insufficient_disclosure,D0_documented_disjoint,broad_nonoverlap_statement,
blanket_six_foundation_models,CAMP-084,Prov-GigaPath,mskcc_luad_stk11,D1_no_detected_evidence_or_insufficient_disclosure,D0_documented_disjoint,broad_nonoverlap_statement,
blanket_six_foundation_models,CAMP-085,Prov-GigaPath,mskcc_luad_tp53,D1_no_detected_evidence_or_insufficient_disclosure,D0_documented_disjoint,broad_nonoverlap_statement,
blanket_six_foundation_models,CAMP-086,Prov-GigaPath,mskcc_nsclc_io,D1_no_detected_evidence_or_insufficient_disclosure,D0_documented_disjoint,broad_nonoverlap_statement,
blanket_six_foundation_models,CAMP-087,Prov-GigaPath,suh_melanoma_braf,D1_no_detected_evidence_or_insufficient_disclosure,D0_documented_disjoint,broad_nonoverlap_statement,
blanket_six_foundation_models,CAMP-088,Prov-GigaPath,suh_melanoma_nras,D1_no_detected_evidence_or_insufficient_disclosure,D0_documented_disjoint,broad_nonoverlap_statement,
blanket_six_foundation_models,CAMP-089,SP22M,mshs_bca_er,D0_documented_disjoint,D0_documented_disjoint,source_specific_primary,
blanket_six_foundation_models,CAMP-090,SP22M,mshs_bca_her2,D0_documented_disjoint,D0_documented_disjoint,source_specific_primary,
blanket_six_foundation_models,CAMP-091,SP22M,mshs_bca_pr,D0_documented_disjoint,D0_documented_disjoint,source_specific_primary,
blanket_six_foundation_models,CAMP-092,SP22M,mshs_biome_hrd,D0_documented_disjoint,D0_documented_disjoint,source_specific_primary,
blanket_six_foundation_models,CAMP-093,SP22M,mshs_bladder,D0_documented_disjoint,D0_documented_disjoint,source_specific_primary,
blanket_six_foundation_models,CAMP-094,SP22M,mshs_breast,D0_documented_disjoint,D0_documented_disjoint,source_specific_primary,
blanket_six_foundation_models,CAMP-095,SP22M,mshs_colorectal,D0_documented_disjoint,D0_documented_disjoint,source_specific_primary,
blanket_six_foundation_models,CAMP-096,SP22M,mshs_dcis,D0_documented_disjoint,D0_documented_disjoint,source_specific_primary,
blanket_six_foundation_models,CAMP-097,SP22M,mshs_ibd,D0_documented_disjoint,D0_documented_disjoint,source_specific_primary,
blanket_six_foundation_models,CAMP-098,SP22M,mshs_kidney,D0_documented_disjoint,D0_documented_disjoint,source_specific_primary,
blanket_six_foundation_models,CAMP-099,SP22M,mshs_luad_egfr,D0_documented_disjoint,D0_documented_disjoint,source_specific_primary,
blanket_six_foundation_models,CAMP-100,SP22M,mshs_oral,D0_documented_disjoint,D0_documented_disjoint,source_specific_primary,
blanket_six_foundation_models,CAMP-101,SP22M,mshs_prostate,D0_documented_disjoint,D0_documented_disjoint,source_specific_primary,
blanket_six_foundation_models,CAMP-102,SP22M,mshs_thyroid,D0_documented_disjoint,D0_documented_disjoint,source_specific_primary,
blanket_six_foundation_models,CAMP-103,SP22M,mskcc_luad_alk,D0_documented_disjoint,D0_documented_disjoint,source_specific_primary,
blanket_six_foundation_models,CAMP-104,SP22M,mskcc_luad_egfr,D0_documented_disjoint,D0_documented_disjoint,source_specific_primary,
blanket_six_foundation_models,CAMP-105,SP22M,mskcc_luad_kras,D0_documented_disjoint,D0_documented_disjoint,source_specific_primary,
blanket_six_foundation_models,CAMP-106,SP22M,mskcc_luad_stk11,D0_documented_disjoint,D0_documented_disjoint,source_specific_primary,
blanket_six_foundation_models,CAMP-107,SP22M,mskcc_luad_tp53,D0_documented_disjoint,D0_documented_disjoint,source_specific_primary,
blanket_six_foundation_models,CAMP-108,SP22M,mskcc_nsclc_io,D0_documented_disjoint,D0_documented_disjoint,source_specific_primary,
blanket_six_foundation_models,CAMP-109,SP22M,suh_melanoma_braf,D0_documented_disjoint,D0_documented_disjoint,source_specific_primary,
blanket_six_foundation_models,CAMP-110,SP22M,suh_melanoma_nras,D0_documented_disjoint,D0_documented_disjoint,source_specific_primary,
blanket_six_foundation_models,CAMP-111,SP85M,mshs_bca_er,D0_documented_disjoint,D0_documented_disjoint,source_specific_primary,
blanket_six_foundation_models,CAMP-112,SP85M,mshs_bca_her2,D0_documented_disjoint,D0_documented_disjoint,source_specific_primary,
blanket_six_foundation_models,CAMP-113,SP85M,mshs_bca_pr,D0_documented_disjoint,D0_documented_disjoint,source_specific_primary,
blanket_six_foundation_models,CAMP-114,SP85M,mshs_biome_hrd,D0_documented_disjoint,D0_documented_disjoint,source_specific_primary,
blanket_six_foundation_models,CAMP-115,SP85M,mshs_bladder,D0_documented_disjoint,D0_documented_disjoint,source_specific_primary,
blanket_six_foundation_models,CAMP-116,SP85M,mshs_breast,D0_documented_disjoint,D0_documented_disjoint,source_specific_primary,
blanket_six_foundation_models,CAMP-117,SP85M,mshs_colorectal,D0_documented_disjoint,D0_documented_disjoint,source_specific_primary,
blanket_six_foundation_models,CAMP-118,SP85M,mshs_dcis,D0_documented_disjoint,D0_documented_disjoint,source_specific_primary,
blanket_six_foundation_models,CAMP-119,SP85M,mshs_ibd,D0_documented_disjoint,D0_documented_disjoint,source_specific_primary,
blanket_six_foundation_models,CAMP-120,SP85M,mshs_kidney,D0_documented_disjoint,D0_documented_disjoint,source_specific_primary,
blanket_six_foundation_models,CAMP-121,SP85M,mshs_luad_egfr,D0_documented_disjoint,D0_documented_disjoint,source_specific_primary,
blanket_six_foundation_models,CAMP-122,SP85M,mshs_oral,D0_documented_disjoint,D0_documented_disjoint,source_specific_primary,
blanket_six_foundation_models,CAMP-123,SP85M,mshs_prostate,D0_documented_disjoint,D0_documented_disjoint,source_specific_primary,
blanket_six_foundation_models,CAMP-124,SP85M,mshs_thyroid,D0_documented_disjoint,D0_documented_disjoint,source_specific_primary,
blanket_six_foundation_models,CAMP-125,SP85M,mskcc_luad_alk,D0_documented_disjoint,D0_documented_disjoint,source_specific_primary,
blanket_six_foundation_models,CAMP-126,SP85M,mskcc_luad_egfr,D0_documented_disjoint,D0_documented_disjoint,source_specific_primary,
blanket_six_foundation_models,CAMP-127,SP85M,mskcc_luad_kras,D0_documented_disjoint,D0_documented_disjoint,source_specific_primary,
blanket_six_foundation_models,CAMP-128,SP85M,mskcc_luad_stk11,D0_documented_disjoint,D0_documented_disjoint,source_specific_primary,
blanket_six_foundation_models,CAMP-129,SP85M,mskcc_luad_tp53,D0_documented_disjoint,D0_documented_disjoint,source_specific_primary,
blanket_six_foundation_models,CAMP-130,SP85M,mskcc_nsclc_io,D0_documented_disjoint,D0_documented_disjoint,source_specific_primary,
blanket_six_foundation_models,CAMP-131,SP85M,suh_melanoma_braf,D0_documented_disjoint,D0_documented_disjoint,source_specific_primary,
blanket_six_foundation_models,CAMP-132,SP85M,suh_melanoma_nras,D0_documented_disjoint,D0_documented_disjoint,source_specific_primary,
blanket_six_foundation_models,CAMP-133,UNI,mshs_bca_er,D1_no_detected_evidence_or_insufficient_disclosure,D0_documented_disjoint,broad_nonoverlap_statement,
blanket_six_foundation_models,CAMP-134,UNI,mshs_bca_her2,D1_no_detected_evidence_or_insufficient_disclosure,D0_documented_disjoint,broad_nonoverlap_statement,
blanket_six_foundation_models,CAMP-135,UNI,mshs_bca_pr,D1_no_detected_evidence_or_insufficient_disclosure,D0_documented_disjoint,broad_nonoverlap_statement,
blanket_six_foundation_models,CAMP-136,UNI,mshs_biome_hrd,D1_no_detected_evidence_or_insufficient_disclosure,D0_documented_disjoint,broad_nonoverlap_statement,
blanket_six_foundation_models,CAMP-137,UNI,mshs_bladder,D1_no_detected_evidence_or_insufficient_disclosure,D0_documented_disjoint,broad_nonoverlap_statement,
blanket_six_foundation_models,CAMP-138,UNI,mshs_breast,D1_no_detected_evidence_or_insufficient_disclosure,D0_documented_disjoint,broad_nonoverlap_statement,
blanket_six_foundation_models,CAMP-139,UNI,mshs_colorectal,D1_no_detected_evidence_or_insufficient_disclosure,D0_documented_disjoint,broad_nonoverlap_statement,
blanket_six_foundation_models,CAMP-140,UNI,mshs_dcis,D1_no_detected_evidence_or_insufficient_disclosure,D0_documented_disjoint,broad_nonoverlap_statement,
blanket_six_foundation_models,CAMP-141,UNI,mshs_ibd,D1_no_detected_evidence_or_insufficient_disclosure,D0_documented_disjoint,broad_nonoverlap_statement,
blanket_six_foundation_models,CAMP-142,UNI,mshs_kidney,D1_no_detected_evidence_or_insufficient_disclosure,D0_documented_disjoint,broad_nonoverlap_statement,
blanket_six_foundation_models,CAMP-143,UNI,mshs_luad_egfr,D1_no_detected_evidence_or_insufficient_disclosure,D0_documented_disjoint,broad_nonoverlap_statement,
blanket_six_foundation_models,CAMP-144,UNI,mshs_oral,D1_no_detected_evidence_or_insufficient_disclosure,D0_documented_disjoint,broad_nonoverlap_statement,
blanket_six_foundation_models,CAMP-145,UNI,mshs_prostate,D1_no_detected_evidence_or_insufficient_disclosure,D0_documented_disjoint,broad_nonoverlap_statement,
blanket_six_foundation_models,CAMP-146,UNI,mshs_thyroid,D1_no_detected_evidence_or_insufficient_disclosure,D0_documented_disjoint,broad_nonoverlap_statement,
blanket_six_foundation_models,CAMP-147,UNI,mskcc_luad_alk,D1_no_detected_evidence_or_insufficient_disclosure,D0_documented_disjoint,broad_nonoverlap_statement,
blanket_six_foundation_models,CAMP-148,UNI,mskcc_luad_egfr,D1_no_detected_evidence_or_insufficient_disclosure,D0_documented_disjoint,broad_nonoverlap_statement,
blanket_six_foundation_models,CAMP-149,UNI,mskcc_luad_kras,D1_no_detected_evidence_or_insufficient_disclosure,D0_documented_disjoint,broad_nonoverlap_statement,
blanket_six_foundation_models,CAMP-150,UNI,mskcc_luad_stk11,D1_no_detected_evidence_or_insufficient_disclosure,D0_documented_disjoint,broad_nonoverlap_statement,
blanket_six_foundation_models,CAMP-151,UNI,mskcc_luad_tp53,D1_no_detected_evidence_or_insufficient_disclosure,D0_documented_disjoint,broad_nonoverlap_statement,
blanket_six_foundation_models,CAMP-152,UNI,mskcc_nsclc_io,D1_no_detected_evidence_or_insufficient_disclosure,D0_documented_disjoint,broad_nonoverlap_statement,
blanket_six_foundation_models,CAMP-153,UNI,suh_melanoma_braf,D1_no_detected_evidence_or_insufficient_disclosure,D0_documented_disjoint,broad_nonoverlap_statement,
blanket_six_foundation_models,CAMP-154,UNI,suh_melanoma_nras,D1_no_detected_evidence_or_insufficient_disclosure,D0_documented_disjoint,broad_nonoverlap_statement,
blanket_six_foundation_models,CAMP-155,Virchow,mshs_bca_er,D1_no_detected_evidence_or_insufficient_disclosure,D1_no_detected_evidence_or_insufficient_disclosure,source_specific_primary,
blanket_six_foundation_models,CAMP-156,Virchow,mshs_bca_her2,D1_no_detected_evidence_or_insufficient_disclosure,D1_no_detected_evidence_or_insufficient_disclosure,source_specific_primary,
blanket_six_foundation_models,CAMP-157,Virchow,mshs_bca_pr,D1_no_detected_evidence_or_insufficient_disclosure,D1_no_detected_evidence_or_insufficient_disclosure,source_specific_primary,
blanket_six_foundation_models,CAMP-158,Virchow,mshs_biome_hrd,D1_no_detected_evidence_or_insufficient_disclosure,D1_no_detected_evidence_or_insufficient_disclosure,source_specific_primary,
blanket_six_foundation_models,CAMP-159,Virchow,mshs_bladder,D1_no_detected_evidence_or_insufficient_disclosure,D1_no_detected_evidence_or_insufficient_disclosure,source_specific_primary,
blanket_six_foundation_models,CAMP-160,Virchow,mshs_breast,D1_no_detected_evidence_or_insufficient_disclosure,D1_no_detected_evidence_or_insufficient_disclosure,source_specific_primary,
blanket_six_foundation_models,CAMP-161,Virchow,mshs_colorectal,D1_no_detected_evidence_or_insufficient_disclosure,D1_no_detected_evidence_or_insufficient_disclosure,source_specific_primary,
blanket_six_foundation_models,CAMP-162,Virchow,mshs_dcis,D1_no_detected_evidence_or_insufficient_disclosure,D1_no_detected_evidence_or_insufficient_disclosure,source_specific_primary,
blanket_six_foundation_models,CAMP-163,Virchow,mshs_ibd,D1_no_detected_evidence_or_insufficient_disclosure,D1_no_detected_evidence_or_insufficient_disclosure,source_specific_primary,
blanket_six_foundation_models,CAMP-164,Virchow,mshs_kidney,D1_no_detected_evidence_or_insufficient_disclosure,D1_no_detected_evidence_or_insufficient_disclosure,source_specific_primary,
blanket_six_foundation_models,CAMP-165,Virchow,mshs_luad_egfr,D1_no_detected_evidence_or_insufficient_disclosure,D1_no_detected_evidence_or_insufficient_disclosure,source_specific_primary,
blanket_six_foundation_models,CAMP-166,Virchow,mshs_oral,D1_no_detected_evidence_or_insufficient_disclosure,D1_no_detected_evidence_or_insufficient_disclosure,source_specific_primary,
blanket_six_foundation_models,CAMP-167,Virchow,mshs_prostate,D1_no_detected_evidence_or_insufficient_disclosure,D1_no_detected_evidence_or_insufficient_disclosure,source_specific_primary,
blanket_six_foundation_models,CAMP-168,Virchow,mshs_thyroid,D1_no_detected_evidence_or_insufficient_disclosure,D1_no_detected_evidence_or_insufficient_disclosure,source_specific_primary,
blanket_six_foundation_models,CAMP-169,Virchow,mskcc_luad_alk,D1_no_detected_evidence_or_insufficient_disclosure,D1_no_detected_evidence_or_insufficient_disclosure,source_specific_primary,overlap_cannot_be_excluded
blanket_six_foundation_models,CAMP-170,Virchow,mskcc_luad_egfr,D1_no_detected_evidence_or_insufficient_disclosure,D1_no_detected_evidence_or_insufficient_disclosure,source_specific_primary,overlap_cannot_be_excluded
blanket_six_foundation_models,CAMP-171,Virchow,mskcc_luad_kras,D1_no_detected_evidence_or_insufficient_disclosure,D1_no_detected_evidence_or_insufficient_disclosure,source_specific_primary,overlap_cannot_be_excluded
blanket_six_foundation_models,CAMP-172,Virchow,mskcc_luad_stk11,D1_no_detected_evidence_or_insufficient_disclosure,D1_no_detected_evidence_or_insufficient_disclosure,source_specific_primary,overlap_cannot_be_excluded
blanket_six_foundation_models,CAMP-173,Virchow,mskcc_luad_tp53,D1_no_detected_evidence_or_insufficient_disclosure,D1_no_detected_evidence_or_insufficient_disclosure,source_specific_primary,overlap_cannot_be_excluded
blanket_six_foundation_models,CAMP-174,Virchow,mskcc_nsclc_io,D1_no_detected_evidence_or_insufficient_disclosure,D1_no_detected_evidence_or_insufficient_disclosure,source_specific_primary,overlap_cannot_be_excluded
blanket_six_foundation_models,CAMP-175,Virchow,suh_melanoma_braf,D1_no_detected_evidence_or_insufficient_disclosure,D1_no_detected_evidence_or_insufficient_disclosure,source_specific_primary,
blanket_six_foundation_models,CAMP-176,Virchow,suh_melanoma_nras,D1_no_detected_evidence_or_insufficient_disclosure,D1_no_detected_evidence_or_insufficient_disclosure,source_specific_primary,
blanket_six_foundation_models,CAMP-177,Virchow2,mshs_bca_er,D1_no_detected_evidence_or_insufficient_disclosure,D1_no_detected_evidence_or_insufficient_disclosure,source_specific_primary,
blanket_six_foundation_models,CAMP-178,Virchow2,mshs_bca_her2,D1_no_detected_evidence_or_insufficient_disclosure,D1_no_detected_evidence_or_insufficient_disclosure,source_specific_primary,
blanket_six_foundation_models,CAMP-179,Virchow2,mshs_bca_pr,D1_no_detected_evidence_or_insufficient_disclosure,D1_no_detected_evidence_or_insufficient_disclosure,source_specific_primary,
blanket_six_foundation_models,CAMP-180,Virchow2,mshs_biome_hrd,D1_no_detected_evidence_or_insufficient_disclosure,D1_no_detected_evidence_or_insufficient_disclosure,source_specific_primary,
blanket_six_foundation_models,CAMP-181,Virchow2,mshs_bladder,D1_no_detected_evidence_or_insufficient_disclosure,D1_no_detected_evidence_or_insufficient_disclosure,source_specific_primary,
blanket_six_foundation_models,CAMP-182,Virchow2,mshs_breast,D1_no_detected_evidence_or_insufficient_disclosure,D1_no_detected_evidence_or_insufficient_disclosure,source_specific_primary,
blanket_six_foundation_models,CAMP-183,Virchow2,mshs_colorectal,D1_no_detected_evidence_or_insufficient_disclosure,D1_no_detected_evidence_or_insufficient_disclosure,source_specific_primary,
blanket_six_foundation_models,CAMP-184,Virchow2,mshs_dcis,D1_no_detected_evidence_or_insufficient_disclosure,D1_no_detected_evidence_or_insufficient_disclosure,source_specific_primary,
blanket_six_foundation_models,CAMP-185,Virchow2,mshs_ibd,D1_no_detected_evidence_or_insufficient_disclosure,D1_no_detected_evidence_or_insufficient_disclosure,source_specific_primary,
blanket_six_foundation_models,CAMP-186,Virchow2,mshs_kidney,D1_no_detected_evidence_or_insufficient_disclosure,D1_no_detected_evidence_or_insufficient_disclosure,source_specific_primary,
blanket_six_foundation_models,CAMP-187,Virchow2,mshs_luad_egfr,D1_no_detected_evidence_or_insufficient_disclosure,D1_no_detected_evidence_or_insufficient_disclosure,source_specific_primary,
blanket_six_foundation_models,CAMP-188,Virchow2,mshs_oral,D1_no_detected_evidence_or_insufficient_disclosure,D1_no_detected_evidence_or_insufficient_disclosure,source_specific_primary,
blanket_six_foundation_models,CAMP-189,Virchow2,mshs_prostate,D1_no_detected_evidence_or_insufficient_disclosure,D1_no_detected_evidence_or_insufficient_disclosure,source_specific_primary,
blanket_six_foundation_models,CAMP-190,Virchow2,mshs_thyroid,D1_no_detected_evidence_or_insufficient_disclosure,D1_no_detected_evidence_or_insufficient_disclosure,source_specific_primary,
blanket_six_foundation_models,CAMP-191,Virchow2,mskcc_luad_alk,D1_no_detected_evidence_or_insufficient_disclosure,D1_no_detected_evidence_or_insufficient_disclosure,source_specific_primary,overlap_cannot_be_excluded
blanket_six_foundation_models,CAMP-192,Virchow2,mskcc_luad_egfr,D1_no_detected_evidence_or_insufficient_disclosure,D1_no_detected_evidence_or_insufficient_disclosure,source_specific_primary,overlap_cannot_be_excluded
blanket_six_foundation_models,CAMP-193,Virchow2,mskcc_luad_kras,D1_no_detected_evidence_or_insufficient_disclosure,D1_no_detected_evidence_or_insufficient_disclosure,source_specific_primary,overlap_cannot_be_excluded
blanket_six_foundation_models,CAMP-194,Virchow2,mskcc_luad_stk11,D1_no_detected_evidence_or_insufficient_disclosure,D1_no_detected_evidence_or_insufficient_disclosure,source_specific_primary,overlap_cannot_be_excluded
blanket_six_foundation_models,CAMP-195,Virchow2,mskcc_luad_tp53,D1_no_detected_evidence_or_insufficient_disclosure,D1_no_detected_evidence_or_insufficient_disclosure,source_specific_primary,overlap_cannot_be_excluded
blanket_six_foundation_models,CAMP-196,Virchow2,mskcc_nsclc_io,D1_no_detected_evidence_or_insufficient_disclosure,D1_no_detected_evidence_or_insufficient_disclosure,source_specific_primary,overlap_cannot_be_excluded
blanket_six_foundation_models,CAMP-197,Virchow2,suh_melanoma_braf,D1_no_detected_evidence_or_insufficient_disclosure,D1_no_detected_evidence_or_insufficient_disclosure,source_specific_primary,
blanket_six_foundation_models,CAMP-198,Virchow2,suh_melanoma_nras,D1_no_detected_evidence_or_insufficient_disclosure,D1_no_detected_evidence_or_insufficient_disclosure,source_specific_primary,
blanket_six_foundation_models,CAMP-199,h-optimus-0,mshs_bca_er,D1_no_detected_evidence_or_insufficient_disclosure,D0_documented_disjoint,broad_nonoverlap_statement,
blanket_six_foundation_models,CAMP-200,h-optimus-0,mshs_bca_her2,D1_no_detected_evidence_or_insufficient_disclosure,D0_documented_disjoint,broad_nonoverlap_statement,
blanket_six_foundation_models,CAMP-201,h-optimus-0,mshs_bca_pr,D1_no_detected_evidence_or_insufficient_disclosure,D0_documented_disjoint,broad_nonoverlap_statement,
blanket_six_foundation_models,CAMP-202,h-optimus-0,mshs_biome_hrd,D1_no_detected_evidence_or_insufficient_disclosure,D0_documented_disjoint,broad_nonoverlap_statement,
blanket_six_foundation_models,CAMP-203,h-optimus-0,mshs_bladder,D1_no_detected_evidence_or_insufficient_disclosure,D0_documented_disjoint,broad_nonoverlap_statement,
blanket_six_foundation_models,CAMP-204,h-optimus-0,mshs_breast,D1_no_detected_evidence_or_insufficient_disclosure,D0_documented_disjoint,broad_nonoverlap_statement,
blanket_six_foundation_models,CAMP-205,h-optimus-0,mshs_colorectal,D1_no_detected_evidence_or_insufficient_disclosure,D0_documented_disjoint,broad_nonoverlap_statement,
blanket_six_foundation_models,CAMP-206,h-optimus-0,mshs_dcis,D1_no_detected_evidence_or_insufficient_disclosure,D0_documented_disjoint,broad_nonoverlap_statement,
blanket_six_foundation_models,CAMP-207,h-optimus-0,mshs_ibd,D1_no_detected_evidence_or_insufficient_disclosure,D0_documented_disjoint,broad_nonoverlap_statement,
blanket_six_foundation_models,CAMP-208,h-optimus-0,mshs_kidney,D1_no_detected_evidence_or_insufficient_disclosure,D0_documented_disjoint,broad_nonoverlap_statement,
blanket_six_foundation_models,CAMP-209,h-optimus-0,mshs_luad_egfr,D1_no_detected_evidence_or_insufficient_disclosure,D0_documented_disjoint,broad_nonoverlap_statement,
blanket_six_foundation_models,CAMP-210,h-optimus-0,mshs_oral,D1_no_detected_evidence_or_insufficient_disclosure,D0_documented_disjoint,broad_nonoverlap_statement,
blanket_six_foundation_models,CAMP-211,h-optimus-0,mshs_prostate,D1_no_detected_evidence_or_insufficient_disclosure,D0_documented_disjoint,broad_nonoverlap_statement,
blanket_six_foundation_models,CAMP-212,h-optimus-0,mshs_thyroid,D1_no_detected_evidence_or_insufficient_disclosure,D0_documented_disjoint,broad_nonoverlap_statement,
blanket_six_foundation_models,CAMP-213,h-optimus-0,mskcc_luad_alk,D1_no_detected_evidence_or_insufficient_disclosure,D0_documented_disjoint,broad_nonoverlap_statement,
blanket_six_foundation_models,CAMP-214,h-optimus-0,mskcc_luad_egfr,D1_no_detected_evidence_or_insufficient_disclosure,D0_documented_disjoint,broad_nonoverlap_statement,
blanket_six_foundation_models,CAMP-215,h-optimus-0,mskcc_luad_kras,D1_no_detected_evidence_or_insufficient_disclosure,D0_documented_disjoint,broad_nonoverlap_statement,
blanket_six_foundation_models,CAMP-216,h-optimus-0,mskcc_luad_stk11,D1_no_detected_evidence_or_insufficient_disclosure,D0_documented_disjoint,broad_nonoverlap_statement,
blanket_six_foundation_models,CAMP-217,h-optimus-0,mskcc_luad_tp53,D1_no_detected_evidence_or_insufficient_disclosure,D0_documented_disjoint,broad_nonoverlap_statement,
blanket_six_foundation_models,CAMP-218,h-optimus-0,mskcc_nsclc_io,D1_no_detected_evidence_or_insufficient_disclosure,D0_documented_disjoint,broad_nonoverlap_statement,
blanket_six_foundation_models,CAMP-219,h-optimus-0,suh_melanoma_braf,D1_no_detected_evidence_or_insufficient_disclosure,D0_documented_disjoint,broad_nonoverlap_statement,
blanket_six_foundation_models,CAMP-220,h-optimus-0,suh_melanoma_nras,D1_no_detected_evidence_or_insufficient_disclosure,D0_documented_disjoint,broad_nonoverlap_statement,
blanket_six_foundation_models,CAMP-221,tRes50,mshs_bca_er,D1_no_detected_evidence_or_insufficient_disclosure,D1_no_detected_evidence_or_insufficient_disclosure,source_specific_primary,
blanket_six_foundation_models,CAMP-222,tRes50,mshs_bca_her2,D1_no_detected_evidence_or_insufficient_disclosure,D1_no_detected_evidence_or_insufficient_disclosure,source_specific_primary,
blanket_six_foundation_models,CAMP-223,tRes50,mshs_bca_pr,D1_no_detected_evidence_or_insufficient_disclosure,D1_no_detected_evidence_or_insufficient_disclosure,source_specific_primary,
blanket_six_foundation_models,CAMP-224,tRes50,mshs_biome_hrd,D1_no_detected_evidence_or_insufficient_disclosure,D1_no_detected_evidence_or_insufficient_disclosure,source_specific_primary,
blanket_six_foundation_models,CAMP-225,tRes50,mshs_bladder,D1_no_detected_evidence_or_insufficient_disclosure,D1_no_detected_evidence_or_insufficient_disclosure,source_specific_primary,
blanket_six_foundation_models,CAMP-226,tRes50,mshs_breast,D1_no_detected_evidence_or_insufficient_disclosure,D1_no_detected_evidence_or_insufficient_disclosure,source_specific_primary,
blanket_six_foundation_models,CAMP-227,tRes50,mshs_colorectal,D1_no_detected_evidence_or_insufficient_disclosure,D1_no_detected_evidence_or_insufficient_disclosure,source_specific_primary,
blanket_six_foundation_models,CAMP-228,tRes50,mshs_dcis,D1_no_detected_evidence_or_insufficient_disclosure,D1_no_detected_evidence_or_insufficient_disclosure,source_specific_primary,
blanket_six_foundation_models,CAMP-229,tRes50,mshs_ibd,D1_no_detected_evidence_or_insufficient_disclosure,D1_no_detected_evidence_or_insufficient_disclosure,source_specific_primary,
blanket_six_foundation_models,CAMP-230,tRes50,mshs_kidney,D1_no_detected_evidence_or_insufficient_disclosure,D1_no_detected_evidence_or_insufficient_disclosure,source_specific_primary,
blanket_six_foundation_models,CAMP-231,tRes50,mshs_luad_egfr,D1_no_detected_evidence_or_insufficient_disclosure,D1_no_detected_evidence_or_insufficient_disclosure,source_specific_primary,
blanket_six_foundation_models,CAMP-232,tRes50,mshs_oral,D1_no_detected_evidence_or_insufficient_disclosure,D1_no_detected_evidence_or_insufficient_disclosure,source_specific_primary,
blanket_six_foundation_models,CAMP-233,tRes50,mshs_prostate,D1_no_detected_evidence_or_insufficient_disclosure,D1_no_detected_evidence_or_insufficient_disclosure,source_specific_primary,
blanket_six_foundation_models,CAMP-234,tRes50,mshs_thyroid,D1_no_detected_evidence_or_insufficient_disclosure,D1_no_detected_evidence_or_insufficient_disclosure,source_specific_primary,
blanket_six_foundation_models,CAMP-235,tRes50,mskcc_luad_alk,D1_no_detected_evidence_or_insufficient_disclosure,D1_no_detected_evidence_or_insufficient_disclosure,source_specific_primary,
blanket_six_foundation_models,CAMP-236,tRes50,mskcc_luad_egfr,D1_no_detected_evidence_or_insufficient_disclosure,D1_no_detected_evidence_or_insufficient_disclosure,source_specific_primary,
blanket_six_foundation_models,CAMP-237,tRes50,mskcc_luad_kras,D1_no_detected_evidence_or_insufficient_disclosure,D1_no_detected_evidence_or_insufficient_disclosure,source_specific_primary,
blanket_six_foundation_models,CAMP-238,tRes50,mskcc_luad_stk11,D1_no_detected_evidence_or_insufficient_disclosure,D1_no_detected_evidence_or_insufficient_disclosure,source_specific_primary,
blanket_six_foundation_models,CAMP-239,tRes50,mskcc_luad_tp53,D1_no_detected_evidence_or_insufficient_disclosure,D1_no_detected_evidence_or_insufficient_disclosure,source_specific_primary,
blanket_six_foundation_models,CAMP-240,tRes50,mskcc_nsclc_io,D1_no_detected_evidence_or_insufficient_disclosure,D1_no_detected_evidence_or_insufficient_disclosure,source_specific_primary,
blanket_six_foundation_models,CAMP-241,tRes50,suh_melanoma_braf,D1_no_detected_evidence_or_insufficient_disclosure,D1_no_detected_evidence_or_insufficient_disclosure,source_specific_primary,
blanket_six_foundation_models,CAMP-242,tRes50,suh_melanoma_nras,D1_no_detected_evidence_or_insufficient_disclosure,D1_no_detected_evidence_or_insufficient_disclosure,source_specific_primary,
blanket_six_plus_tres50,CAMP-001,CTransPath,mshs_bca_er,D1_no_detected_evidence_or_insufficient_disclosure,D0_documented_disjoint,broad_nonoverlap_statement,
blanket_six_plus_tres50,CAMP-002,CTransPath,mshs_bca_her2,D1_no_detected_evidence_or_insufficient_disclosure,D0_documented_disjoint,broad_nonoverlap_statement,
blanket_six_plus_tres50,CAMP-003,CTransPath,mshs_bca_pr,D1_no_detected_evidence_or_insufficient_disclosure,D0_documented_disjoint,broad_nonoverlap_statement,
blanket_six_plus_tres50,CAMP-004,CTransPath,mshs_biome_hrd,D1_no_detected_evidence_or_insufficient_disclosure,D0_documented_disjoint,broad_nonoverlap_statement,
blanket_six_plus_tres50,CAMP-005,CTransPath,mshs_bladder,D1_no_detected_evidence_or_insufficient_disclosure,D0_documented_disjoint,broad_nonoverlap_statement,
blanket_six_plus_tres50,CAMP-006,CTransPath,mshs_breast,D1_no_detected_evidence_or_insufficient_disclosure,D0_documented_disjoint,broad_nonoverlap_statement,
blanket_six_plus_tres50,CAMP-007,CTransPath,mshs_colorectal,D1_no_detected_evidence_or_insufficient_disclosure,D0_documented_disjoint,broad_nonoverlap_statement,
blanket_six_plus_tres50,CAMP-008,CTransPath,mshs_dcis,D1_no_detected_evidence_or_insufficient_disclosure,D0_documented_disjoint,broad_nonoverlap_statement,
blanket_six_plus_tres50,CAMP-009,CTransPath,mshs_ibd,D1_no_detected_evidence_or_insufficient_disclosure,D0_documented_disjoint,broad_nonoverlap_statement,
blanket_six_plus_tres50,CAMP-010,CTransPath,mshs_kidney,D1_no_detected_evidence_or_insufficient_disclosure,D0_documented_disjoint,broad_nonoverlap_statement,
blanket_six_plus_tres50,CAMP-011,CTransPath,mshs_luad_egfr,D1_no_detected_evidence_or_insufficient_disclosure,D0_documented_disjoint,broad_nonoverlap_statement,
blanket_six_plus_tres50,CAMP-012,CTransPath,mshs_oral,D1_no_detected_evidence_or_insufficient_disclosure,D0_documented_disjoint,broad_nonoverlap_statement,
blanket_six_plus_tres50,CAMP-013,CTransPath,mshs_prostate,D1_no_detected_evidence_or_insufficient_disclosure,D0_documented_disjoint,broad_nonoverlap_statement,
blanket_six_plus_tres50,CAMP-014,CTransPath,mshs_thyroid,D1_no_detected_evidence_or_insufficient_disclosure,D0_documented_disjoint,broad_nonoverlap_statement,
blanket_six_plus_tres50,CAMP-015,CTransPath,mskcc_luad_alk,D1_no_detected_evidence_or_insufficient_disclosure,D0_documented_disjoint,broad_nonoverlap_statement,
blanket_six_plus_tres50,CAMP-016,CTransPath,mskcc_luad_egfr,D1_no_detected_evidence_or_insufficient_disclosure,D0_documented_disjoint,broad_nonoverlap_statement,
blanket_six_plus_tres50,CAMP-017,CTransPath,mskcc_luad_kras,D1_no_detected_evidence_or_insufficient_disclosure,D0_documented_disjoint,broad_nonoverlap_statement,
blanket_six_plus_tres50,CAMP-018,CTransPath,mskcc_luad_stk11,D1_no_detected_evidence_or_insufficient_disclosure,D0_documented_disjoint,broad_nonoverlap_statement,
blanket_six_plus_tres50,CAMP-019,CTransPath,mskcc_luad_tp53,D1_no_detected_evidence_or_insufficient_disclosure,D0_documented_disjoint,broad_nonoverlap_statement,
blanket_six_plus_tres50,CAMP-020,CTransPath,mskcc_nsclc_io,D1_no_detected_evidence_or_insufficient_disclosure,D0_documented_disjoint,broad_nonoverlap_statement,
blanket_six_plus_tres50,CAMP-021,CTransPath,suh_melanoma_braf,D1_no_detected_evidence_or_insufficient_disclosure,D0_documented_disjoint,broad_nonoverlap_statement,
blanket_six_plus_tres50,CAMP-022,CTransPath,suh_melanoma_nras,D1_no_detected_evidence_or_insufficient_disclosure,D0_documented_disjoint,broad_nonoverlap_statement,
blanket_six_plus_tres50,CAMP-023,Phikon,mshs_bca_er,D1_no_detected_evidence_or_insufficient_disclosure,D0_documented_disjoint,broad_nonoverlap_statement,
blanket_six_plus_tres50,CAMP-024,Phikon,mshs_bca_her2,D1_no_detected_evidence_or_insufficient_disclosure,D0_documented_disjoint,broad_nonoverlap_statement,
blanket_six_plus_tres50,CAMP-025,Phikon,mshs_bca_pr,D1_no_detected_evidence_or_insufficient_disclosure,D0_documented_disjoint,broad_nonoverlap_statement,
blanket_six_plus_tres50,CAMP-026,Phikon,mshs_biome_hrd,D1_no_detected_evidence_or_insufficient_disclosure,D0_documented_disjoint,broad_nonoverlap_statement,
blanket_six_plus_tres50,CAMP-027,Phikon,mshs_bladder,D1_no_detected_evidence_or_insufficient_disclosure,D0_documented_disjoint,broad_nonoverlap_statement,
blanket_six_plus_tres50,CAMP-028,Phikon,mshs_breast,D1_no_detected_evidence_or_insufficient_disclosure,D0_documented_disjoint,broad_nonoverlap_statement,
blanket_six_plus_tres50,CAMP-029,Phikon,mshs_colorectal,D1_no_detected_evidence_or_insufficient_disclosure,D0_documented_disjoint,broad_nonoverlap_statement,
blanket_six_plus_tres50,CAMP-030,Phikon,mshs_dcis,D1_no_detected_evidence_or_insufficient_disclosure,D0_documented_disjoint,broad_nonoverlap_statement,
blanket_six_plus_tres50,CAMP-031,Phikon,mshs_ibd,D1_no_detected_evidence_or_insufficient_disclosure,D0_documented_disjoint,broad_nonoverlap_statement,
blanket_six_plus_tres50,CAMP-032,Phikon,mshs_kidney,D1_no_detected_evidence_or_insufficient_disclosure,D0_documented_disjoint,broad_nonoverlap_statement,
blanket_six_plus_tres50,CAMP-033,Phikon,mshs_luad_egfr,D1_no_detected_evidence_or_insufficient_disclosure,D0_documented_disjoint,broad_nonoverlap_statement,
blanket_six_plus_tres50,CAMP-034,Phikon,mshs_oral,D1_no_detected_evidence_or_insufficient_disclosure,D0_documented_disjoint,broad_nonoverlap_statement,
blanket_six_plus_tres50,CAMP-035,Phikon,mshs_prostate,D1_no_detected_evidence_or_insufficient_disclosure,D0_documented_disjoint,broad_nonoverlap_statement,
blanket_six_plus_tres50,CAMP-036,Phikon,mshs_thyroid,D1_no_detected_evidence_or_insufficient_disclosure,D0_documented_disjoint,broad_nonoverlap_statement,
blanket_six_plus_tres50,CAMP-037,Phikon,mskcc_luad_alk,D1_no_detected_evidence_or_insufficient_disclosure,D0_documented_disjoint,broad_nonoverlap_statement,
blanket_six_plus_tres50,CAMP-038,Phikon,mskcc_luad_egfr,D1_no_detected_evidence_or_insufficient_disclosure,D0_documented_disjoint,broad_nonoverlap_statement,
blanket_six_plus_tres50,CAMP-039,Phikon,mskcc_luad_kras,D1_no_detected_evidence_or_insufficient_disclosure,D0_documented_disjoint,broad_nonoverlap_statement,
blanket_six_plus_tres50,CAMP-040,Phikon,mskcc_luad_stk11,D1_no_detected_evidence_or_insufficient_disclosure,D0_documented_disjoint,broad_nonoverlap_statement,
blanket_six_plus_tres50,CAMP-041,Phikon,mskcc_luad_tp53,D1_no_detected_evidence_or_insufficient_disclosure,D0_documented_disjoint,broad_nonoverlap_statement,
blanket_six_plus_tres50,CAMP-042,Phikon,mskcc_nsclc_io,D1_no_detected_evidence_or_insufficient_disclosure,D0_documented_disjoint,broad_nonoverlap_statement,
blanket_six_plus_tres50,CAMP-043,Phikon,suh_melanoma_braf,D1_no_detected_evidence_or_insufficient_disclosure,D0_documented_disjoint,broad_nonoverlap_statement,
blanket_six_plus_tres50,CAMP-044,Phikon,suh_melanoma_nras,D1_no_detected_evidence_or_insufficient_disclosure,D0_documented_disjoint,broad_nonoverlap_statement,
blanket_six_plus_tres50,CAMP-045,Phikon-v2,mshs_bca_er,D1_no_detected_evidence_or_insufficient_disclosure,D0_documented_disjoint,broad_nonoverlap_statement,
blanket_six_plus_tres50,CAMP-046,Phikon-v2,mshs_bca_her2,D1_no_detected_evidence_or_insufficient_disclosure,D0_documented_disjoint,broad_nonoverlap_statement,
blanket_six_plus_tres50,CAMP-047,Phikon-v2,mshs_bca_pr,D1_no_detected_evidence_or_insufficient_disclosure,D0_documented_disjoint,broad_nonoverlap_statement,
blanket_six_plus_tres50,CAMP-048,Phikon-v2,mshs_biome_hrd,D1_no_detected_evidence_or_insufficient_disclosure,D0_documented_disjoint,broad_nonoverlap_statement,
blanket_six_plus_tres50,CAMP-049,Phikon-v2,mshs_bladder,D1_no_detected_evidence_or_insufficient_disclosure,D0_documented_disjoint,broad_nonoverlap_statement,
blanket_six_plus_tres50,CAMP-050,Phikon-v2,mshs_breast,D1_no_detected_evidence_or_insufficient_disclosure,D0_documented_disjoint,broad_nonoverlap_statement,
blanket_six_plus_tres50,CAMP-051,Phikon-v2,mshs_colorectal,D1_no_detected_evidence_or_insufficient_disclosure,D0_documented_disjoint,broad_nonoverlap_statement,
blanket_six_plus_tres50,CAMP-052,Phikon-v2,mshs_dcis,D1_no_detected_evidence_or_insufficient_disclosure,D0_documented_disjoint,broad_nonoverlap_statement,
blanket_six_plus_tres50,CAMP-053,Phikon-v2,mshs_ibd,D1_no_detected_evidence_or_insufficient_disclosure,D0_documented_disjoint,broad_nonoverlap_statement,
blanket_six_plus_tres50,CAMP-054,Phikon-v2,mshs_kidney,D1_no_detected_evidence_or_insufficient_disclosure,D0_documented_disjoint,broad_nonoverlap_statement,
blanket_six_plus_tres50,CAMP-055,Phikon-v2,mshs_luad_egfr,D1_no_detected_evidence_or_insufficient_disclosure,D0_documented_disjoint,broad_nonoverlap_statement,
blanket_six_plus_tres50,CAMP-056,Phikon-v2,mshs_oral,D1_no_detected_evidence_or_insufficient_disclosure,D0_documented_disjoint,broad_nonoverlap_statement,
blanket_six_plus_tres50,CAMP-057,Phikon-v2,mshs_prostate,D1_no_detected_evidence_or_insufficient_disclosure,D0_documented_disjoint,broad_nonoverlap_statement,
blanket_six_plus_tres50,CAMP-058,Phikon-v2,mshs_thyroid,D1_no_detected_evidence_or_insufficient_disclosure,D0_documented_disjoint,broad_nonoverlap_statement,
blanket_six_plus_tres50,CAMP-059,Phikon-v2,mskcc_luad_alk,D1_no_detected_evidence_or_insufficient_disclosure,D0_documented_disjoint,broad_nonoverlap_statement,
blanket_six_plus_tres50,CAMP-060,Phikon-v2,mskcc_luad_egfr,D1_no_detected_evidence_or_insufficient_disclosure,D0_documented_disjoint,broad_nonoverlap_statement,
blanket_six_plus_tres50,CAMP-061,Phikon-v2,mskcc_luad_kras,D1_no_detected_evidence_or_insufficient_disclosure,D0_documented_disjoint,broad_nonoverlap_statement,
blanket_six_plus_tres50,CAMP-062,Phikon-v2,mskcc_luad_stk11,D1_no_detected_evidence_or_insufficient_disclosure,D0_documented_disjoint,broad_nonoverlap_statement,
blanket_six_plus_tres50,CAMP-063,Phikon-v2,mskcc_luad_tp53,D1_no_detected_evidence_or_insufficient_disclosure,D0_documented_disjoint,broad_nonoverlap_statement,
blanket_six_plus_tres50,CAMP-064,Phikon-v2,mskcc_nsclc_io,D1_no_detected_evidence_or_insufficient_disclosure,D0_documented_disjoint,broad_nonoverlap_statement,
blanket_six_plus_tres50,CAMP-065,Phikon-v2,suh_melanoma_braf,D1_no_detected_evidence_or_insufficient_disclosure,D0_documented_disjoint,broad_nonoverlap_statement,
blanket_six_plus_tres50,CAMP-066,Phikon-v2,suh_melanoma_nras,D1_no_detected_evidence_or_insufficient_disclosure,D0_documented_disjoint,broad_nonoverlap_statement,
blanket_six_plus_tres50,CAMP-067,Prov-GigaPath,mshs_bca_er,D1_no_detected_evidence_or_insufficient_disclosure,D0_documented_disjoint,broad_nonoverlap_statement,
blanket_six_plus_tres50,CAMP-068,Prov-GigaPath,mshs_bca_her2,D1_no_detected_evidence_or_insufficient_disclosure,D0_documented_disjoint,broad_nonoverlap_statement,
blanket_six_plus_tres50,CAMP-069,Prov-GigaPath,mshs_bca_pr,D1_no_detected_evidence_or_insufficient_disclosure,D0_documented_disjoint,broad_nonoverlap_statement,
blanket_six_plus_tres50,CAMP-070,Prov-GigaPath,mshs_biome_hrd,D1_no_detected_evidence_or_insufficient_disclosure,D0_documented_disjoint,broad_nonoverlap_statement,
blanket_six_plus_tres50,CAMP-071,Prov-GigaPath,mshs_bladder,D1_no_detected_evidence_or_insufficient_disclosure,D0_documented_disjoint,broad_nonoverlap_statement,
blanket_six_plus_tres50,CAMP-072,Prov-GigaPath,mshs_breast,D1_no_detected_evidence_or_insufficient_disclosure,D0_documented_disjoint,broad_nonoverlap_statement,
blanket_six_plus_tres50,CAMP-073,Prov-GigaPath,mshs_colorectal,D1_no_detected_evidence_or_insufficient_disclosure,D0_documented_disjoint,broad_nonoverlap_statement,
blanket_six_plus_tres50,CAMP-074,Prov-GigaPath,mshs_dcis,D1_no_detected_evidence_or_insufficient_disclosure,D0_documented_disjoint,broad_nonoverlap_statement,
blanket_six_plus_tres50,CAMP-075,Prov-GigaPath,mshs_ibd,D1_no_detected_evidence_or_insufficient_disclosure,D0_documented_disjoint,broad_nonoverlap_statement,
blanket_six_plus_tres50,CAMP-076,Prov-GigaPath,mshs_kidney,D1_no_detected_evidence_or_insufficient_disclosure,D0_documented_disjoint,broad_nonoverlap_statement,
blanket_six_plus_tres50,CAMP-077,Prov-GigaPath,mshs_luad_egfr,D1_no_detected_evidence_or_insufficient_disclosure,D0_documented_disjoint,broad_nonoverlap_statement,
blanket_six_plus_tres50,CAMP-078,Prov-GigaPath,mshs_oral,D1_no_detected_evidence_or_insufficient_disclosure,D0_documented_disjoint,broad_nonoverlap_statement,
blanket_six_plus_tres50,CAMP-079,Prov-GigaPath,mshs_prostate,D1_no_detected_evidence_or_insufficient_disclosure,D0_documented_disjoint,broad_nonoverlap_statement,
blanket_six_plus_tres50,CAMP-080,Prov-GigaPath,mshs_thyroid,D1_no_detected_evidence_or_insufficient_disclosure,D0_documented_disjoint,broad_nonoverlap_statement,
blanket_six_plus_tres50,CAMP-081,Prov-GigaPath,mskcc_luad_alk,D1_no_detected_evidence_or_insufficient_disclosure,D0_documented_disjoint,broad_nonoverlap_statement,
blanket_six_plus_tres50,CAMP-082,Prov-GigaPath,mskcc_luad_egfr,D1_no_detected_evidence_or_insufficient_disclosure,D0_documented_disjoint,broad_nonoverlap_statement,
blanket_six_plus_tres50,CAMP-083,Prov-GigaPath,mskcc_luad_kras,D1_no_detected_evidence_or_insufficient_disclosure,D0_documented_disjoint,broad_nonoverlap_statement,
blanket_six_plus_tres50,CAMP-084,Prov-GigaPath,mskcc_luad_stk11,D1_no_detected_evidence_or_insufficient_disclosure,D0_documented_disjoint,broad_nonoverlap_statement,
blanket_six_plus_tres50,CAMP-085,Prov-GigaPath,mskcc_luad_tp53,D1_no_detected_evidence_or_insufficient_disclosure,D0_documented_disjoint,broad_nonoverlap_statement,
blanket_six_plus_tres50,CAMP-086,Prov-GigaPath,mskcc_nsclc_io,D1_no_detected_evidence_or_insufficient_disclosure,D0_documented_disjoint,broad_nonoverlap_statement,
blanket_six_plus_tres50,CAMP-087,Prov-GigaPath,suh_melanoma_braf,D1_no_detected_evidence_or_insufficient_disclosure,D0_documented_disjoint,broad_nonoverlap_statement,
blanket_six_plus_tres50,CAMP-088,Prov-GigaPath,suh_melanoma_nras,D1_no_detected_evidence_or_insufficient_disclosure,D0_documented_disjoint,broad_nonoverlap_statement,
blanket_six_plus_tres50,CAMP-089,SP22M,mshs_bca_er,D0_documented_disjoint,D0_documented_disjoint,source_specific_primary,
blanket_six_plus_tres50,CAMP-090,SP22M,mshs_bca_her2,D0_documented_disjoint,D0_documented_disjoint,source_specific_primary,
blanket_six_plus_tres50,CAMP-091,SP22M,mshs_bca_pr,D0_documented_disjoint,D0_documented_disjoint,source_specific_primary,
blanket_six_plus_tres50,CAMP-092,SP22M,mshs_biome_hrd,D0_documented_disjoint,D0_documented_disjoint,source_specific_primary,
blanket_six_plus_tres50,CAMP-093,SP22M,mshs_bladder,D0_documented_disjoint,D0_documented_disjoint,source_specific_primary,
blanket_six_plus_tres50,CAMP-094,SP22M,mshs_breast,D0_documented_disjoint,D0_documented_disjoint,source_specific_primary,
blanket_six_plus_tres50,CAMP-095,SP22M,mshs_colorectal,D0_documented_disjoint,D0_documented_disjoint,source_specific_primary,
blanket_six_plus_tres50,CAMP-096,SP22M,mshs_dcis,D0_documented_disjoint,D0_documented_disjoint,source_specific_primary,
blanket_six_plus_tres50,CAMP-097,SP22M,mshs_ibd,D0_documented_disjoint,D0_documented_disjoint,source_specific_primary,
blanket_six_plus_tres50,CAMP-098,SP22M,mshs_kidney,D0_documented_disjoint,D0_documented_disjoint,source_specific_primary,
blanket_six_plus_tres50,CAMP-099,SP22M,mshs_luad_egfr,D0_documented_disjoint,D0_documented_disjoint,source_specific_primary,
blanket_six_plus_tres50,CAMP-100,SP22M,mshs_oral,D0_documented_disjoint,D0_documented_disjoint,source_specific_primary,
blanket_six_plus_tres50,CAMP-101,SP22M,mshs_prostate,D0_documented_disjoint,D0_documented_disjoint,source_specific_primary,
blanket_six_plus_tres50,CAMP-102,SP22M,mshs_thyroid,D0_documented_disjoint,D0_documented_disjoint,source_specific_primary,
blanket_six_plus_tres50,CAMP-103,SP22M,mskcc_luad_alk,D0_documented_disjoint,D0_documented_disjoint,source_specific_primary,
blanket_six_plus_tres50,CAMP-104,SP22M,mskcc_luad_egfr,D0_documented_disjoint,D0_documented_disjoint,source_specific_primary,
blanket_six_plus_tres50,CAMP-105,SP22M,mskcc_luad_kras,D0_documented_disjoint,D0_documented_disjoint,source_specific_primary,
blanket_six_plus_tres50,CAMP-106,SP22M,mskcc_luad_stk11,D0_documented_disjoint,D0_documented_disjoint,source_specific_primary,
blanket_six_plus_tres50,CAMP-107,SP22M,mskcc_luad_tp53,D0_documented_disjoint,D0_documented_disjoint,source_specific_primary,
blanket_six_plus_tres50,CAMP-108,SP22M,mskcc_nsclc_io,D0_documented_disjoint,D0_documented_disjoint,source_specific_primary,
blanket_six_plus_tres50,CAMP-109,SP22M,suh_melanoma_braf,D0_documented_disjoint,D0_documented_disjoint,source_specific_primary,
blanket_six_plus_tres50,CAMP-110,SP22M,suh_melanoma_nras,D0_documented_disjoint,D0_documented_disjoint,source_specific_primary,
blanket_six_plus_tres50,CAMP-111,SP85M,mshs_bca_er,D0_documented_disjoint,D0_documented_disjoint,source_specific_primary,
blanket_six_plus_tres50,CAMP-112,SP85M,mshs_bca_her2,D0_documented_disjoint,D0_documented_disjoint,source_specific_primary,
blanket_six_plus_tres50,CAMP-113,SP85M,mshs_bca_pr,D0_documented_disjoint,D0_documented_disjoint,source_specific_primary,
blanket_six_plus_tres50,CAMP-114,SP85M,mshs_biome_hrd,D0_documented_disjoint,D0_documented_disjoint,source_specific_primary,
blanket_six_plus_tres50,CAMP-115,SP85M,mshs_bladder,D0_documented_disjoint,D0_documented_disjoint,source_specific_primary,
blanket_six_plus_tres50,CAMP-116,SP85M,mshs_breast,D0_documented_disjoint,D0_documented_disjoint,source_specific_primary,
blanket_six_plus_tres50,CAMP-117,SP85M,mshs_colorectal,D0_documented_disjoint,D0_documented_disjoint,source_specific_primary,
blanket_six_plus_tres50,CAMP-118,SP85M,mshs_dcis,D0_documented_disjoint,D0_documented_disjoint,source_specific_primary,
blanket_six_plus_tres50,CAMP-119,SP85M,mshs_ibd,D0_documented_disjoint,D0_documented_disjoint,source_specific_primary,
blanket_six_plus_tres50,CAMP-120,SP85M,mshs_kidney,D0_documented_disjoint,D0_documented_disjoint,source_specific_primary,
blanket_six_plus_tres50,CAMP-121,SP85M,mshs_luad_egfr,D0_documented_disjoint,D0_documented_disjoint,source_specific_primary,
blanket_six_plus_tres50,CAMP-122,SP85M,mshs_oral,D0_documented_disjoint,D0_documented_disjoint,source_specific_primary,
blanket_six_plus_tres50,CAMP-123,SP85M,mshs_prostate,D0_documented_disjoint,D0_documented_disjoint,source_specific_primary,
blanket_six_plus_tres50,CAMP-124,SP85M,mshs_thyroid,D0_documented_disjoint,D0_documented_disjoint,source_specific_primary,
blanket_six_plus_tres50,CAMP-125,SP85M,mskcc_luad_alk,D0_documented_disjoint,D0_documented_disjoint,source_specific_primary,
blanket_six_plus_tres50,CAMP-126,SP85M,mskcc_luad_egfr,D0_documented_disjoint,D0_documented_disjoint,source_specific_primary,
blanket_six_plus_tres50,CAMP-127,SP85M,mskcc_luad_kras,D0_documented_disjoint,D0_documented_disjoint,source_specific_primary,
blanket_six_plus_tres50,CAMP-128,SP85M,mskcc_luad_stk11,D0_documented_disjoint,D0_documented_disjoint,source_specific_primary,
blanket_six_plus_tres50,CAMP-129,SP85M,mskcc_luad_tp53,D0_documented_disjoint,D0_documented_disjoint,source_specific_primary,
blanket_six_plus_tres50,CAMP-130,SP85M,mskcc_nsclc_io,D0_documented_disjoint,D0_documented_disjoint,source_specific_primary,
blanket_six_plus_tres50,CAMP-131,SP85M,suh_melanoma_braf,D0_documented_disjoint,D0_documented_disjoint,source_specific_primary,
blanket_six_plus_tres50,CAMP-132,SP85M,suh_melanoma_nras,D0_documented_disjoint,D0_documented_disjoint,source_specific_primary,
blanket_six_plus_tres50,CAMP-133,UNI,mshs_bca_er,D1_no_detected_evidence_or_insufficient_disclosure,D0_documented_disjoint,broad_nonoverlap_statement,
blanket_six_plus_tres50,CAMP-134,UNI,mshs_bca_her2,D1_no_detected_evidence_or_insufficient_disclosure,D0_documented_disjoint,broad_nonoverlap_statement,
blanket_six_plus_tres50,CAMP-135,UNI,mshs_bca_pr,D1_no_detected_evidence_or_insufficient_disclosure,D0_documented_disjoint,broad_nonoverlap_statement,
blanket_six_plus_tres50,CAMP-136,UNI,mshs_biome_hrd,D1_no_detected_evidence_or_insufficient_disclosure,D0_documented_disjoint,broad_nonoverlap_statement,
blanket_six_plus_tres50,CAMP-137,UNI,mshs_bladder,D1_no_detected_evidence_or_insufficient_disclosure,D0_documented_disjoint,broad_nonoverlap_statement,
blanket_six_plus_tres50,CAMP-138,UNI,mshs_breast,D1_no_detected_evidence_or_insufficient_disclosure,D0_documented_disjoint,broad_nonoverlap_statement,
blanket_six_plus_tres50,CAMP-139,UNI,mshs_colorectal,D1_no_detected_evidence_or_insufficient_disclosure,D0_documented_disjoint,broad_nonoverlap_statement,
blanket_six_plus_tres50,CAMP-140,UNI,mshs_dcis,D1_no_detected_evidence_or_insufficient_disclosure,D0_documented_disjoint,broad_nonoverlap_statement,
blanket_six_plus_tres50,CAMP-141,UNI,mshs_ibd,D1_no_detected_evidence_or_insufficient_disclosure,D0_documented_disjoint,broad_nonoverlap_statement,
blanket_six_plus_tres50,CAMP-142,UNI,mshs_kidney,D1_no_detected_evidence_or_insufficient_disclosure,D0_documented_disjoint,broad_nonoverlap_statement,
blanket_six_plus_tres50,CAMP-143,UNI,mshs_luad_egfr,D1_no_detected_evidence_or_insufficient_disclosure,D0_documented_disjoint,broad_nonoverlap_statement,
blanket_six_plus_tres50,CAMP-144,UNI,mshs_oral,D1_no_detected_evidence_or_insufficient_disclosure,D0_documented_disjoint,broad_nonoverlap_statement,
blanket_six_plus_tres50,CAMP-145,UNI,mshs_prostate,D1_no_detected_evidence_or_insufficient_disclosure,D0_documented_disjoint,broad_nonoverlap_statement,
blanket_six_plus_tres50,CAMP-146,UNI,mshs_thyroid,D1_no_detected_evidence_or_insufficient_disclosure,D0_documented_disjoint,broad_nonoverlap_statement,
blanket_six_plus_tres50,CAMP-147,UNI,mskcc_luad_alk,D1_no_detected_evidence_or_insufficient_disclosure,D0_documented_disjoint,broad_nonoverlap_statement,
blanket_six_plus_tres50,CAMP-148,UNI,mskcc_luad_egfr,D1_no_detected_evidence_or_insufficient_disclosure,D0_documented_disjoint,broad_nonoverlap_statement,
blanket_six_plus_tres50,CAMP-149,UNI,mskcc_luad_kras,D1_no_detected_evidence_or_insufficient_disclosure,D0_documented_disjoint,broad_nonoverlap_statement,
blanket_six_plus_tres50,CAMP-150,UNI,mskcc_luad_stk11,D1_no_detected_evidence_or_insufficient_disclosure,D0_documented_disjoint,broad_nonoverlap_statement,
blanket_six_plus_tres50,CAMP-151,UNI,mskcc_luad_tp53,D1_no_detected_evidence_or_insufficient_disclosure,D0_documented_disjoint,broad_nonoverlap_statement,
blanket_six_plus_tres50,CAMP-152,UNI,mskcc_nsclc_io,D1_no_detected_evidence_or_insufficient_disclosure,D0_documented_disjoint,broad_nonoverlap_statement,
blanket_six_plus_tres50,CAMP-153,UNI,suh_melanoma_braf,D1_no_detected_evidence_or_insufficient_disclosure,D0_documented_disjoint,broad_nonoverlap_statement,
blanket_six_plus_tres50,CAMP-154,UNI,suh_melanoma_nras,D1_no_detected_evidence_or_insufficient_disclosure,D0_documented_disjoint,broad_nonoverlap_statement,
blanket_six_plus_tres50,CAMP-155,Virchow,mshs_bca_er,D1_no_detected_evidence_or_insufficient_disclosure,D1_no_detected_evidence_or_insufficient_disclosure,source_specific_primary,
blanket_six_plus_tres50,CAMP-156,Virchow,mshs_bca_her2,D1_no_detected_evidence_or_insufficient_disclosure,D1_no_detected_evidence_or_insufficient_disclosure,source_specific_primary,
blanket_six_plus_tres50,CAMP-157,Virchow,mshs_bca_pr,D1_no_detected_evidence_or_insufficient_disclosure,D1_no_detected_evidence_or_insufficient_disclosure,source_specific_primary,
blanket_six_plus_tres50,CAMP-158,Virchow,mshs_biome_hrd,D1_no_detected_evidence_or_insufficient_disclosure,D1_no_detected_evidence_or_insufficient_disclosure,source_specific_primary,
blanket_six_plus_tres50,CAMP-159,Virchow,mshs_bladder,D1_no_detected_evidence_or_insufficient_disclosure,D1_no_detected_evidence_or_insufficient_disclosure,source_specific_primary,
blanket_six_plus_tres50,CAMP-160,Virchow,mshs_breast,D1_no_detected_evidence_or_insufficient_disclosure,D1_no_detected_evidence_or_insufficient_disclosure,source_specific_primary,
blanket_six_plus_tres50,CAMP-161,Virchow,mshs_colorectal,D1_no_detected_evidence_or_insufficient_disclosure,D1_no_detected_evidence_or_insufficient_disclosure,source_specific_primary,
blanket_six_plus_tres50,CAMP-162,Virchow,mshs_dcis,D1_no_detected_evidence_or_insufficient_disclosure,D1_no_detected_evidence_or_insufficient_disclosure,source_specific_primary,
blanket_six_plus_tres50,CAMP-163,Virchow,mshs_ibd,D1_no_detected_evidence_or_insufficient_disclosure,D1_no_detected_evidence_or_insufficient_disclosure,source_specific_primary,
blanket_six_plus_tres50,CAMP-164,Virchow,mshs_kidney,D1_no_detected_evidence_or_insufficient_disclosure,D1_no_detected_evidence_or_insufficient_disclosure,source_specific_primary,
blanket_six_plus_tres50,CAMP-165,Virchow,mshs_luad_egfr,D1_no_detected_evidence_or_insufficient_disclosure,D1_no_detected_evidence_or_insufficient_disclosure,source_specific_primary,
blanket_six_plus_tres50,CAMP-166,Virchow,mshs_oral,D1_no_detected_evidence_or_insufficient_disclosure,D1_no_detected_evidence_or_insufficient_disclosure,source_specific_primary,
blanket_six_plus_tres50,CAMP-167,Virchow,mshs_prostate,D1_no_detected_evidence_or_insufficient_disclosure,D1_no_detected_evidence_or_insufficient_disclosure,source_specific_primary,
blanket_six_plus_tres50,CAMP-168,Virchow,mshs_thyroid,D1_no_detected_evidence_or_insufficient_disclosure,D1_no_detected_evidence_or_insufficient_disclosure,source_specific_primary,
blanket_six_plus_tres50,CAMP-169,Virchow,mskcc_luad_alk,D1_no_detected_evidence_or_insufficient_disclosure,D1_no_detected_evidence_or_insufficient_disclosure,source_specific_primary,overlap_cannot_be_excluded
blanket_six_plus_tres50,CAMP-170,Virchow,mskcc_luad_egfr,D1_no_detected_evidence_or_insufficient_disclosure,D1_no_detected_evidence_or_insufficient_disclosure,source_specific_primary,overlap_cannot_be_excluded
blanket_six_plus_tres50,CAMP-171,Virchow,mskcc_luad_kras,D1_no_detected_evidence_or_insufficient_disclosure,D1_no_detected_evidence_or_insufficient_disclosure,source_specific_primary,overlap_cannot_be_excluded
blanket_six_plus_tres50,CAMP-172,Virchow,mskcc_luad_stk11,D1_no_detected_evidence_or_insufficient_disclosure,D1_no_detected_evidence_or_insufficient_disclosure,source_specific_primary,overlap_cannot_be_excluded
blanket_six_plus_tres50,CAMP-173,Virchow,mskcc_luad_tp53,D1_no_detected_evidence_or_insufficient_disclosure,D1_no_detected_evidence_or_insufficient_disclosure,source_specific_primary,overlap_cannot_be_excluded
blanket_six_plus_tres50,CAMP-174,Virchow,mskcc_nsclc_io,D1_no_detected_evidence_or_insufficient_disclosure,D1_no_detected_evidence_or_insufficient_disclosure,source_specific_primary,overlap_cannot_be_excluded
blanket_six_plus_tres50,CAMP-175,Virchow,suh_melanoma_braf,D1_no_detected_evidence_or_insufficient_disclosure,D1_no_detected_evidence_or_insufficient_disclosure,source_specific_primary,
blanket_six_plus_tres50,CAMP-176,Virchow,suh_melanoma_nras,D1_no_detected_evidence_or_insufficient_disclosure,D1_no_detected_evidence_or_insufficient_disclosure,source_specific_primary,
blanket_six_plus_tres50,CAMP-177,Virchow2,mshs_bca_er,D1_no_detected_evidence_or_insufficient_disclosure,D1_no_detected_evidence_or_insufficient_disclosure,source_specific_primary,
blanket_six_plus_tres50,CAMP-178,Virchow2,mshs_bca_her2,D1_no_detected_evidence_or_insufficient_disclosure,D1_no_detected_evidence_or_insufficient_disclosure,source_specific_primary,
blanket_six_plus_tres50,CAMP-179,Virchow2,mshs_bca_pr,D1_no_detected_evidence_or_insufficient_disclosure,D1_no_detected_evidence_or_insufficient_disclosure,source_specific_primary,
blanket_six_plus_tres50,CAMP-180,Virchow2,mshs_biome_hrd,D1_no_detected_evidence_or_insufficient_disclosure,D1_no_detected_evidence_or_insufficient_disclosure,source_specific_primary,
blanket_six_plus_tres50,CAMP-181,Virchow2,mshs_bladder,D1_no_detected_evidence_or_insufficient_disclosure,D1_no_detected_evidence_or_insufficient_disclosure,source_specific_primary,
blanket_six_plus_tres50,CAMP-182,Virchow2,mshs_breast,D1_no_detected_evidence_or_insufficient_disclosure,D1_no_detected_evidence_or_insufficient_disclosure,source_specific_primary,
blanket_six_plus_tres50,CAMP-183,Virchow2,mshs_colorectal,D1_no_detected_evidence_or_insufficient_disclosure,D1_no_detected_evidence_or_insufficient_disclosure,source_specific_primary,
blanket_six_plus_tres50,CAMP-184,Virchow2,mshs_dcis,D1_no_detected_evidence_or_insufficient_disclosure,D1_no_detected_evidence_or_insufficient_disclosure,source_specific_primary,
blanket_six_plus_tres50,CAMP-185,Virchow2,mshs_ibd,D1_no_detected_evidence_or_insufficient_disclosure,D1_no_detected_evidence_or_insufficient_disclosure,source_specific_primary,
blanket_six_plus_tres50,CAMP-186,Virchow2,mshs_kidney,D1_no_detected_evidence_or_insufficient_disclosure,D1_no_detected_evidence_or_insufficient_disclosure,source_specific_primary,
blanket_six_plus_tres50,CAMP-187,Virchow2,mshs_luad_egfr,D1_no_detected_evidence_or_insufficient_disclosure,D1_no_detected_evidence_or_insufficient_disclosure,source_specific_primary,
blanket_six_plus_tres50,CAMP-188,Virchow2,mshs_oral,D1_no_detected_evidence_or_insufficient_disclosure,D1_no_detected_evidence_or_insufficient_disclosure,source_specific_primary,
blanket_six_plus_tres50,CAMP-189,Virchow2,mshs_prostate,D1_no_detected_evidence_or_insufficient_disclosure,D1_no_detected_evidence_or_insufficient_disclosure,source_specific_primary,
blanket_six_plus_tres50,CAMP-190,Virchow2,mshs_thyroid,D1_no_detected_evidence_or_insufficient_disclosure,D1_no_detected_evidence_or_insufficient_disclosure,source_specific_primary,
blanket_six_plus_tres50,CAMP-191,Virchow2,mskcc_luad_alk,D1_no_detected_evidence_or_insufficient_disclosure,D1_no_detected_evidence_or_insufficient_disclosure,source_specific_primary,overlap_cannot_be_excluded
blanket_six_plus_tres50,CAMP-192,Virchow2,mskcc_luad_egfr,D1_no_detected_evidence_or_insufficient_disclosure,D1_no_detected_evidence_or_insufficient_disclosure,source_specific_primary,overlap_cannot_be_excluded
blanket_six_plus_tres50,CAMP-193,Virchow2,mskcc_luad_kras,D1_no_detected_evidence_or_insufficient_disclosure,D1_no_detected_evidence_or_insufficient_disclosure,source_specific_primary,overlap_cannot_be_excluded
blanket_six_plus_tres50,CAMP-194,Virchow2,mskcc_luad_stk11,D1_no_detected_evidence_or_insufficient_disclosure,D1_no_detected_evidence_or_insufficient_disclosure,source_specific_primary,overlap_cannot_be_excluded
blanket_six_plus_tres50,CAMP-195,Virchow2,mskcc_luad_tp53,D1_no_detected_evidence_or_insufficient_disclosure,D1_no_detected_evidence_or_insufficient_disclosure,source_specific_primary,overlap_cannot_be_excluded
blanket_six_plus_tres50,CAMP-196,Virchow2,mskcc_nsclc_io,D1_no_detected_evidence_or_insufficient_disclosure,D1_no_detected_evidence_or_insufficient_disclosure,source_specific_primary,overlap_cannot_be_excluded
blanket_six_plus_tres50,CAMP-197,Virchow2,suh_melanoma_braf,D1_no_detected_evidence_or_insufficient_disclosure,D1_no_detected_evidence_or_insufficient_disclosure,source_specific_primary,
blanket_six_plus_tres50,CAMP-198,Virchow2,suh_melanoma_nras,D1_no_detected_evidence_or_insufficient_disclosure,D1_no_detected_evidence_or_insufficient_disclosure,source_specific_primary,
blanket_six_plus_tres50,CAMP-199,h-optimus-0,mshs_bca_er,D1_no_detected_evidence_or_insufficient_disclosure,D0_documented_disjoint,broad_nonoverlap_statement,
blanket_six_plus_tres50,CAMP-200,h-optimus-0,mshs_bca_her2,D1_no_detected_evidence_or_insufficient_disclosure,D0_documented_disjoint,broad_nonoverlap_statement,
blanket_six_plus_tres50,CAMP-201,h-optimus-0,mshs_bca_pr,D1_no_detected_evidence_or_insufficient_disclosure,D0_documented_disjoint,broad_nonoverlap_statement,
blanket_six_plus_tres50,CAMP-202,h-optimus-0,mshs_biome_hrd,D1_no_detected_evidence_or_insufficient_disclosure,D0_documented_disjoint,broad_nonoverlap_statement,
blanket_six_plus_tres50,CAMP-203,h-optimus-0,mshs_bladder,D1_no_detected_evidence_or_insufficient_disclosure,D0_documented_disjoint,broad_nonoverlap_statement,
blanket_six_plus_tres50,CAMP-204,h-optimus-0,mshs_breast,D1_no_detected_evidence_or_insufficient_disclosure,D0_documented_disjoint,broad_nonoverlap_statement,
blanket_six_plus_tres50,CAMP-205,h-optimus-0,mshs_colorectal,D1_no_detected_evidence_or_insufficient_disclosure,D0_documented_disjoint,broad_nonoverlap_statement,
blanket_six_plus_tres50,CAMP-206,h-optimus-0,mshs_dcis,D1_no_detected_evidence_or_insufficient_disclosure,D0_documented_disjoint,broad_nonoverlap_statement,
blanket_six_plus_tres50,CAMP-207,h-optimus-0,mshs_ibd,D1_no_detected_evidence_or_insufficient_disclosure,D0_documented_disjoint,broad_nonoverlap_statement,
blanket_six_plus_tres50,CAMP-208,h-optimus-0,mshs_kidney,D1_no_detected_evidence_or_insufficient_disclosure,D0_documented_disjoint,broad_nonoverlap_statement,
blanket_six_plus_tres50,CAMP-209,h-optimus-0,mshs_luad_egfr,D1_no_detected_evidence_or_insufficient_disclosure,D0_documented_disjoint,broad_nonoverlap_statement,
blanket_six_plus_tres50,CAMP-210,h-optimus-0,mshs_oral,D1_no_detected_evidence_or_insufficient_disclosure,D0_documented_disjoint,broad_nonoverlap_statement,
blanket_six_plus_tres50,CAMP-211,h-optimus-0,mshs_prostate,D1_no_detected_evidence_or_insufficient_disclosure,D0_documented_disjoint,broad_nonoverlap_statement,
blanket_six_plus_tres50,CAMP-212,h-optimus-0,mshs_thyroid,D1_no_detected_evidence_or_insufficient_disclosure,D0_documented_disjoint,broad_nonoverlap_statement,
blanket_six_plus_tres50,CAMP-213,h-optimus-0,mskcc_luad_alk,D1_no_detected_evidence_or_insufficient_disclosure,D0_documented_disjoint,broad_nonoverlap_statement,
blanket_six_plus_tres50,CAMP-214,h-optimus-0,mskcc_luad_egfr,D1_no_detected_evidence_or_insufficient_disclosure,D0_documented_disjoint,broad_nonoverlap_statement,
blanket_six_plus_tres50,CAMP-215,h-optimus-0,mskcc_luad_kras,D1_no_detected_evidence_or_insufficient_disclosure,D0_documented_disjoint,broad_nonoverlap_statement,
blanket_six_plus_tres50,CAMP-216,h-optimus-0,mskcc_luad_stk11,D1_no_detected_evidence_or_insufficient_disclosure,D0_documented_disjoint,broad_nonoverlap_statement,
blanket_six_plus_tres50,CAMP-217,h-optimus-0,mskcc_luad_tp53,D1_no_detected_evidence_or_insufficient_disclosure,D0_documented_disjoint,broad_nonoverlap_statement,
blanket_six_plus_tres50,CAMP-218,h-optimus-0,mskcc_nsclc_io,D1_no_detected_evidence_or_insufficient_disclosure,D0_documented_disjoint,broad_nonoverlap_statement,
blanket_six_plus_tres50,CAMP-219,h-optimus-0,suh_melanoma_braf,D1_no_detected_evidence_or_insufficient_disclosure,D0_documented_disjoint,broad_nonoverlap_statement,
blanket_six_plus_tres50,CAMP-220,h-optimus-0,suh_melanoma_nras,D1_no_detected_evidence_or_insufficient_disclosure,D0_documented_disjoint,broad_nonoverlap_statement,
blanket_six_plus_tres50,CAMP-221,tRes50,mshs_bca_er,D1_no_detected_evidence_or_insufficient_disclosure,D0_documented_disjoint,broad_nonoverlap_statement,
blanket_six_plus_tres50,CAMP-222,tRes50,mshs_bca_her2,D1_no_detected_evidence_or_insufficient_disclosure,D0_documented_disjoint,broad_nonoverlap_statement,
blanket_six_plus_tres50,CAMP-223,tRes50,mshs_bca_pr,D1_no_detected_evidence_or_insufficient_disclosure,D0_documented_disjoint,broad_nonoverlap_statement,
blanket_six_plus_tres50,CAMP-224,tRes50,mshs_biome_hrd,D1_no_detected_evidence_or_insufficient_disclosure,D0_documented_disjoint,broad_nonoverlap_statement,
blanket_six_plus_tres50,CAMP-225,tRes50,mshs_bladder,D1_no_detected_evidence_or_insufficient_disclosure,D0_documented_disjoint,broad_nonoverlap_statement,
blanket_six_plus_tres50,CAMP-226,tRes50,mshs_breast,D1_no_detected_evidence_or_insufficient_disclosure,D0_documented_disjoint,broad_nonoverlap_statement,
blanket_six_plus_tres50,CAMP-227,tRes50,mshs_colorectal,D1_no_detected_evidence_or_insufficient_disclosure,D0_documented_disjoint,broad_nonoverlap_statement,
blanket_six_plus_tres50,CAMP-228,tRes50,mshs_dcis,D1_no_detected_evidence_or_insufficient_disclosure,D0_documented_disjoint,broad_nonoverlap_statement,
blanket_six_plus_tres50,CAMP-229,tRes50,mshs_ibd,D1_no_detected_evidence_or_insufficient_disclosure,D0_documented_disjoint,broad_nonoverlap_statement,
blanket_six_plus_tres50,CAMP-230,tRes50,mshs_kidney,D1_no_detected_evidence_or_insufficient_disclosure,D0_documented_disjoint,broad_nonoverlap_statement,
blanket_six_plus_tres50,CAMP-231,tRes50,mshs_luad_egfr,D1_no_detected_evidence_or_insufficient_disclosure,D0_documented_disjoint,broad_nonoverlap_statement,
blanket_six_plus_tres50,CAMP-232,tRes50,mshs_oral,D1_no_detected_evidence_or_insufficient_disclosure,D0_documented_disjoint,broad_nonoverlap_statement,
blanket_six_plus_tres50,CAMP-233,tRes50,mshs_prostate,D1_no_detected_evidence_or_insufficient_disclosure,D0_documented_disjoint,broad_nonoverlap_statement,
blanket_six_plus_tres50,CAMP-234,tRes50,mshs_thyroid,D1_no_detected_evidence_or_insufficient_disclosure,D0_documented_disjoint,broad_nonoverlap_statement,
blanket_six_plus_tres50,CAMP-235,tRes50,mskcc_luad_alk,D1_no_detected_evidence_or_insufficient_disclosure,D0_documented_disjoint,broad_nonoverlap_statement,
blanket_six_plus_tres50,CAMP-236,tRes50,mskcc_luad_egfr,D1_no_detected_evidence_or_insufficient_disclosure,D0_documented_disjoint,broad_nonoverlap_statement,
blanket_six_plus_tres50,CAMP-237,tRes50,mskcc_luad_kras,D1_no_detected_evidence_or_insufficient_disclosure,D0_documented_disjoint,broad_nonoverlap_statement,
blanket_six_plus_tres50,CAMP-238,tRes50,mskcc_luad_stk11,D1_no_detected_evidence_or_insufficient_disclosure,D0_documented_disjoint,broad_nonoverlap_statement,
blanket_six_plus_tres50,CAMP-239,tRes50,mskcc_luad_tp53,D1_no_detected_evidence_or_insufficient_disclosure,D0_documented_disjoint,broad_nonoverlap_statement,
blanket_six_plus_tres50,CAMP-240,tRes50,mskcc_nsclc_io,D1_no_detected_evidence_or_insufficient_disclosure,D0_documented_disjoint,broad_nonoverlap_statement,
blanket_six_plus_tres50,CAMP-241,tRes50,suh_melanoma_braf,D1_no_detected_evidence_or_insufficient_disclosure,D0_documented_disjoint,broad_nonoverlap_statement,
blanket_six_plus_tres50,CAMP-242,tRes50,suh_melanoma_nras,D1_no_detected_evidence_or_insufficient_disclosure,D0_documented_disjoint,broad_nonoverlap_statement,
