transport_row_id,benchmark_id,model_label,model_id,task_name,task_id,task_type,evaluation_institution,canonical_evaluation_dataset_id,source_table,dataset_label_resolvable,exposure_scope,benchmark_exposure_scope,evidence_strength,conflict_flag,independence_statement,evidence_url,rule_changed_after_freeze
CAMP-001,campanella_2025_clinical,CTransPath,ctranspath,MSHS BCa ER,mshs_bca_er,biomarker_prediction,MSHS,campanella_mshs_bca_er,figure_2.csv,Yes,D1_no_detected_evidence_or_insufficient_disclosure,D1_no_detected_evidence_or_insufficient_disclosure,D_incomplete_or_ambiguous_disclosure,False,The frozen public evidence does not document disjointness or a containing-corpus relationship for this model-task pair; independence cannot be assumed.,https://pmc.ncbi.nlm.nih.gov/articles/PMC12003829/,No
CAMP-002,campanella_2025_clinical,CTransPath,ctranspath,MSHS BCa HER2,mshs_bca_her2,biomarker_prediction,MSHS,campanella_mshs_bca_her2,figure_2.csv,Yes,D1_no_detected_evidence_or_insufficient_disclosure,D1_no_detected_evidence_or_insufficient_disclosure,D_incomplete_or_ambiguous_disclosure,False,The frozen public evidence does not document disjointness or a containing-corpus relationship for this model-task pair; independence cannot be assumed.,https://pmc.ncbi.nlm.nih.gov/articles/PMC12003829/,No
CAMP-003,campanella_2025_clinical,CTransPath,ctranspath,MSHS BCa PR,mshs_bca_pr,biomarker_prediction,MSHS,campanella_mshs_bca_pr,figure_2.csv,Yes,D1_no_detected_evidence_or_insufficient_disclosure,D1_no_detected_evidence_or_insufficient_disclosure,D_incomplete_or_ambiguous_disclosure,False,The frozen public evidence does not document disjointness or a containing-corpus relationship for this model-task pair; independence cannot be assumed.,https://pmc.ncbi.nlm.nih.gov/articles/PMC12003829/,No
CAMP-004,campanella_2025_clinical,CTransPath,ctranspath,MSHS BioMe HRD,mshs_biome_hrd,biomarker_prediction,MSHS,campanella_mshs_biome_hrd,figure_2.csv,Yes,D1_no_detected_evidence_or_insufficient_disclosure,D1_no_detected_evidence_or_insufficient_disclosure,D_incomplete_or_ambiguous_disclosure,False,The frozen public evidence does not document disjointness or a containing-corpus relationship for this model-task pair; independence cannot be assumed.,https://pmc.ncbi.nlm.nih.gov/articles/PMC12003829/,No
CAMP-005,campanella_2025_clinical,CTransPath,ctranspath,MSHS Bladder,mshs_bladder,disease_detection,MSHS,campanella_mshs_bladder,figure_1.csv,Yes,D1_no_detected_evidence_or_insufficient_disclosure,D1_no_detected_evidence_or_insufficient_disclosure,D_incomplete_or_ambiguous_disclosure,False,The frozen public evidence does not document disjointness or a containing-corpus relationship for this model-task pair; independence cannot be assumed.,https://pmc.ncbi.nlm.nih.gov/articles/PMC12003829/,No
CAMP-006,campanella_2025_clinical,CTransPath,ctranspath,MSHS Breast,mshs_breast,disease_detection,MSHS,campanella_mshs_breast,figure_1.csv,Yes,D1_no_detected_evidence_or_insufficient_disclosure,D1_no_detected_evidence_or_insufficient_disclosure,D_incomplete_or_ambiguous_disclosure,False,The frozen public evidence does not document disjointness or a containing-corpus relationship for this model-task pair; independence cannot be assumed.,https://pmc.ncbi.nlm.nih.gov/articles/PMC12003829/,No
CAMP-007,campanella_2025_clinical,CTransPath,ctranspath,MSHS Colorectal,mshs_colorectal,disease_detection,MSHS,campanella_mshs_colorectal,figure_1.csv,Yes,D1_no_detected_evidence_or_insufficient_disclosure,D1_no_detected_evidence_or_insufficient_disclosure,D_incomplete_or_ambiguous_disclosure,False,The frozen public evidence does not document disjointness or a containing-corpus relationship for this model-task pair; independence cannot be assumed.,https://pmc.ncbi.nlm.nih.gov/articles/PMC12003829/,No
CAMP-008,campanella_2025_clinical,CTransPath,ctranspath,MSHS DCIS,mshs_dcis,disease_detection,MSHS,campanella_mshs_dcis,figure_1.csv,Yes,D1_no_detected_evidence_or_insufficient_disclosure,D1_no_detected_evidence_or_insufficient_disclosure,D_incomplete_or_ambiguous_disclosure,False,The frozen public evidence does not document disjointness or a containing-corpus relationship for this model-task pair; independence cannot be assumed.,https://pmc.ncbi.nlm.nih.gov/articles/PMC12003829/,No
CAMP-009,campanella_2025_clinical,CTransPath,ctranspath,MSHS IBD,mshs_ibd,disease_detection,MSHS,campanella_mshs_ibd,figure_1.csv,Yes,D1_no_detected_evidence_or_insufficient_disclosure,D1_no_detected_evidence_or_insufficient_disclosure,D_incomplete_or_ambiguous_disclosure,False,The frozen public evidence does not document disjointness or a containing-corpus relationship for this model-task pair; independence cannot be assumed.,https://pmc.ncbi.nlm.nih.gov/articles/PMC12003829/,No
CAMP-010,campanella_2025_clinical,CTransPath,ctranspath,MSHS Kidney,mshs_kidney,disease_detection,MSHS,campanella_mshs_kidney,figure_1.csv,Yes,D1_no_detected_evidence_or_insufficient_disclosure,D1_no_detected_evidence_or_insufficient_disclosure,D_incomplete_or_ambiguous_disclosure,False,The frozen public evidence does not document disjointness or a containing-corpus relationship for this model-task pair; independence cannot be assumed.,https://pmc.ncbi.nlm.nih.gov/articles/PMC12003829/,No
CAMP-011,campanella_2025_clinical,CTransPath,ctranspath,MSHS LUAD EGFR,mshs_luad_egfr,biomarker_prediction,MSHS,campanella_mshs_luad_egfr,figure_2.csv,Yes,D1_no_detected_evidence_or_insufficient_disclosure,D1_no_detected_evidence_or_insufficient_disclosure,D_incomplete_or_ambiguous_disclosure,False,The frozen public evidence does not document disjointness or a containing-corpus relationship for this model-task pair; independence cannot be assumed.,https://pmc.ncbi.nlm.nih.gov/articles/PMC12003829/,No
CAMP-012,campanella_2025_clinical,CTransPath,ctranspath,MSHS Oral,mshs_oral,disease_detection,MSHS,campanella_mshs_oral,figure_1.csv,Yes,D1_no_detected_evidence_or_insufficient_disclosure,D1_no_detected_evidence_or_insufficient_disclosure,D_incomplete_or_ambiguous_disclosure,False,The frozen public evidence does not document disjointness or a containing-corpus relationship for this model-task pair; independence cannot be assumed.,https://pmc.ncbi.nlm.nih.gov/articles/PMC12003829/,No
CAMP-013,campanella_2025_clinical,CTransPath,ctranspath,MSHS Prostate,mshs_prostate,disease_detection,MSHS,campanella_mshs_prostate,figure_1.csv,Yes,D1_no_detected_evidence_or_insufficient_disclosure,D1_no_detected_evidence_or_insufficient_disclosure,D_incomplete_or_ambiguous_disclosure,False,The frozen public evidence does not document disjointness or a containing-corpus relationship for this model-task pair; independence cannot be assumed.,https://pmc.ncbi.nlm.nih.gov/articles/PMC12003829/,No
CAMP-014,campanella_2025_clinical,CTransPath,ctranspath,MSHS Thyroid,mshs_thyroid,disease_detection,MSHS,campanella_mshs_thyroid,figure_1.csv,Yes,D1_no_detected_evidence_or_insufficient_disclosure,D1_no_detected_evidence_or_insufficient_disclosure,D_incomplete_or_ambiguous_disclosure,False,The frozen public evidence does not document disjointness or a containing-corpus relationship for this model-task pair; independence cannot be assumed.,https://pmc.ncbi.nlm.nih.gov/articles/PMC12003829/,No
CAMP-015,campanella_2025_clinical,CTransPath,ctranspath,MSKCC LUAD ALK,mskcc_luad_alk,biomarker_prediction,MSKCC,campanella_mskcc_luad_alk,figure_2.csv,Yes,D1_no_detected_evidence_or_insufficient_disclosure,D1_no_detected_evidence_or_insufficient_disclosure,D_incomplete_or_ambiguous_disclosure,False,The frozen public evidence does not document disjointness or a containing-corpus relationship for this model-task pair; independence cannot be assumed.,https://pmc.ncbi.nlm.nih.gov/articles/PMC12003829/,No
CAMP-016,campanella_2025_clinical,CTransPath,ctranspath,MSKCC LUAD EGFR,mskcc_luad_egfr,biomarker_prediction,MSKCC,campanella_mskcc_luad_egfr,figure_2.csv,Yes,D1_no_detected_evidence_or_insufficient_disclosure,D1_no_detected_evidence_or_insufficient_disclosure,D_incomplete_or_ambiguous_disclosure,False,The frozen public evidence does not document disjointness or a containing-corpus relationship for this model-task pair; independence cannot be assumed.,https://pmc.ncbi.nlm.nih.gov/articles/PMC12003829/,No
CAMP-017,campanella_2025_clinical,CTransPath,ctranspath,MSKCC LUAD KRAS,mskcc_luad_kras,biomarker_prediction,MSKCC,campanella_mskcc_luad_kras,figure_2.csv,Yes,D1_no_detected_evidence_or_insufficient_disclosure,D1_no_detected_evidence_or_insufficient_disclosure,D_incomplete_or_ambiguous_disclosure,False,The frozen public evidence does not document disjointness or a containing-corpus relationship for this model-task pair; independence cannot be assumed.,https://pmc.ncbi.nlm.nih.gov/articles/PMC12003829/,No
CAMP-018,campanella_2025_clinical,CTransPath,ctranspath,MSKCC LUAD STK11,mskcc_luad_stk11,biomarker_prediction,MSKCC,campanella_mskcc_luad_stk11,figure_2.csv,Yes,D1_no_detected_evidence_or_insufficient_disclosure,D1_no_detected_evidence_or_insufficient_disclosure,D_incomplete_or_ambiguous_disclosure,False,The frozen public evidence does not document disjointness or a containing-corpus relationship for this model-task pair; independence cannot be assumed.,https://pmc.ncbi.nlm.nih.gov/articles/PMC12003829/,No
CAMP-019,campanella_2025_clinical,CTransPath,ctranspath,MSKCC LUAD TP53,mskcc_luad_tp53,biomarker_prediction,MSKCC,campanella_mskcc_luad_tp53,figure_2.csv,Yes,D1_no_detected_evidence_or_insufficient_disclosure,D1_no_detected_evidence_or_insufficient_disclosure,D_incomplete_or_ambiguous_disclosure,False,The frozen public evidence does not document disjointness or a containing-corpus relationship for this model-task pair; independence cannot be assumed.,https://pmc.ncbi.nlm.nih.gov/articles/PMC12003829/,No
CAMP-020,campanella_2025_clinical,CTransPath,ctranspath,MSKCC NSCLC IO,mskcc_nsclc_io,biomarker_prediction,MSKCC,campanella_mskcc_nsclc_io,figure_2.csv,Yes,D1_no_detected_evidence_or_insufficient_disclosure,D1_no_detected_evidence_or_insufficient_disclosure,D_incomplete_or_ambiguous_disclosure,False,The frozen public evidence does not document disjointness or a containing-corpus relationship for this model-task pair; independence cannot be assumed.,https://pmc.ncbi.nlm.nih.gov/articles/PMC12003829/,No
CAMP-021,campanella_2025_clinical,CTransPath,ctranspath,SUH Melanoma BRAF,suh_melanoma_braf,biomarker_prediction,SUH,campanella_suh_melanoma_braf,figure_2.csv,Yes,D1_no_detected_evidence_or_insufficient_disclosure,D1_no_detected_evidence_or_insufficient_disclosure,D_incomplete_or_ambiguous_disclosure,False,The frozen public evidence does not document disjointness or a containing-corpus relationship for this model-task pair; independence cannot be assumed.,https://pmc.ncbi.nlm.nih.gov/articles/PMC12003829/,No
CAMP-022,campanella_2025_clinical,CTransPath,ctranspath,SUH Melanoma NRAS,suh_melanoma_nras,biomarker_prediction,SUH,campanella_suh_melanoma_nras,figure_2.csv,Yes,D1_no_detected_evidence_or_insufficient_disclosure,D1_no_detected_evidence_or_insufficient_disclosure,D_incomplete_or_ambiguous_disclosure,False,The frozen public evidence does not document disjointness or a containing-corpus relationship for this model-task pair; independence cannot be assumed.,https://pmc.ncbi.nlm.nih.gov/articles/PMC12003829/,No
CAMP-023,campanella_2025_clinical,Phikon,phikon,MSHS BCa ER,mshs_bca_er,biomarker_prediction,MSHS,campanella_mshs_bca_er,figure_2.csv,Yes,D1_no_detected_evidence_or_insufficient_disclosure,D1_no_detected_evidence_or_insufficient_disclosure,D_incomplete_or_ambiguous_disclosure,False,The frozen public evidence does not document disjointness or a containing-corpus relationship for this model-task pair; independence cannot be assumed.,https://pmc.ncbi.nlm.nih.gov/articles/PMC12003829/,No
CAMP-024,campanella_2025_clinical,Phikon,phikon,MSHS BCa HER2,mshs_bca_her2,biomarker_prediction,MSHS,campanella_mshs_bca_her2,figure_2.csv,Yes,D1_no_detected_evidence_or_insufficient_disclosure,D1_no_detected_evidence_or_insufficient_disclosure,D_incomplete_or_ambiguous_disclosure,False,The frozen public evidence does not document disjointness or a containing-corpus relationship for this model-task pair; independence cannot be assumed.,https://pmc.ncbi.nlm.nih.gov/articles/PMC12003829/,No
CAMP-025,campanella_2025_clinical,Phikon,phikon,MSHS BCa PR,mshs_bca_pr,biomarker_prediction,MSHS,campanella_mshs_bca_pr,figure_2.csv,Yes,D1_no_detected_evidence_or_insufficient_disclosure,D1_no_detected_evidence_or_insufficient_disclosure,D_incomplete_or_ambiguous_disclosure,False,The frozen public evidence does not document disjointness or a containing-corpus relationship for this model-task pair; independence cannot be assumed.,https://pmc.ncbi.nlm.nih.gov/articles/PMC12003829/,No
CAMP-026,campanella_2025_clinical,Phikon,phikon,MSHS BioMe HRD,mshs_biome_hrd,biomarker_prediction,MSHS,campanella_mshs_biome_hrd,figure_2.csv,Yes,D1_no_detected_evidence_or_insufficient_disclosure,D1_no_detected_evidence_or_insufficient_disclosure,D_incomplete_or_ambiguous_disclosure,False,The frozen public evidence does not document disjointness or a containing-corpus relationship for this model-task pair; independence cannot be assumed.,https://pmc.ncbi.nlm.nih.gov/articles/PMC12003829/,No
CAMP-027,campanella_2025_clinical,Phikon,phikon,MSHS Bladder,mshs_bladder,disease_detection,MSHS,campanella_mshs_bladder,figure_1.csv,Yes,D1_no_detected_evidence_or_insufficient_disclosure,D1_no_detected_evidence_or_insufficient_disclosure,D_incomplete_or_ambiguous_disclosure,False,The frozen public evidence does not document disjointness or a containing-corpus relationship for this model-task pair; independence cannot be assumed.,https://pmc.ncbi.nlm.nih.gov/articles/PMC12003829/,No
CAMP-028,campanella_2025_clinical,Phikon,phikon,MSHS Breast,mshs_breast,disease_detection,MSHS,campanella_mshs_breast,figure_1.csv,Yes,D1_no_detected_evidence_or_insufficient_disclosure,D1_no_detected_evidence_or_insufficient_disclosure,D_incomplete_or_ambiguous_disclosure,False,The frozen public evidence does not document disjointness or a containing-corpus relationship for this model-task pair; independence cannot be assumed.,https://pmc.ncbi.nlm.nih.gov/articles/PMC12003829/,No
CAMP-029,campanella_2025_clinical,Phikon,phikon,MSHS Colorectal,mshs_colorectal,disease_detection,MSHS,campanella_mshs_colorectal,figure_1.csv,Yes,D1_no_detected_evidence_or_insufficient_disclosure,D1_no_detected_evidence_or_insufficient_disclosure,D_incomplete_or_ambiguous_disclosure,False,The frozen public evidence does not document disjointness or a containing-corpus relationship for this model-task pair; independence cannot be assumed.,https://pmc.ncbi.nlm.nih.gov/articles/PMC12003829/,No
CAMP-030,campanella_2025_clinical,Phikon,phikon,MSHS DCIS,mshs_dcis,disease_detection,MSHS,campanella_mshs_dcis,figure_1.csv,Yes,D1_no_detected_evidence_or_insufficient_disclosure,D1_no_detected_evidence_or_insufficient_disclosure,D_incomplete_or_ambiguous_disclosure,False,The frozen public evidence does not document disjointness or a containing-corpus relationship for this model-task pair; independence cannot be assumed.,https://pmc.ncbi.nlm.nih.gov/articles/PMC12003829/,No
CAMP-031,campanella_2025_clinical,Phikon,phikon,MSHS IBD,mshs_ibd,disease_detection,MSHS,campanella_mshs_ibd,figure_1.csv,Yes,D1_no_detected_evidence_or_insufficient_disclosure,D1_no_detected_evidence_or_insufficient_disclosure,D_incomplete_or_ambiguous_disclosure,False,The frozen public evidence does not document disjointness or a containing-corpus relationship for this model-task pair; independence cannot be assumed.,https://pmc.ncbi.nlm.nih.gov/articles/PMC12003829/,No
CAMP-032,campanella_2025_clinical,Phikon,phikon,MSHS Kidney,mshs_kidney,disease_detection,MSHS,campanella_mshs_kidney,figure_1.csv,Yes,D1_no_detected_evidence_or_insufficient_disclosure,D1_no_detected_evidence_or_insufficient_disclosure,D_incomplete_or_ambiguous_disclosure,False,The frozen public evidence does not document disjointness or a containing-corpus relationship for this model-task pair; independence cannot be assumed.,https://pmc.ncbi.nlm.nih.gov/articles/PMC12003829/,No
CAMP-033,campanella_2025_clinical,Phikon,phikon,MSHS LUAD EGFR,mshs_luad_egfr,biomarker_prediction,MSHS,campanella_mshs_luad_egfr,figure_2.csv,Yes,D1_no_detected_evidence_or_insufficient_disclosure,D1_no_detected_evidence_or_insufficient_disclosure,D_incomplete_or_ambiguous_disclosure,False,The frozen public evidence does not document disjointness or a containing-corpus relationship for this model-task pair; independence cannot be assumed.,https://pmc.ncbi.nlm.nih.gov/articles/PMC12003829/,No
CAMP-034,campanella_2025_clinical,Phikon,phikon,MSHS Oral,mshs_oral,disease_detection,MSHS,campanella_mshs_oral,figure_1.csv,Yes,D1_no_detected_evidence_or_insufficient_disclosure,D1_no_detected_evidence_or_insufficient_disclosure,D_incomplete_or_ambiguous_disclosure,False,The frozen public evidence does not document disjointness or a containing-corpus relationship for this model-task pair; independence cannot be assumed.,https://pmc.ncbi.nlm.nih.gov/articles/PMC12003829/,No
CAMP-035,campanella_2025_clinical,Phikon,phikon,MSHS Prostate,mshs_prostate,disease_detection,MSHS,campanella_mshs_prostate,figure_1.csv,Yes,D1_no_detected_evidence_or_insufficient_disclosure,D1_no_detected_evidence_or_insufficient_disclosure,D_incomplete_or_ambiguous_disclosure,False,The frozen public evidence does not document disjointness or a containing-corpus relationship for this model-task pair; independence cannot be assumed.,https://pmc.ncbi.nlm.nih.gov/articles/PMC12003829/,No
CAMP-036,campanella_2025_clinical,Phikon,phikon,MSHS Thyroid,mshs_thyroid,disease_detection,MSHS,campanella_mshs_thyroid,figure_1.csv,Yes,D1_no_detected_evidence_or_insufficient_disclosure,D1_no_detected_evidence_or_insufficient_disclosure,D_incomplete_or_ambiguous_disclosure,False,The frozen public evidence does not document disjointness or a containing-corpus relationship for this model-task pair; independence cannot be assumed.,https://pmc.ncbi.nlm.nih.gov/articles/PMC12003829/,No
CAMP-037,campanella_2025_clinical,Phikon,phikon,MSKCC LUAD ALK,mskcc_luad_alk,biomarker_prediction,MSKCC,campanella_mskcc_luad_alk,figure_2.csv,Yes,D1_no_detected_evidence_or_insufficient_disclosure,D1_no_detected_evidence_or_insufficient_disclosure,D_incomplete_or_ambiguous_disclosure,False,The frozen public evidence does not document disjointness or a containing-corpus relationship for this model-task pair; independence cannot be assumed.,https://pmc.ncbi.nlm.nih.gov/articles/PMC12003829/,No
CAMP-038,campanella_2025_clinical,Phikon,phikon,MSKCC LUAD EGFR,mskcc_luad_egfr,biomarker_prediction,MSKCC,campanella_mskcc_luad_egfr,figure_2.csv,Yes,D1_no_detected_evidence_or_insufficient_disclosure,D1_no_detected_evidence_or_insufficient_disclosure,D_incomplete_or_ambiguous_disclosure,False,The frozen public evidence does not document disjointness or a containing-corpus relationship for this model-task pair; independence cannot be assumed.,https://pmc.ncbi.nlm.nih.gov/articles/PMC12003829/,No
CAMP-039,campanella_2025_clinical,Phikon,phikon,MSKCC LUAD KRAS,mskcc_luad_kras,biomarker_prediction,MSKCC,campanella_mskcc_luad_kras,figure_2.csv,Yes,D1_no_detected_evidence_or_insufficient_disclosure,D1_no_detected_evidence_or_insufficient_disclosure,D_incomplete_or_ambiguous_disclosure,False,The frozen public evidence does not document disjointness or a containing-corpus relationship for this model-task pair; independence cannot be assumed.,https://pmc.ncbi.nlm.nih.gov/articles/PMC12003829/,No
CAMP-040,campanella_2025_clinical,Phikon,phikon,MSKCC LUAD STK11,mskcc_luad_stk11,biomarker_prediction,MSKCC,campanella_mskcc_luad_stk11,figure_2.csv,Yes,D1_no_detected_evidence_or_insufficient_disclosure,D1_no_detected_evidence_or_insufficient_disclosure,D_incomplete_or_ambiguous_disclosure,False,The frozen public evidence does not document disjointness or a containing-corpus relationship for this model-task pair; independence cannot be assumed.,https://pmc.ncbi.nlm.nih.gov/articles/PMC12003829/,No
CAMP-041,campanella_2025_clinical,Phikon,phikon,MSKCC LUAD TP53,mskcc_luad_tp53,biomarker_prediction,MSKCC,campanella_mskcc_luad_tp53,figure_2.csv,Yes,D1_no_detected_evidence_or_insufficient_disclosure,D1_no_detected_evidence_or_insufficient_disclosure,D_incomplete_or_ambiguous_disclosure,False,The frozen public evidence does not document disjointness or a containing-corpus relationship for this model-task pair; independence cannot be assumed.,https://pmc.ncbi.nlm.nih.gov/articles/PMC12003829/,No
CAMP-042,campanella_2025_clinical,Phikon,phikon,MSKCC NSCLC IO,mskcc_nsclc_io,biomarker_prediction,MSKCC,campanella_mskcc_nsclc_io,figure_2.csv,Yes,D1_no_detected_evidence_or_insufficient_disclosure,D1_no_detected_evidence_or_insufficient_disclosure,D_incomplete_or_ambiguous_disclosure,False,The frozen public evidence does not document disjointness or a containing-corpus relationship for this model-task pair; independence cannot be assumed.,https://pmc.ncbi.nlm.nih.gov/articles/PMC12003829/,No
CAMP-043,campanella_2025_clinical,Phikon,phikon,SUH Melanoma BRAF,suh_melanoma_braf,biomarker_prediction,SUH,campanella_suh_melanoma_braf,figure_2.csv,Yes,D1_no_detected_evidence_or_insufficient_disclosure,D1_no_detected_evidence_or_insufficient_disclosure,D_incomplete_or_ambiguous_disclosure,False,The frozen public evidence does not document disjointness or a containing-corpus relationship for this model-task pair; independence cannot be assumed.,https://pmc.ncbi.nlm.nih.gov/articles/PMC12003829/,No
CAMP-044,campanella_2025_clinical,Phikon,phikon,SUH Melanoma NRAS,suh_melanoma_nras,biomarker_prediction,SUH,campanella_suh_melanoma_nras,figure_2.csv,Yes,D1_no_detected_evidence_or_insufficient_disclosure,D1_no_detected_evidence_or_insufficient_disclosure,D_incomplete_or_ambiguous_disclosure,False,The frozen public evidence does not document disjointness or a containing-corpus relationship for this model-task pair; independence cannot be assumed.,https://pmc.ncbi.nlm.nih.gov/articles/PMC12003829/,No
CAMP-045,campanella_2025_clinical,Phikon-v2,phikon_v2,MSHS BCa ER,mshs_bca_er,biomarker_prediction,MSHS,campanella_mshs_bca_er,figure_2.csv,Yes,D1_no_detected_evidence_or_insufficient_disclosure,D1_no_detected_evidence_or_insufficient_disclosure,D_incomplete_or_ambiguous_disclosure,False,The frozen public evidence does not document disjointness or a containing-corpus relationship for this model-task pair; independence cannot be assumed.,https://pmc.ncbi.nlm.nih.gov/articles/PMC12003829/,No
CAMP-046,campanella_2025_clinical,Phikon-v2,phikon_v2,MSHS BCa HER2,mshs_bca_her2,biomarker_prediction,MSHS,campanella_mshs_bca_her2,figure_2.csv,Yes,D1_no_detected_evidence_or_insufficient_disclosure,D1_no_detected_evidence_or_insufficient_disclosure,D_incomplete_or_ambiguous_disclosure,False,The frozen public evidence does not document disjointness or a containing-corpus relationship for this model-task pair; independence cannot be assumed.,https://pmc.ncbi.nlm.nih.gov/articles/PMC12003829/,No
CAMP-047,campanella_2025_clinical,Phikon-v2,phikon_v2,MSHS BCa PR,mshs_bca_pr,biomarker_prediction,MSHS,campanella_mshs_bca_pr,figure_2.csv,Yes,D1_no_detected_evidence_or_insufficient_disclosure,D1_no_detected_evidence_or_insufficient_disclosure,D_incomplete_or_ambiguous_disclosure,False,The frozen public evidence does not document disjointness or a containing-corpus relationship for this model-task pair; independence cannot be assumed.,https://pmc.ncbi.nlm.nih.gov/articles/PMC12003829/,No
CAMP-048,campanella_2025_clinical,Phikon-v2,phikon_v2,MSHS BioMe HRD,mshs_biome_hrd,biomarker_prediction,MSHS,campanella_mshs_biome_hrd,figure_2.csv,Yes,D1_no_detected_evidence_or_insufficient_disclosure,D1_no_detected_evidence_or_insufficient_disclosure,D_incomplete_or_ambiguous_disclosure,False,The frozen public evidence does not document disjointness or a containing-corpus relationship for this model-task pair; independence cannot be assumed.,https://pmc.ncbi.nlm.nih.gov/articles/PMC12003829/,No
CAMP-049,campanella_2025_clinical,Phikon-v2,phikon_v2,MSHS Bladder,mshs_bladder,disease_detection,MSHS,campanella_mshs_bladder,figure_1.csv,Yes,D1_no_detected_evidence_or_insufficient_disclosure,D1_no_detected_evidence_or_insufficient_disclosure,D_incomplete_or_ambiguous_disclosure,False,The frozen public evidence does not document disjointness or a containing-corpus relationship for this model-task pair; independence cannot be assumed.,https://pmc.ncbi.nlm.nih.gov/articles/PMC12003829/,No
CAMP-050,campanella_2025_clinical,Phikon-v2,phikon_v2,MSHS Breast,mshs_breast,disease_detection,MSHS,campanella_mshs_breast,figure_1.csv,Yes,D1_no_detected_evidence_or_insufficient_disclosure,D1_no_detected_evidence_or_insufficient_disclosure,D_incomplete_or_ambiguous_disclosure,False,The frozen public evidence does not document disjointness or a containing-corpus relationship for this model-task pair; independence cannot be assumed.,https://pmc.ncbi.nlm.nih.gov/articles/PMC12003829/,No
CAMP-051,campanella_2025_clinical,Phikon-v2,phikon_v2,MSHS Colorectal,mshs_colorectal,disease_detection,MSHS,campanella_mshs_colorectal,figure_1.csv,Yes,D1_no_detected_evidence_or_insufficient_disclosure,D1_no_detected_evidence_or_insufficient_disclosure,D_incomplete_or_ambiguous_disclosure,False,The frozen public evidence does not document disjointness or a containing-corpus relationship for this model-task pair; independence cannot be assumed.,https://pmc.ncbi.nlm.nih.gov/articles/PMC12003829/,No
CAMP-052,campanella_2025_clinical,Phikon-v2,phikon_v2,MSHS DCIS,mshs_dcis,disease_detection,MSHS,campanella_mshs_dcis,figure_1.csv,Yes,D1_no_detected_evidence_or_insufficient_disclosure,D1_no_detected_evidence_or_insufficient_disclosure,D_incomplete_or_ambiguous_disclosure,False,The frozen public evidence does not document disjointness or a containing-corpus relationship for this model-task pair; independence cannot be assumed.,https://pmc.ncbi.nlm.nih.gov/articles/PMC12003829/,No
CAMP-053,campanella_2025_clinical,Phikon-v2,phikon_v2,MSHS IBD,mshs_ibd,disease_detection,MSHS,campanella_mshs_ibd,figure_1.csv,Yes,D1_no_detected_evidence_or_insufficient_disclosure,D1_no_detected_evidence_or_insufficient_disclosure,D_incomplete_or_ambiguous_disclosure,False,The frozen public evidence does not document disjointness or a containing-corpus relationship for this model-task pair; independence cannot be assumed.,https://pmc.ncbi.nlm.nih.gov/articles/PMC12003829/,No
CAMP-054,campanella_2025_clinical,Phikon-v2,phikon_v2,MSHS Kidney,mshs_kidney,disease_detection,MSHS,campanella_mshs_kidney,figure_1.csv,Yes,D1_no_detected_evidence_or_insufficient_disclosure,D1_no_detected_evidence_or_insufficient_disclosure,D_incomplete_or_ambiguous_disclosure,False,The frozen public evidence does not document disjointness or a containing-corpus relationship for this model-task pair; independence cannot be assumed.,https://pmc.ncbi.nlm.nih.gov/articles/PMC12003829/,No
CAMP-055,campanella_2025_clinical,Phikon-v2,phikon_v2,MSHS LUAD EGFR,mshs_luad_egfr,biomarker_prediction,MSHS,campanella_mshs_luad_egfr,figure_2.csv,Yes,D1_no_detected_evidence_or_insufficient_disclosure,D1_no_detected_evidence_or_insufficient_disclosure,D_incomplete_or_ambiguous_disclosure,False,The frozen public evidence does not document disjointness or a containing-corpus relationship for this model-task pair; independence cannot be assumed.,https://pmc.ncbi.nlm.nih.gov/articles/PMC12003829/,No
CAMP-056,campanella_2025_clinical,Phikon-v2,phikon_v2,MSHS Oral,mshs_oral,disease_detection,MSHS,campanella_mshs_oral,figure_1.csv,Yes,D1_no_detected_evidence_or_insufficient_disclosure,D1_no_detected_evidence_or_insufficient_disclosure,D_incomplete_or_ambiguous_disclosure,False,The frozen public evidence does not document disjointness or a containing-corpus relationship for this model-task pair; independence cannot be assumed.,https://pmc.ncbi.nlm.nih.gov/articles/PMC12003829/,No
CAMP-057,campanella_2025_clinical,Phikon-v2,phikon_v2,MSHS Prostate,mshs_prostate,disease_detection,MSHS,campanella_mshs_prostate,figure_1.csv,Yes,D1_no_detected_evidence_or_insufficient_disclosure,D1_no_detected_evidence_or_insufficient_disclosure,D_incomplete_or_ambiguous_disclosure,False,The frozen public evidence does not document disjointness or a containing-corpus relationship for this model-task pair; independence cannot be assumed.,https://pmc.ncbi.nlm.nih.gov/articles/PMC12003829/,No
CAMP-058,campanella_2025_clinical,Phikon-v2,phikon_v2,MSHS Thyroid,mshs_thyroid,disease_detection,MSHS,campanella_mshs_thyroid,figure_1.csv,Yes,D1_no_detected_evidence_or_insufficient_disclosure,D1_no_detected_evidence_or_insufficient_disclosure,D_incomplete_or_ambiguous_disclosure,False,The frozen public evidence does not document disjointness or a containing-corpus relationship for this model-task pair; independence cannot be assumed.,https://pmc.ncbi.nlm.nih.gov/articles/PMC12003829/,No
CAMP-059,campanella_2025_clinical,Phikon-v2,phikon_v2,MSKCC LUAD ALK,mskcc_luad_alk,biomarker_prediction,MSKCC,campanella_mskcc_luad_alk,figure_2.csv,Yes,D1_no_detected_evidence_or_insufficient_disclosure,D1_no_detected_evidence_or_insufficient_disclosure,D_incomplete_or_ambiguous_disclosure,False,The frozen public evidence does not document disjointness or a containing-corpus relationship for this model-task pair; independence cannot be assumed.,https://pmc.ncbi.nlm.nih.gov/articles/PMC12003829/,No
CAMP-060,campanella_2025_clinical,Phikon-v2,phikon_v2,MSKCC LUAD EGFR,mskcc_luad_egfr,biomarker_prediction,MSKCC,campanella_mskcc_luad_egfr,figure_2.csv,Yes,D1_no_detected_evidence_or_insufficient_disclosure,D1_no_detected_evidence_or_insufficient_disclosure,D_incomplete_or_ambiguous_disclosure,False,The frozen public evidence does not document disjointness or a containing-corpus relationship for this model-task pair; independence cannot be assumed.,https://pmc.ncbi.nlm.nih.gov/articles/PMC12003829/,No
CAMP-061,campanella_2025_clinical,Phikon-v2,phikon_v2,MSKCC LUAD KRAS,mskcc_luad_kras,biomarker_prediction,MSKCC,campanella_mskcc_luad_kras,figure_2.csv,Yes,D1_no_detected_evidence_or_insufficient_disclosure,D1_no_detected_evidence_or_insufficient_disclosure,D_incomplete_or_ambiguous_disclosure,False,The frozen public evidence does not document disjointness or a containing-corpus relationship for this model-task pair; independence cannot be assumed.,https://pmc.ncbi.nlm.nih.gov/articles/PMC12003829/,No
CAMP-062,campanella_2025_clinical,Phikon-v2,phikon_v2,MSKCC LUAD STK11,mskcc_luad_stk11,biomarker_prediction,MSKCC,campanella_mskcc_luad_stk11,figure_2.csv,Yes,D1_no_detected_evidence_or_insufficient_disclosure,D1_no_detected_evidence_or_insufficient_disclosure,D_incomplete_or_ambiguous_disclosure,False,The frozen public evidence does not document disjointness or a containing-corpus relationship for this model-task pair; independence cannot be assumed.,https://pmc.ncbi.nlm.nih.gov/articles/PMC12003829/,No
CAMP-063,campanella_2025_clinical,Phikon-v2,phikon_v2,MSKCC LUAD TP53,mskcc_luad_tp53,biomarker_prediction,MSKCC,campanella_mskcc_luad_tp53,figure_2.csv,Yes,D1_no_detected_evidence_or_insufficient_disclosure,D1_no_detected_evidence_or_insufficient_disclosure,D_incomplete_or_ambiguous_disclosure,False,The frozen public evidence does not document disjointness or a containing-corpus relationship for this model-task pair; independence cannot be assumed.,https://pmc.ncbi.nlm.nih.gov/articles/PMC12003829/,No
CAMP-064,campanella_2025_clinical,Phikon-v2,phikon_v2,MSKCC NSCLC IO,mskcc_nsclc_io,biomarker_prediction,MSKCC,campanella_mskcc_nsclc_io,figure_2.csv,Yes,D1_no_detected_evidence_or_insufficient_disclosure,D1_no_detected_evidence_or_insufficient_disclosure,D_incomplete_or_ambiguous_disclosure,False,The frozen public evidence does not document disjointness or a containing-corpus relationship for this model-task pair; independence cannot be assumed.,https://pmc.ncbi.nlm.nih.gov/articles/PMC12003829/,No
CAMP-065,campanella_2025_clinical,Phikon-v2,phikon_v2,SUH Melanoma BRAF,suh_melanoma_braf,biomarker_prediction,SUH,campanella_suh_melanoma_braf,figure_2.csv,Yes,D1_no_detected_evidence_or_insufficient_disclosure,D1_no_detected_evidence_or_insufficient_disclosure,D_incomplete_or_ambiguous_disclosure,False,The frozen public evidence does not document disjointness or a containing-corpus relationship for this model-task pair; independence cannot be assumed.,https://pmc.ncbi.nlm.nih.gov/articles/PMC12003829/,No
CAMP-066,campanella_2025_clinical,Phikon-v2,phikon_v2,SUH Melanoma NRAS,suh_melanoma_nras,biomarker_prediction,SUH,campanella_suh_melanoma_nras,figure_2.csv,Yes,D1_no_detected_evidence_or_insufficient_disclosure,D1_no_detected_evidence_or_insufficient_disclosure,D_incomplete_or_ambiguous_disclosure,False,The frozen public evidence does not document disjointness or a containing-corpus relationship for this model-task pair; independence cannot be assumed.,https://pmc.ncbi.nlm.nih.gov/articles/PMC12003829/,No
CAMP-067,campanella_2025_clinical,Prov-GigaPath,prov_gigapath,MSHS BCa ER,mshs_bca_er,biomarker_prediction,MSHS,campanella_mshs_bca_er,figure_2.csv,Yes,D1_no_detected_evidence_or_insufficient_disclosure,D1_no_detected_evidence_or_insufficient_disclosure,D_incomplete_or_ambiguous_disclosure,False,The frozen public evidence does not document disjointness or a containing-corpus relationship for this model-task pair; independence cannot be assumed.,https://pmc.ncbi.nlm.nih.gov/articles/PMC12003829/,No
CAMP-068,campanella_2025_clinical,Prov-GigaPath,prov_gigapath,MSHS BCa HER2,mshs_bca_her2,biomarker_prediction,MSHS,campanella_mshs_bca_her2,figure_2.csv,Yes,D1_no_detected_evidence_or_insufficient_disclosure,D1_no_detected_evidence_or_insufficient_disclosure,D_incomplete_or_ambiguous_disclosure,False,The frozen public evidence does not document disjointness or a containing-corpus relationship for this model-task pair; independence cannot be assumed.,https://pmc.ncbi.nlm.nih.gov/articles/PMC12003829/,No
CAMP-069,campanella_2025_clinical,Prov-GigaPath,prov_gigapath,MSHS BCa PR,mshs_bca_pr,biomarker_prediction,MSHS,campanella_mshs_bca_pr,figure_2.csv,Yes,D1_no_detected_evidence_or_insufficient_disclosure,D1_no_detected_evidence_or_insufficient_disclosure,D_incomplete_or_ambiguous_disclosure,False,The frozen public evidence does not document disjointness or a containing-corpus relationship for this model-task pair; independence cannot be assumed.,https://pmc.ncbi.nlm.nih.gov/articles/PMC12003829/,No
CAMP-070,campanella_2025_clinical,Prov-GigaPath,prov_gigapath,MSHS BioMe HRD,mshs_biome_hrd,biomarker_prediction,MSHS,campanella_mshs_biome_hrd,figure_2.csv,Yes,D1_no_detected_evidence_or_insufficient_disclosure,D1_no_detected_evidence_or_insufficient_disclosure,D_incomplete_or_ambiguous_disclosure,False,The frozen public evidence does not document disjointness or a containing-corpus relationship for this model-task pair; independence cannot be assumed.,https://pmc.ncbi.nlm.nih.gov/articles/PMC12003829/,No
CAMP-071,campanella_2025_clinical,Prov-GigaPath,prov_gigapath,MSHS Bladder,mshs_bladder,disease_detection,MSHS,campanella_mshs_bladder,figure_1.csv,Yes,D1_no_detected_evidence_or_insufficient_disclosure,D1_no_detected_evidence_or_insufficient_disclosure,D_incomplete_or_ambiguous_disclosure,False,The frozen public evidence does not document disjointness or a containing-corpus relationship for this model-task pair; independence cannot be assumed.,https://pmc.ncbi.nlm.nih.gov/articles/PMC12003829/,No
CAMP-072,campanella_2025_clinical,Prov-GigaPath,prov_gigapath,MSHS Breast,mshs_breast,disease_detection,MSHS,campanella_mshs_breast,figure_1.csv,Yes,D1_no_detected_evidence_or_insufficient_disclosure,D1_no_detected_evidence_or_insufficient_disclosure,D_incomplete_or_ambiguous_disclosure,False,The frozen public evidence does not document disjointness or a containing-corpus relationship for this model-task pair; independence cannot be assumed.,https://pmc.ncbi.nlm.nih.gov/articles/PMC12003829/,No
CAMP-073,campanella_2025_clinical,Prov-GigaPath,prov_gigapath,MSHS Colorectal,mshs_colorectal,disease_detection,MSHS,campanella_mshs_colorectal,figure_1.csv,Yes,D1_no_detected_evidence_or_insufficient_disclosure,D1_no_detected_evidence_or_insufficient_disclosure,D_incomplete_or_ambiguous_disclosure,False,The frozen public evidence does not document disjointness or a containing-corpus relationship for this model-task pair; independence cannot be assumed.,https://pmc.ncbi.nlm.nih.gov/articles/PMC12003829/,No
CAMP-074,campanella_2025_clinical,Prov-GigaPath,prov_gigapath,MSHS DCIS,mshs_dcis,disease_detection,MSHS,campanella_mshs_dcis,figure_1.csv,Yes,D1_no_detected_evidence_or_insufficient_disclosure,D1_no_detected_evidence_or_insufficient_disclosure,D_incomplete_or_ambiguous_disclosure,False,The frozen public evidence does not document disjointness or a containing-corpus relationship for this model-task pair; independence cannot be assumed.,https://pmc.ncbi.nlm.nih.gov/articles/PMC12003829/,No
CAMP-075,campanella_2025_clinical,Prov-GigaPath,prov_gigapath,MSHS IBD,mshs_ibd,disease_detection,MSHS,campanella_mshs_ibd,figure_1.csv,Yes,D1_no_detected_evidence_or_insufficient_disclosure,D1_no_detected_evidence_or_insufficient_disclosure,D_incomplete_or_ambiguous_disclosure,False,The frozen public evidence does not document disjointness or a containing-corpus relationship for this model-task pair; independence cannot be assumed.,https://pmc.ncbi.nlm.nih.gov/articles/PMC12003829/,No
CAMP-076,campanella_2025_clinical,Prov-GigaPath,prov_gigapath,MSHS Kidney,mshs_kidney,disease_detection,MSHS,campanella_mshs_kidney,figure_1.csv,Yes,D1_no_detected_evidence_or_insufficient_disclosure,D1_no_detected_evidence_or_insufficient_disclosure,D_incomplete_or_ambiguous_disclosure,False,The frozen public evidence does not document disjointness or a containing-corpus relationship for this model-task pair; independence cannot be assumed.,https://pmc.ncbi.nlm.nih.gov/articles/PMC12003829/,No
CAMP-077,campanella_2025_clinical,Prov-GigaPath,prov_gigapath,MSHS LUAD EGFR,mshs_luad_egfr,biomarker_prediction,MSHS,campanella_mshs_luad_egfr,figure_2.csv,Yes,D1_no_detected_evidence_or_insufficient_disclosure,D1_no_detected_evidence_or_insufficient_disclosure,D_incomplete_or_ambiguous_disclosure,False,The frozen public evidence does not document disjointness or a containing-corpus relationship for this model-task pair; independence cannot be assumed.,https://pmc.ncbi.nlm.nih.gov/articles/PMC12003829/,No
CAMP-078,campanella_2025_clinical,Prov-GigaPath,prov_gigapath,MSHS Oral,mshs_oral,disease_detection,MSHS,campanella_mshs_oral,figure_1.csv,Yes,D1_no_detected_evidence_or_insufficient_disclosure,D1_no_detected_evidence_or_insufficient_disclosure,D_incomplete_or_ambiguous_disclosure,False,The frozen public evidence does not document disjointness or a containing-corpus relationship for this model-task pair; independence cannot be assumed.,https://pmc.ncbi.nlm.nih.gov/articles/PMC12003829/,No
CAMP-079,campanella_2025_clinical,Prov-GigaPath,prov_gigapath,MSHS Prostate,mshs_prostate,disease_detection,MSHS,campanella_mshs_prostate,figure_1.csv,Yes,D1_no_detected_evidence_or_insufficient_disclosure,D1_no_detected_evidence_or_insufficient_disclosure,D_incomplete_or_ambiguous_disclosure,False,The frozen public evidence does not document disjointness or a containing-corpus relationship for this model-task pair; independence cannot be assumed.,https://pmc.ncbi.nlm.nih.gov/articles/PMC12003829/,No
CAMP-080,campanella_2025_clinical,Prov-GigaPath,prov_gigapath,MSHS Thyroid,mshs_thyroid,disease_detection,MSHS,campanella_mshs_thyroid,figure_1.csv,Yes,D1_no_detected_evidence_or_insufficient_disclosure,D1_no_detected_evidence_or_insufficient_disclosure,D_incomplete_or_ambiguous_disclosure,False,The frozen public evidence does not document disjointness or a containing-corpus relationship for this model-task pair; independence cannot be assumed.,https://pmc.ncbi.nlm.nih.gov/articles/PMC12003829/,No
CAMP-081,campanella_2025_clinical,Prov-GigaPath,prov_gigapath,MSKCC LUAD ALK,mskcc_luad_alk,biomarker_prediction,MSKCC,campanella_mskcc_luad_alk,figure_2.csv,Yes,D1_no_detected_evidence_or_insufficient_disclosure,D1_no_detected_evidence_or_insufficient_disclosure,D_incomplete_or_ambiguous_disclosure,False,The frozen public evidence does not document disjointness or a containing-corpus relationship for this model-task pair; independence cannot be assumed.,https://pmc.ncbi.nlm.nih.gov/articles/PMC12003829/,No
CAMP-082,campanella_2025_clinical,Prov-GigaPath,prov_gigapath,MSKCC LUAD EGFR,mskcc_luad_egfr,biomarker_prediction,MSKCC,campanella_mskcc_luad_egfr,figure_2.csv,Yes,D1_no_detected_evidence_or_insufficient_disclosure,D1_no_detected_evidence_or_insufficient_disclosure,D_incomplete_or_ambiguous_disclosure,False,The frozen public evidence does not document disjointness or a containing-corpus relationship for this model-task pair; independence cannot be assumed.,https://pmc.ncbi.nlm.nih.gov/articles/PMC12003829/,No
CAMP-083,campanella_2025_clinical,Prov-GigaPath,prov_gigapath,MSKCC LUAD KRAS,mskcc_luad_kras,biomarker_prediction,MSKCC,campanella_mskcc_luad_kras,figure_2.csv,Yes,D1_no_detected_evidence_or_insufficient_disclosure,D1_no_detected_evidence_or_insufficient_disclosure,D_incomplete_or_ambiguous_disclosure,False,The frozen public evidence does not document disjointness or a containing-corpus relationship for this model-task pair; independence cannot be assumed.,https://pmc.ncbi.nlm.nih.gov/articles/PMC12003829/,No
CAMP-084,campanella_2025_clinical,Prov-GigaPath,prov_gigapath,MSKCC LUAD STK11,mskcc_luad_stk11,biomarker_prediction,MSKCC,campanella_mskcc_luad_stk11,figure_2.csv,Yes,D1_no_detected_evidence_or_insufficient_disclosure,D1_no_detected_evidence_or_insufficient_disclosure,D_incomplete_or_ambiguous_disclosure,False,The frozen public evidence does not document disjointness or a containing-corpus relationship for this model-task pair; independence cannot be assumed.,https://pmc.ncbi.nlm.nih.gov/articles/PMC12003829/,No
CAMP-085,campanella_2025_clinical,Prov-GigaPath,prov_gigapath,MSKCC LUAD TP53,mskcc_luad_tp53,biomarker_prediction,MSKCC,campanella_mskcc_luad_tp53,figure_2.csv,Yes,D1_no_detected_evidence_or_insufficient_disclosure,D1_no_detected_evidence_or_insufficient_disclosure,D_incomplete_or_ambiguous_disclosure,False,The frozen public evidence does not document disjointness or a containing-corpus relationship for this model-task pair; independence cannot be assumed.,https://pmc.ncbi.nlm.nih.gov/articles/PMC12003829/,No
CAMP-086,campanella_2025_clinical,Prov-GigaPath,prov_gigapath,MSKCC NSCLC IO,mskcc_nsclc_io,biomarker_prediction,MSKCC,campanella_mskcc_nsclc_io,figure_2.csv,Yes,D1_no_detected_evidence_or_insufficient_disclosure,D1_no_detected_evidence_or_insufficient_disclosure,D_incomplete_or_ambiguous_disclosure,False,The frozen public evidence does not document disjointness or a containing-corpus relationship for this model-task pair; independence cannot be assumed.,https://pmc.ncbi.nlm.nih.gov/articles/PMC12003829/,No
CAMP-087,campanella_2025_clinical,Prov-GigaPath,prov_gigapath,SUH Melanoma BRAF,suh_melanoma_braf,biomarker_prediction,SUH,campanella_suh_melanoma_braf,figure_2.csv,Yes,D1_no_detected_evidence_or_insufficient_disclosure,D1_no_detected_evidence_or_insufficient_disclosure,D_incomplete_or_ambiguous_disclosure,False,The frozen public evidence does not document disjointness or a containing-corpus relationship for this model-task pair; independence cannot be assumed.,https://pmc.ncbi.nlm.nih.gov/articles/PMC12003829/,No
CAMP-088,campanella_2025_clinical,Prov-GigaPath,prov_gigapath,SUH Melanoma NRAS,suh_melanoma_nras,biomarker_prediction,SUH,campanella_suh_melanoma_nras,figure_2.csv,Yes,D1_no_detected_evidence_or_insufficient_disclosure,D1_no_detected_evidence_or_insufficient_disclosure,D_incomplete_or_ambiguous_disclosure,False,The frozen public evidence does not document disjointness or a containing-corpus relationship for this model-task pair; independence cannot be assumed.,https://pmc.ncbi.nlm.nih.gov/articles/PMC12003829/,No
CAMP-089,campanella_2025_clinical,SP22M,sp22m,MSHS BCa ER,mshs_bca_er,biomarker_prediction,MSHS,campanella_mshs_bca_er,figure_2.csv,Yes,D0_documented_disjoint,D0_documented_disjoint,B_explicit_primary_source_statement,False,The benchmark article states that the in-house model pretraining data did not overlap the clinical benchmarking data.,https://pmc.ncbi.nlm.nih.gov/articles/PMC12003829/#Par70,No
CAMP-090,campanella_2025_clinical,SP22M,sp22m,MSHS BCa HER2,mshs_bca_her2,biomarker_prediction,MSHS,campanella_mshs_bca_her2,figure_2.csv,Yes,D0_documented_disjoint,D0_documented_disjoint,B_explicit_primary_source_statement,False,The benchmark article states that the in-house model pretraining data did not overlap the clinical benchmarking data.,https://pmc.ncbi.nlm.nih.gov/articles/PMC12003829/#Par70,No
CAMP-091,campanella_2025_clinical,SP22M,sp22m,MSHS BCa PR,mshs_bca_pr,biomarker_prediction,MSHS,campanella_mshs_bca_pr,figure_2.csv,Yes,D0_documented_disjoint,D0_documented_disjoint,B_explicit_primary_source_statement,False,The benchmark article states that the in-house model pretraining data did not overlap the clinical benchmarking data.,https://pmc.ncbi.nlm.nih.gov/articles/PMC12003829/#Par70,No
CAMP-092,campanella_2025_clinical,SP22M,sp22m,MSHS BioMe HRD,mshs_biome_hrd,biomarker_prediction,MSHS,campanella_mshs_biome_hrd,figure_2.csv,Yes,D0_documented_disjoint,D0_documented_disjoint,B_explicit_primary_source_statement,False,The benchmark article states that the in-house model pretraining data did not overlap the clinical benchmarking data.,https://pmc.ncbi.nlm.nih.gov/articles/PMC12003829/#Par70,No
CAMP-093,campanella_2025_clinical,SP22M,sp22m,MSHS Bladder,mshs_bladder,disease_detection,MSHS,campanella_mshs_bladder,figure_1.csv,Yes,D0_documented_disjoint,D0_documented_disjoint,B_explicit_primary_source_statement,False,The benchmark article states that the in-house model pretraining data did not overlap the clinical benchmarking data.,https://pmc.ncbi.nlm.nih.gov/articles/PMC12003829/#Par70,No
CAMP-094,campanella_2025_clinical,SP22M,sp22m,MSHS Breast,mshs_breast,disease_detection,MSHS,campanella_mshs_breast,figure_1.csv,Yes,D0_documented_disjoint,D0_documented_disjoint,B_explicit_primary_source_statement,False,The benchmark article states that the in-house model pretraining data did not overlap the clinical benchmarking data.,https://pmc.ncbi.nlm.nih.gov/articles/PMC12003829/#Par70,No
CAMP-095,campanella_2025_clinical,SP22M,sp22m,MSHS Colorectal,mshs_colorectal,disease_detection,MSHS,campanella_mshs_colorectal,figure_1.csv,Yes,D0_documented_disjoint,D0_documented_disjoint,B_explicit_primary_source_statement,False,The benchmark article states that the in-house model pretraining data did not overlap the clinical benchmarking data.,https://pmc.ncbi.nlm.nih.gov/articles/PMC12003829/#Par70,No
CAMP-096,campanella_2025_clinical,SP22M,sp22m,MSHS DCIS,mshs_dcis,disease_detection,MSHS,campanella_mshs_dcis,figure_1.csv,Yes,D0_documented_disjoint,D0_documented_disjoint,B_explicit_primary_source_statement,False,The benchmark article states that the in-house model pretraining data did not overlap the clinical benchmarking data.,https://pmc.ncbi.nlm.nih.gov/articles/PMC12003829/#Par70,No
CAMP-097,campanella_2025_clinical,SP22M,sp22m,MSHS IBD,mshs_ibd,disease_detection,MSHS,campanella_mshs_ibd,figure_1.csv,Yes,D0_documented_disjoint,D0_documented_disjoint,B_explicit_primary_source_statement,False,The benchmark article states that the in-house model pretraining data did not overlap the clinical benchmarking data.,https://pmc.ncbi.nlm.nih.gov/articles/PMC12003829/#Par70,No
CAMP-098,campanella_2025_clinical,SP22M,sp22m,MSHS Kidney,mshs_kidney,disease_detection,MSHS,campanella_mshs_kidney,figure_1.csv,Yes,D0_documented_disjoint,D0_documented_disjoint,B_explicit_primary_source_statement,False,The benchmark article states that the in-house model pretraining data did not overlap the clinical benchmarking data.,https://pmc.ncbi.nlm.nih.gov/articles/PMC12003829/#Par70,No
CAMP-099,campanella_2025_clinical,SP22M,sp22m,MSHS LUAD EGFR,mshs_luad_egfr,biomarker_prediction,MSHS,campanella_mshs_luad_egfr,figure_2.csv,Yes,D0_documented_disjoint,D0_documented_disjoint,B_explicit_primary_source_statement,False,The benchmark article states that the in-house model pretraining data did not overlap the clinical benchmarking data.,https://pmc.ncbi.nlm.nih.gov/articles/PMC12003829/#Par70,No
CAMP-100,campanella_2025_clinical,SP22M,sp22m,MSHS Oral,mshs_oral,disease_detection,MSHS,campanella_mshs_oral,figure_1.csv,Yes,D0_documented_disjoint,D0_documented_disjoint,B_explicit_primary_source_statement,False,The benchmark article states that the in-house model pretraining data did not overlap the clinical benchmarking data.,https://pmc.ncbi.nlm.nih.gov/articles/PMC12003829/#Par70,No
CAMP-101,campanella_2025_clinical,SP22M,sp22m,MSHS Prostate,mshs_prostate,disease_detection,MSHS,campanella_mshs_prostate,figure_1.csv,Yes,D0_documented_disjoint,D0_documented_disjoint,B_explicit_primary_source_statement,False,The benchmark article states that the in-house model pretraining data did not overlap the clinical benchmarking data.,https://pmc.ncbi.nlm.nih.gov/articles/PMC12003829/#Par70,No
CAMP-102,campanella_2025_clinical,SP22M,sp22m,MSHS Thyroid,mshs_thyroid,disease_detection,MSHS,campanella_mshs_thyroid,figure_1.csv,Yes,D0_documented_disjoint,D0_documented_disjoint,B_explicit_primary_source_statement,False,The benchmark article states that the in-house model pretraining data did not overlap the clinical benchmarking data.,https://pmc.ncbi.nlm.nih.gov/articles/PMC12003829/#Par70,No
CAMP-103,campanella_2025_clinical,SP22M,sp22m,MSKCC LUAD ALK,mskcc_luad_alk,biomarker_prediction,MSKCC,campanella_mskcc_luad_alk,figure_2.csv,Yes,D0_documented_disjoint,D0_documented_disjoint,B_explicit_primary_source_statement,False,The benchmark article states that the in-house model pretraining data did not overlap the clinical benchmarking data.,https://pmc.ncbi.nlm.nih.gov/articles/PMC12003829/#Par70,No
CAMP-104,campanella_2025_clinical,SP22M,sp22m,MSKCC LUAD EGFR,mskcc_luad_egfr,biomarker_prediction,MSKCC,campanella_mskcc_luad_egfr,figure_2.csv,Yes,D0_documented_disjoint,D0_documented_disjoint,B_explicit_primary_source_statement,False,The benchmark article states that the in-house model pretraining data did not overlap the clinical benchmarking data.,https://pmc.ncbi.nlm.nih.gov/articles/PMC12003829/#Par70,No
CAMP-105,campanella_2025_clinical,SP22M,sp22m,MSKCC LUAD KRAS,mskcc_luad_kras,biomarker_prediction,MSKCC,campanella_mskcc_luad_kras,figure_2.csv,Yes,D0_documented_disjoint,D0_documented_disjoint,B_explicit_primary_source_statement,False,The benchmark article states that the in-house model pretraining data did not overlap the clinical benchmarking data.,https://pmc.ncbi.nlm.nih.gov/articles/PMC12003829/#Par70,No
CAMP-106,campanella_2025_clinical,SP22M,sp22m,MSKCC LUAD STK11,mskcc_luad_stk11,biomarker_prediction,MSKCC,campanella_mskcc_luad_stk11,figure_2.csv,Yes,D0_documented_disjoint,D0_documented_disjoint,B_explicit_primary_source_statement,False,The benchmark article states that the in-house model pretraining data did not overlap the clinical benchmarking data.,https://pmc.ncbi.nlm.nih.gov/articles/PMC12003829/#Par70,No
CAMP-107,campanella_2025_clinical,SP22M,sp22m,MSKCC LUAD TP53,mskcc_luad_tp53,biomarker_prediction,MSKCC,campanella_mskcc_luad_tp53,figure_2.csv,Yes,D0_documented_disjoint,D0_documented_disjoint,B_explicit_primary_source_statement,False,The benchmark article states that the in-house model pretraining data did not overlap the clinical benchmarking data.,https://pmc.ncbi.nlm.nih.gov/articles/PMC12003829/#Par70,No
CAMP-108,campanella_2025_clinical,SP22M,sp22m,MSKCC NSCLC IO,mskcc_nsclc_io,biomarker_prediction,MSKCC,campanella_mskcc_nsclc_io,figure_2.csv,Yes,D0_documented_disjoint,D0_documented_disjoint,B_explicit_primary_source_statement,False,The benchmark article states that the in-house model pretraining data did not overlap the clinical benchmarking data.,https://pmc.ncbi.nlm.nih.gov/articles/PMC12003829/#Par70,No
CAMP-109,campanella_2025_clinical,SP22M,sp22m,SUH Melanoma BRAF,suh_melanoma_braf,biomarker_prediction,SUH,campanella_suh_melanoma_braf,figure_2.csv,Yes,D0_documented_disjoint,D0_documented_disjoint,B_explicit_primary_source_statement,False,The benchmark article states that the in-house model pretraining data did not overlap the clinical benchmarking data.,https://pmc.ncbi.nlm.nih.gov/articles/PMC12003829/#Par70,No
CAMP-110,campanella_2025_clinical,SP22M,sp22m,SUH Melanoma NRAS,suh_melanoma_nras,biomarker_prediction,SUH,campanella_suh_melanoma_nras,figure_2.csv,Yes,D0_documented_disjoint,D0_documented_disjoint,B_explicit_primary_source_statement,False,The benchmark article states that the in-house model pretraining data did not overlap the clinical benchmarking data.,https://pmc.ncbi.nlm.nih.gov/articles/PMC12003829/#Par70,No
CAMP-111,campanella_2025_clinical,SP85M,sp85m,MSHS BCa ER,mshs_bca_er,biomarker_prediction,MSHS,campanella_mshs_bca_er,figure_2.csv,Yes,D0_documented_disjoint,D0_documented_disjoint,B_explicit_primary_source_statement,False,The benchmark article states that the in-house model pretraining data did not overlap the clinical benchmarking data.,https://pmc.ncbi.nlm.nih.gov/articles/PMC12003829/#Par70,No
CAMP-112,campanella_2025_clinical,SP85M,sp85m,MSHS BCa HER2,mshs_bca_her2,biomarker_prediction,MSHS,campanella_mshs_bca_her2,figure_2.csv,Yes,D0_documented_disjoint,D0_documented_disjoint,B_explicit_primary_source_statement,False,The benchmark article states that the in-house model pretraining data did not overlap the clinical benchmarking data.,https://pmc.ncbi.nlm.nih.gov/articles/PMC12003829/#Par70,No
CAMP-113,campanella_2025_clinical,SP85M,sp85m,MSHS BCa PR,mshs_bca_pr,biomarker_prediction,MSHS,campanella_mshs_bca_pr,figure_2.csv,Yes,D0_documented_disjoint,D0_documented_disjoint,B_explicit_primary_source_statement,False,The benchmark article states that the in-house model pretraining data did not overlap the clinical benchmarking data.,https://pmc.ncbi.nlm.nih.gov/articles/PMC12003829/#Par70,No
CAMP-114,campanella_2025_clinical,SP85M,sp85m,MSHS BioMe HRD,mshs_biome_hrd,biomarker_prediction,MSHS,campanella_mshs_biome_hrd,figure_2.csv,Yes,D0_documented_disjoint,D0_documented_disjoint,B_explicit_primary_source_statement,False,The benchmark article states that the in-house model pretraining data did not overlap the clinical benchmarking data.,https://pmc.ncbi.nlm.nih.gov/articles/PMC12003829/#Par70,No
CAMP-115,campanella_2025_clinical,SP85M,sp85m,MSHS Bladder,mshs_bladder,disease_detection,MSHS,campanella_mshs_bladder,figure_1.csv,Yes,D0_documented_disjoint,D0_documented_disjoint,B_explicit_primary_source_statement,False,The benchmark article states that the in-house model pretraining data did not overlap the clinical benchmarking data.,https://pmc.ncbi.nlm.nih.gov/articles/PMC12003829/#Par70,No
CAMP-116,campanella_2025_clinical,SP85M,sp85m,MSHS Breast,mshs_breast,disease_detection,MSHS,campanella_mshs_breast,figure_1.csv,Yes,D0_documented_disjoint,D0_documented_disjoint,B_explicit_primary_source_statement,False,The benchmark article states that the in-house model pretraining data did not overlap the clinical benchmarking data.,https://pmc.ncbi.nlm.nih.gov/articles/PMC12003829/#Par70,No
CAMP-117,campanella_2025_clinical,SP85M,sp85m,MSHS Colorectal,mshs_colorectal,disease_detection,MSHS,campanella_mshs_colorectal,figure_1.csv,Yes,D0_documented_disjoint,D0_documented_disjoint,B_explicit_primary_source_statement,False,The benchmark article states that the in-house model pretraining data did not overlap the clinical benchmarking data.,https://pmc.ncbi.nlm.nih.gov/articles/PMC12003829/#Par70,No
CAMP-118,campanella_2025_clinical,SP85M,sp85m,MSHS DCIS,mshs_dcis,disease_detection,MSHS,campanella_mshs_dcis,figure_1.csv,Yes,D0_documented_disjoint,D0_documented_disjoint,B_explicit_primary_source_statement,False,The benchmark article states that the in-house model pretraining data did not overlap the clinical benchmarking data.,https://pmc.ncbi.nlm.nih.gov/articles/PMC12003829/#Par70,No
CAMP-119,campanella_2025_clinical,SP85M,sp85m,MSHS IBD,mshs_ibd,disease_detection,MSHS,campanella_mshs_ibd,figure_1.csv,Yes,D0_documented_disjoint,D0_documented_disjoint,B_explicit_primary_source_statement,False,The benchmark article states that the in-house model pretraining data did not overlap the clinical benchmarking data.,https://pmc.ncbi.nlm.nih.gov/articles/PMC12003829/#Par70,No
CAMP-120,campanella_2025_clinical,SP85M,sp85m,MSHS Kidney,mshs_kidney,disease_detection,MSHS,campanella_mshs_kidney,figure_1.csv,Yes,D0_documented_disjoint,D0_documented_disjoint,B_explicit_primary_source_statement,False,The benchmark article states that the in-house model pretraining data did not overlap the clinical benchmarking data.,https://pmc.ncbi.nlm.nih.gov/articles/PMC12003829/#Par70,No
CAMP-121,campanella_2025_clinical,SP85M,sp85m,MSHS LUAD EGFR,mshs_luad_egfr,biomarker_prediction,MSHS,campanella_mshs_luad_egfr,figure_2.csv,Yes,D0_documented_disjoint,D0_documented_disjoint,B_explicit_primary_source_statement,False,The benchmark article states that the in-house model pretraining data did not overlap the clinical benchmarking data.,https://pmc.ncbi.nlm.nih.gov/articles/PMC12003829/#Par70,No
CAMP-122,campanella_2025_clinical,SP85M,sp85m,MSHS Oral,mshs_oral,disease_detection,MSHS,campanella_mshs_oral,figure_1.csv,Yes,D0_documented_disjoint,D0_documented_disjoint,B_explicit_primary_source_statement,False,The benchmark article states that the in-house model pretraining data did not overlap the clinical benchmarking data.,https://pmc.ncbi.nlm.nih.gov/articles/PMC12003829/#Par70,No
CAMP-123,campanella_2025_clinical,SP85M,sp85m,MSHS Prostate,mshs_prostate,disease_detection,MSHS,campanella_mshs_prostate,figure_1.csv,Yes,D0_documented_disjoint,D0_documented_disjoint,B_explicit_primary_source_statement,False,The benchmark article states that the in-house model pretraining data did not overlap the clinical benchmarking data.,https://pmc.ncbi.nlm.nih.gov/articles/PMC12003829/#Par70,No
CAMP-124,campanella_2025_clinical,SP85M,sp85m,MSHS Thyroid,mshs_thyroid,disease_detection,MSHS,campanella_mshs_thyroid,figure_1.csv,Yes,D0_documented_disjoint,D0_documented_disjoint,B_explicit_primary_source_statement,False,The benchmark article states that the in-house model pretraining data did not overlap the clinical benchmarking data.,https://pmc.ncbi.nlm.nih.gov/articles/PMC12003829/#Par70,No
CAMP-125,campanella_2025_clinical,SP85M,sp85m,MSKCC LUAD ALK,mskcc_luad_alk,biomarker_prediction,MSKCC,campanella_mskcc_luad_alk,figure_2.csv,Yes,D0_documented_disjoint,D0_documented_disjoint,B_explicit_primary_source_statement,False,The benchmark article states that the in-house model pretraining data did not overlap the clinical benchmarking data.,https://pmc.ncbi.nlm.nih.gov/articles/PMC12003829/#Par70,No
CAMP-126,campanella_2025_clinical,SP85M,sp85m,MSKCC LUAD EGFR,mskcc_luad_egfr,biomarker_prediction,MSKCC,campanella_mskcc_luad_egfr,figure_2.csv,Yes,D0_documented_disjoint,D0_documented_disjoint,B_explicit_primary_source_statement,False,The benchmark article states that the in-house model pretraining data did not overlap the clinical benchmarking data.,https://pmc.ncbi.nlm.nih.gov/articles/PMC12003829/#Par70,No
CAMP-127,campanella_2025_clinical,SP85M,sp85m,MSKCC LUAD KRAS,mskcc_luad_kras,biomarker_prediction,MSKCC,campanella_mskcc_luad_kras,figure_2.csv,Yes,D0_documented_disjoint,D0_documented_disjoint,B_explicit_primary_source_statement,False,The benchmark article states that the in-house model pretraining data did not overlap the clinical benchmarking data.,https://pmc.ncbi.nlm.nih.gov/articles/PMC12003829/#Par70,No
CAMP-128,campanella_2025_clinical,SP85M,sp85m,MSKCC LUAD STK11,mskcc_luad_stk11,biomarker_prediction,MSKCC,campanella_mskcc_luad_stk11,figure_2.csv,Yes,D0_documented_disjoint,D0_documented_disjoint,B_explicit_primary_source_statement,False,The benchmark article states that the in-house model pretraining data did not overlap the clinical benchmarking data.,https://pmc.ncbi.nlm.nih.gov/articles/PMC12003829/#Par70,No
CAMP-129,campanella_2025_clinical,SP85M,sp85m,MSKCC LUAD TP53,mskcc_luad_tp53,biomarker_prediction,MSKCC,campanella_mskcc_luad_tp53,figure_2.csv,Yes,D0_documented_disjoint,D0_documented_disjoint,B_explicit_primary_source_statement,False,The benchmark article states that the in-house model pretraining data did not overlap the clinical benchmarking data.,https://pmc.ncbi.nlm.nih.gov/articles/PMC12003829/#Par70,No
CAMP-130,campanella_2025_clinical,SP85M,sp85m,MSKCC NSCLC IO,mskcc_nsclc_io,biomarker_prediction,MSKCC,campanella_mskcc_nsclc_io,figure_2.csv,Yes,D0_documented_disjoint,D0_documented_disjoint,B_explicit_primary_source_statement,False,The benchmark article states that the in-house model pretraining data did not overlap the clinical benchmarking data.,https://pmc.ncbi.nlm.nih.gov/articles/PMC12003829/#Par70,No
CAMP-131,campanella_2025_clinical,SP85M,sp85m,SUH Melanoma BRAF,suh_melanoma_braf,biomarker_prediction,SUH,campanella_suh_melanoma_braf,figure_2.csv,Yes,D0_documented_disjoint,D0_documented_disjoint,B_explicit_primary_source_statement,False,The benchmark article states that the in-house model pretraining data did not overlap the clinical benchmarking data.,https://pmc.ncbi.nlm.nih.gov/articles/PMC12003829/#Par70,No
CAMP-132,campanella_2025_clinical,SP85M,sp85m,SUH Melanoma NRAS,suh_melanoma_nras,biomarker_prediction,SUH,campanella_suh_melanoma_nras,figure_2.csv,Yes,D0_documented_disjoint,D0_documented_disjoint,B_explicit_primary_source_statement,False,The benchmark article states that the in-house model pretraining data did not overlap the clinical benchmarking data.,https://pmc.ncbi.nlm.nih.gov/articles/PMC12003829/#Par70,No
CAMP-133,campanella_2025_clinical,UNI,uni,MSHS BCa ER,mshs_bca_er,biomarker_prediction,MSHS,campanella_mshs_bca_er,figure_2.csv,Yes,D1_no_detected_evidence_or_insufficient_disclosure,D1_no_detected_evidence_or_insufficient_disclosure,D_incomplete_or_ambiguous_disclosure,False,The frozen public evidence does not document disjointness or a containing-corpus relationship for this model-task pair; independence cannot be assumed.,https://pmc.ncbi.nlm.nih.gov/articles/PMC12003829/,No
CAMP-134,campanella_2025_clinical,UNI,uni,MSHS BCa HER2,mshs_bca_her2,biomarker_prediction,MSHS,campanella_mshs_bca_her2,figure_2.csv,Yes,D1_no_detected_evidence_or_insufficient_disclosure,D1_no_detected_evidence_or_insufficient_disclosure,D_incomplete_or_ambiguous_disclosure,False,The frozen public evidence does not document disjointness or a containing-corpus relationship for this model-task pair; independence cannot be assumed.,https://pmc.ncbi.nlm.nih.gov/articles/PMC12003829/,No
CAMP-135,campanella_2025_clinical,UNI,uni,MSHS BCa PR,mshs_bca_pr,biomarker_prediction,MSHS,campanella_mshs_bca_pr,figure_2.csv,Yes,D1_no_detected_evidence_or_insufficient_disclosure,D1_no_detected_evidence_or_insufficient_disclosure,D_incomplete_or_ambiguous_disclosure,False,The frozen public evidence does not document disjointness or a containing-corpus relationship for this model-task pair; independence cannot be assumed.,https://pmc.ncbi.nlm.nih.gov/articles/PMC12003829/,No
CAMP-136,campanella_2025_clinical,UNI,uni,MSHS BioMe HRD,mshs_biome_hrd,biomarker_prediction,MSHS,campanella_mshs_biome_hrd,figure_2.csv,Yes,D1_no_detected_evidence_or_insufficient_disclosure,D1_no_detected_evidence_or_insufficient_disclosure,D_incomplete_or_ambiguous_disclosure,False,The frozen public evidence does not document disjointness or a containing-corpus relationship for this model-task pair; independence cannot be assumed.,https://pmc.ncbi.nlm.nih.gov/articles/PMC12003829/,No
CAMP-137,campanella_2025_clinical,UNI,uni,MSHS Bladder,mshs_bladder,disease_detection,MSHS,campanella_mshs_bladder,figure_1.csv,Yes,D1_no_detected_evidence_or_insufficient_disclosure,D1_no_detected_evidence_or_insufficient_disclosure,D_incomplete_or_ambiguous_disclosure,False,The frozen public evidence does not document disjointness or a containing-corpus relationship for this model-task pair; independence cannot be assumed.,https://pmc.ncbi.nlm.nih.gov/articles/PMC12003829/,No
CAMP-138,campanella_2025_clinical,UNI,uni,MSHS Breast,mshs_breast,disease_detection,MSHS,campanella_mshs_breast,figure_1.csv,Yes,D1_no_detected_evidence_or_insufficient_disclosure,D1_no_detected_evidence_or_insufficient_disclosure,D_incomplete_or_ambiguous_disclosure,False,The frozen public evidence does not document disjointness or a containing-corpus relationship for this model-task pair; independence cannot be assumed.,https://pmc.ncbi.nlm.nih.gov/articles/PMC12003829/,No
CAMP-139,campanella_2025_clinical,UNI,uni,MSHS Colorectal,mshs_colorectal,disease_detection,MSHS,campanella_mshs_colorectal,figure_1.csv,Yes,D1_no_detected_evidence_or_insufficient_disclosure,D1_no_detected_evidence_or_insufficient_disclosure,D_incomplete_or_ambiguous_disclosure,False,The frozen public evidence does not document disjointness or a containing-corpus relationship for this model-task pair; independence cannot be assumed.,https://pmc.ncbi.nlm.nih.gov/articles/PMC12003829/,No
CAMP-140,campanella_2025_clinical,UNI,uni,MSHS DCIS,mshs_dcis,disease_detection,MSHS,campanella_mshs_dcis,figure_1.csv,Yes,D1_no_detected_evidence_or_insufficient_disclosure,D1_no_detected_evidence_or_insufficient_disclosure,D_incomplete_or_ambiguous_disclosure,False,The frozen public evidence does not document disjointness or a containing-corpus relationship for this model-task pair; independence cannot be assumed.,https://pmc.ncbi.nlm.nih.gov/articles/PMC12003829/,No
CAMP-141,campanella_2025_clinical,UNI,uni,MSHS IBD,mshs_ibd,disease_detection,MSHS,campanella_mshs_ibd,figure_1.csv,Yes,D1_no_detected_evidence_or_insufficient_disclosure,D1_no_detected_evidence_or_insufficient_disclosure,D_incomplete_or_ambiguous_disclosure,False,The frozen public evidence does not document disjointness or a containing-corpus relationship for this model-task pair; independence cannot be assumed.,https://pmc.ncbi.nlm.nih.gov/articles/PMC12003829/,No
CAMP-142,campanella_2025_clinical,UNI,uni,MSHS Kidney,mshs_kidney,disease_detection,MSHS,campanella_mshs_kidney,figure_1.csv,Yes,D1_no_detected_evidence_or_insufficient_disclosure,D1_no_detected_evidence_or_insufficient_disclosure,D_incomplete_or_ambiguous_disclosure,False,The frozen public evidence does not document disjointness or a containing-corpus relationship for this model-task pair; independence cannot be assumed.,https://pmc.ncbi.nlm.nih.gov/articles/PMC12003829/,No
CAMP-143,campanella_2025_clinical,UNI,uni,MSHS LUAD EGFR,mshs_luad_egfr,biomarker_prediction,MSHS,campanella_mshs_luad_egfr,figure_2.csv,Yes,D1_no_detected_evidence_or_insufficient_disclosure,D1_no_detected_evidence_or_insufficient_disclosure,D_incomplete_or_ambiguous_disclosure,False,The frozen public evidence does not document disjointness or a containing-corpus relationship for this model-task pair; independence cannot be assumed.,https://pmc.ncbi.nlm.nih.gov/articles/PMC12003829/,No
CAMP-144,campanella_2025_clinical,UNI,uni,MSHS Oral,mshs_oral,disease_detection,MSHS,campanella_mshs_oral,figure_1.csv,Yes,D1_no_detected_evidence_or_insufficient_disclosure,D1_no_detected_evidence_or_insufficient_disclosure,D_incomplete_or_ambiguous_disclosure,False,The frozen public evidence does not document disjointness or a containing-corpus relationship for this model-task pair; independence cannot be assumed.,https://pmc.ncbi.nlm.nih.gov/articles/PMC12003829/,No
CAMP-145,campanella_2025_clinical,UNI,uni,MSHS Prostate,mshs_prostate,disease_detection,MSHS,campanella_mshs_prostate,figure_1.csv,Yes,D1_no_detected_evidence_or_insufficient_disclosure,D1_no_detected_evidence_or_insufficient_disclosure,D_incomplete_or_ambiguous_disclosure,False,The frozen public evidence does not document disjointness or a containing-corpus relationship for this model-task pair; independence cannot be assumed.,https://pmc.ncbi.nlm.nih.gov/articles/PMC12003829/,No
CAMP-146,campanella_2025_clinical,UNI,uni,MSHS Thyroid,mshs_thyroid,disease_detection,MSHS,campanella_mshs_thyroid,figure_1.csv,Yes,D1_no_detected_evidence_or_insufficient_disclosure,D1_no_detected_evidence_or_insufficient_disclosure,D_incomplete_or_ambiguous_disclosure,False,The frozen public evidence does not document disjointness or a containing-corpus relationship for this model-task pair; independence cannot be assumed.,https://pmc.ncbi.nlm.nih.gov/articles/PMC12003829/,No
CAMP-147,campanella_2025_clinical,UNI,uni,MSKCC LUAD ALK,mskcc_luad_alk,biomarker_prediction,MSKCC,campanella_mskcc_luad_alk,figure_2.csv,Yes,D1_no_detected_evidence_or_insufficient_disclosure,D1_no_detected_evidence_or_insufficient_disclosure,D_incomplete_or_ambiguous_disclosure,False,The frozen public evidence does not document disjointness or a containing-corpus relationship for this model-task pair; independence cannot be assumed.,https://pmc.ncbi.nlm.nih.gov/articles/PMC12003829/,No
CAMP-148,campanella_2025_clinical,UNI,uni,MSKCC LUAD EGFR,mskcc_luad_egfr,biomarker_prediction,MSKCC,campanella_mskcc_luad_egfr,figure_2.csv,Yes,D1_no_detected_evidence_or_insufficient_disclosure,D1_no_detected_evidence_or_insufficient_disclosure,D_incomplete_or_ambiguous_disclosure,False,The frozen public evidence does not document disjointness or a containing-corpus relationship for this model-task pair; independence cannot be assumed.,https://pmc.ncbi.nlm.nih.gov/articles/PMC12003829/,No
CAMP-149,campanella_2025_clinical,UNI,uni,MSKCC LUAD KRAS,mskcc_luad_kras,biomarker_prediction,MSKCC,campanella_mskcc_luad_kras,figure_2.csv,Yes,D1_no_detected_evidence_or_insufficient_disclosure,D1_no_detected_evidence_or_insufficient_disclosure,D_incomplete_or_ambiguous_disclosure,False,The frozen public evidence does not document disjointness or a containing-corpus relationship for this model-task pair; independence cannot be assumed.,https://pmc.ncbi.nlm.nih.gov/articles/PMC12003829/,No
CAMP-150,campanella_2025_clinical,UNI,uni,MSKCC LUAD STK11,mskcc_luad_stk11,biomarker_prediction,MSKCC,campanella_mskcc_luad_stk11,figure_2.csv,Yes,D1_no_detected_evidence_or_insufficient_disclosure,D1_no_detected_evidence_or_insufficient_disclosure,D_incomplete_or_ambiguous_disclosure,False,The frozen public evidence does not document disjointness or a containing-corpus relationship for this model-task pair; independence cannot be assumed.,https://pmc.ncbi.nlm.nih.gov/articles/PMC12003829/,No
CAMP-151,campanella_2025_clinical,UNI,uni,MSKCC LUAD TP53,mskcc_luad_tp53,biomarker_prediction,MSKCC,campanella_mskcc_luad_tp53,figure_2.csv,Yes,D1_no_detected_evidence_or_insufficient_disclosure,D1_no_detected_evidence_or_insufficient_disclosure,D_incomplete_or_ambiguous_disclosure,False,The frozen public evidence does not document disjointness or a containing-corpus relationship for this model-task pair; independence cannot be assumed.,https://pmc.ncbi.nlm.nih.gov/articles/PMC12003829/,No
CAMP-152,campanella_2025_clinical,UNI,uni,MSKCC NSCLC IO,mskcc_nsclc_io,biomarker_prediction,MSKCC,campanella_mskcc_nsclc_io,figure_2.csv,Yes,D1_no_detected_evidence_or_insufficient_disclosure,D1_no_detected_evidence_or_insufficient_disclosure,D_incomplete_or_ambiguous_disclosure,False,The frozen public evidence does not document disjointness or a containing-corpus relationship for this model-task pair; independence cannot be assumed.,https://pmc.ncbi.nlm.nih.gov/articles/PMC12003829/,No
CAMP-153,campanella_2025_clinical,UNI,uni,SUH Melanoma BRAF,suh_melanoma_braf,biomarker_prediction,SUH,campanella_suh_melanoma_braf,figure_2.csv,Yes,D1_no_detected_evidence_or_insufficient_disclosure,D1_no_detected_evidence_or_insufficient_disclosure,D_incomplete_or_ambiguous_disclosure,False,The frozen public evidence does not document disjointness or a containing-corpus relationship for this model-task pair; independence cannot be assumed.,https://pmc.ncbi.nlm.nih.gov/articles/PMC12003829/,No
CAMP-154,campanella_2025_clinical,UNI,uni,SUH Melanoma NRAS,suh_melanoma_nras,biomarker_prediction,SUH,campanella_suh_melanoma_nras,figure_2.csv,Yes,D1_no_detected_evidence_or_insufficient_disclosure,D1_no_detected_evidence_or_insufficient_disclosure,D_incomplete_or_ambiguous_disclosure,False,The frozen public evidence does not document disjointness or a containing-corpus relationship for this model-task pair; independence cannot be assumed.,https://pmc.ncbi.nlm.nih.gov/articles/PMC12003829/,No
CAMP-155,campanella_2025_clinical,Virchow,virchow,MSHS BCa ER,mshs_bca_er,biomarker_prediction,MSHS,campanella_mshs_bca_er,figure_2.csv,Yes,D1_no_detected_evidence_or_insufficient_disclosure,D1_no_detected_evidence_or_insufficient_disclosure,D_incomplete_or_ambiguous_disclosure,False,The frozen public evidence does not document disjointness or a containing-corpus relationship for this model-task pair; independence cannot be assumed.,https://pmc.ncbi.nlm.nih.gov/articles/PMC12003829/,No
CAMP-156,campanella_2025_clinical,Virchow,virchow,MSHS BCa HER2,mshs_bca_her2,biomarker_prediction,MSHS,campanella_mshs_bca_her2,figure_2.csv,Yes,D1_no_detected_evidence_or_insufficient_disclosure,D1_no_detected_evidence_or_insufficient_disclosure,D_incomplete_or_ambiguous_disclosure,False,The frozen public evidence does not document disjointness or a containing-corpus relationship for this model-task pair; independence cannot be assumed.,https://pmc.ncbi.nlm.nih.gov/articles/PMC12003829/,No
CAMP-157,campanella_2025_clinical,Virchow,virchow,MSHS BCa PR,mshs_bca_pr,biomarker_prediction,MSHS,campanella_mshs_bca_pr,figure_2.csv,Yes,D1_no_detected_evidence_or_insufficient_disclosure,D1_no_detected_evidence_or_insufficient_disclosure,D_incomplete_or_ambiguous_disclosure,False,The frozen public evidence does not document disjointness or a containing-corpus relationship for this model-task pair; independence cannot be assumed.,https://pmc.ncbi.nlm.nih.gov/articles/PMC12003829/,No
CAMP-158,campanella_2025_clinical,Virchow,virchow,MSHS BioMe HRD,mshs_biome_hrd,biomarker_prediction,MSHS,campanella_mshs_biome_hrd,figure_2.csv,Yes,D1_no_detected_evidence_or_insufficient_disclosure,D1_no_detected_evidence_or_insufficient_disclosure,D_incomplete_or_ambiguous_disclosure,False,The frozen public evidence does not document disjointness or a containing-corpus relationship for this model-task pair; independence cannot be assumed.,https://pmc.ncbi.nlm.nih.gov/articles/PMC12003829/,No
CAMP-159,campanella_2025_clinical,Virchow,virchow,MSHS Bladder,mshs_bladder,disease_detection,MSHS,campanella_mshs_bladder,figure_1.csv,Yes,D1_no_detected_evidence_or_insufficient_disclosure,D1_no_detected_evidence_or_insufficient_disclosure,D_incomplete_or_ambiguous_disclosure,False,The frozen public evidence does not document disjointness or a containing-corpus relationship for this model-task pair; independence cannot be assumed.,https://pmc.ncbi.nlm.nih.gov/articles/PMC12003829/,No
CAMP-160,campanella_2025_clinical,Virchow,virchow,MSHS Breast,mshs_breast,disease_detection,MSHS,campanella_mshs_breast,figure_1.csv,Yes,D1_no_detected_evidence_or_insufficient_disclosure,D1_no_detected_evidence_or_insufficient_disclosure,D_incomplete_or_ambiguous_disclosure,False,The frozen public evidence does not document disjointness or a containing-corpus relationship for this model-task pair; independence cannot be assumed.,https://pmc.ncbi.nlm.nih.gov/articles/PMC12003829/,No
CAMP-161,campanella_2025_clinical,Virchow,virchow,MSHS Colorectal,mshs_colorectal,disease_detection,MSHS,campanella_mshs_colorectal,figure_1.csv,Yes,D1_no_detected_evidence_or_insufficient_disclosure,D1_no_detected_evidence_or_insufficient_disclosure,D_incomplete_or_ambiguous_disclosure,False,The frozen public evidence does not document disjointness or a containing-corpus relationship for this model-task pair; independence cannot be assumed.,https://pmc.ncbi.nlm.nih.gov/articles/PMC12003829/,No
CAMP-162,campanella_2025_clinical,Virchow,virchow,MSHS DCIS,mshs_dcis,disease_detection,MSHS,campanella_mshs_dcis,figure_1.csv,Yes,D1_no_detected_evidence_or_insufficient_disclosure,D1_no_detected_evidence_or_insufficient_disclosure,D_incomplete_or_ambiguous_disclosure,False,The frozen public evidence does not document disjointness or a containing-corpus relationship for this model-task pair; independence cannot be assumed.,https://pmc.ncbi.nlm.nih.gov/articles/PMC12003829/,No
CAMP-163,campanella_2025_clinical,Virchow,virchow,MSHS IBD,mshs_ibd,disease_detection,MSHS,campanella_mshs_ibd,figure_1.csv,Yes,D1_no_detected_evidence_or_insufficient_disclosure,D1_no_detected_evidence_or_insufficient_disclosure,D_incomplete_or_ambiguous_disclosure,False,The frozen public evidence does not document disjointness or a containing-corpus relationship for this model-task pair; independence cannot be assumed.,https://pmc.ncbi.nlm.nih.gov/articles/PMC12003829/,No
CAMP-164,campanella_2025_clinical,Virchow,virchow,MSHS Kidney,mshs_kidney,disease_detection,MSHS,campanella_mshs_kidney,figure_1.csv,Yes,D1_no_detected_evidence_or_insufficient_disclosure,D1_no_detected_evidence_or_insufficient_disclosure,D_incomplete_or_ambiguous_disclosure,False,The frozen public evidence does not document disjointness or a containing-corpus relationship for this model-task pair; independence cannot be assumed.,https://pmc.ncbi.nlm.nih.gov/articles/PMC12003829/,No
CAMP-165,campanella_2025_clinical,Virchow,virchow,MSHS LUAD EGFR,mshs_luad_egfr,biomarker_prediction,MSHS,campanella_mshs_luad_egfr,figure_2.csv,Yes,D1_no_detected_evidence_or_insufficient_disclosure,D1_no_detected_evidence_or_insufficient_disclosure,D_incomplete_or_ambiguous_disclosure,False,The frozen public evidence does not document disjointness or a containing-corpus relationship for this model-task pair; independence cannot be assumed.,https://pmc.ncbi.nlm.nih.gov/articles/PMC12003829/,No
CAMP-166,campanella_2025_clinical,Virchow,virchow,MSHS Oral,mshs_oral,disease_detection,MSHS,campanella_mshs_oral,figure_1.csv,Yes,D1_no_detected_evidence_or_insufficient_disclosure,D1_no_detected_evidence_or_insufficient_disclosure,D_incomplete_or_ambiguous_disclosure,False,The frozen public evidence does not document disjointness or a containing-corpus relationship for this model-task pair; independence cannot be assumed.,https://pmc.ncbi.nlm.nih.gov/articles/PMC12003829/,No
CAMP-167,campanella_2025_clinical,Virchow,virchow,MSHS Prostate,mshs_prostate,disease_detection,MSHS,campanella_mshs_prostate,figure_1.csv,Yes,D1_no_detected_evidence_or_insufficient_disclosure,D1_no_detected_evidence_or_insufficient_disclosure,D_incomplete_or_ambiguous_disclosure,False,The frozen public evidence does not document disjointness or a containing-corpus relationship for this model-task pair; independence cannot be assumed.,https://pmc.ncbi.nlm.nih.gov/articles/PMC12003829/,No
CAMP-168,campanella_2025_clinical,Virchow,virchow,MSHS Thyroid,mshs_thyroid,disease_detection,MSHS,campanella_mshs_thyroid,figure_1.csv,Yes,D1_no_detected_evidence_or_insufficient_disclosure,D1_no_detected_evidence_or_insufficient_disclosure,D_incomplete_or_ambiguous_disclosure,False,The frozen public evidence does not document disjointness or a containing-corpus relationship for this model-task pair; independence cannot be assumed.,https://pmc.ncbi.nlm.nih.gov/articles/PMC12003829/,No
CAMP-169,campanella_2025_clinical,Virchow,virchow,MSKCC LUAD ALK,mskcc_luad_alk,biomarker_prediction,MSKCC,campanella_mskcc_luad_alk,figure_2.csv,Yes,D2_parent_repository_exposure,D2_parent_repository_exposure,B_explicit_primary_source_statement,False,"The checkpoint was pretrained on an MSKCC slide corpus, and the benchmark article states that overlap with MSKCC clinical tasks cannot be excluded; exact benchmark identifiers are unavailable.",https://pmc.ncbi.nlm.nih.gov/articles/PMC12003829/#Par69,No
CAMP-170,campanella_2025_clinical,Virchow,virchow,MSKCC LUAD EGFR,mskcc_luad_egfr,biomarker_prediction,MSKCC,campanella_mskcc_luad_egfr,figure_2.csv,Yes,D2_parent_repository_exposure,D2_parent_repository_exposure,B_explicit_primary_source_statement,False,"The checkpoint was pretrained on an MSKCC slide corpus, and the benchmark article states that overlap with MSKCC clinical tasks cannot be excluded; exact benchmark identifiers are unavailable.",https://pmc.ncbi.nlm.nih.gov/articles/PMC12003829/#Par69,No
CAMP-171,campanella_2025_clinical,Virchow,virchow,MSKCC LUAD KRAS,mskcc_luad_kras,biomarker_prediction,MSKCC,campanella_mskcc_luad_kras,figure_2.csv,Yes,D2_parent_repository_exposure,D2_parent_repository_exposure,B_explicit_primary_source_statement,False,"The checkpoint was pretrained on an MSKCC slide corpus, and the benchmark article states that overlap with MSKCC clinical tasks cannot be excluded; exact benchmark identifiers are unavailable.",https://pmc.ncbi.nlm.nih.gov/articles/PMC12003829/#Par69,No
CAMP-172,campanella_2025_clinical,Virchow,virchow,MSKCC LUAD STK11,mskcc_luad_stk11,biomarker_prediction,MSKCC,campanella_mskcc_luad_stk11,figure_2.csv,Yes,D2_parent_repository_exposure,D2_parent_repository_exposure,B_explicit_primary_source_statement,False,"The checkpoint was pretrained on an MSKCC slide corpus, and the benchmark article states that overlap with MSKCC clinical tasks cannot be excluded; exact benchmark identifiers are unavailable.",https://pmc.ncbi.nlm.nih.gov/articles/PMC12003829/#Par69,No
CAMP-173,campanella_2025_clinical,Virchow,virchow,MSKCC LUAD TP53,mskcc_luad_tp53,biomarker_prediction,MSKCC,campanella_mskcc_luad_tp53,figure_2.csv,Yes,D2_parent_repository_exposure,D2_parent_repository_exposure,B_explicit_primary_source_statement,False,"The checkpoint was pretrained on an MSKCC slide corpus, and the benchmark article states that overlap with MSKCC clinical tasks cannot be excluded; exact benchmark identifiers are unavailable.",https://pmc.ncbi.nlm.nih.gov/articles/PMC12003829/#Par69,No
CAMP-174,campanella_2025_clinical,Virchow,virchow,MSKCC NSCLC IO,mskcc_nsclc_io,biomarker_prediction,MSKCC,campanella_mskcc_nsclc_io,figure_2.csv,Yes,D2_parent_repository_exposure,D2_parent_repository_exposure,B_explicit_primary_source_statement,False,"The checkpoint was pretrained on an MSKCC slide corpus, and the benchmark article states that overlap with MSKCC clinical tasks cannot be excluded; exact benchmark identifiers are unavailable.",https://pmc.ncbi.nlm.nih.gov/articles/PMC12003829/#Par69,No
CAMP-175,campanella_2025_clinical,Virchow,virchow,SUH Melanoma BRAF,suh_melanoma_braf,biomarker_prediction,SUH,campanella_suh_melanoma_braf,figure_2.csv,Yes,D1_no_detected_evidence_or_insufficient_disclosure,D1_no_detected_evidence_or_insufficient_disclosure,D_incomplete_or_ambiguous_disclosure,False,The frozen public evidence does not document disjointness or a containing-corpus relationship for this model-task pair; independence cannot be assumed.,https://pmc.ncbi.nlm.nih.gov/articles/PMC12003829/,No
CAMP-176,campanella_2025_clinical,Virchow,virchow,SUH Melanoma NRAS,suh_melanoma_nras,biomarker_prediction,SUH,campanella_suh_melanoma_nras,figure_2.csv,Yes,D1_no_detected_evidence_or_insufficient_disclosure,D1_no_detected_evidence_or_insufficient_disclosure,D_incomplete_or_ambiguous_disclosure,False,The frozen public evidence does not document disjointness or a containing-corpus relationship for this model-task pair; independence cannot be assumed.,https://pmc.ncbi.nlm.nih.gov/articles/PMC12003829/,No
CAMP-177,campanella_2025_clinical,Virchow2,virchow2,MSHS BCa ER,mshs_bca_er,biomarker_prediction,MSHS,campanella_mshs_bca_er,figure_2.csv,Yes,D1_no_detected_evidence_or_insufficient_disclosure,D1_no_detected_evidence_or_insufficient_disclosure,D_incomplete_or_ambiguous_disclosure,False,The frozen public evidence does not document disjointness or a containing-corpus relationship for this model-task pair; independence cannot be assumed.,https://pmc.ncbi.nlm.nih.gov/articles/PMC12003829/,No
CAMP-178,campanella_2025_clinical,Virchow2,virchow2,MSHS BCa HER2,mshs_bca_her2,biomarker_prediction,MSHS,campanella_mshs_bca_her2,figure_2.csv,Yes,D1_no_detected_evidence_or_insufficient_disclosure,D1_no_detected_evidence_or_insufficient_disclosure,D_incomplete_or_ambiguous_disclosure,False,The frozen public evidence does not document disjointness or a containing-corpus relationship for this model-task pair; independence cannot be assumed.,https://pmc.ncbi.nlm.nih.gov/articles/PMC12003829/,No
CAMP-179,campanella_2025_clinical,Virchow2,virchow2,MSHS BCa PR,mshs_bca_pr,biomarker_prediction,MSHS,campanella_mshs_bca_pr,figure_2.csv,Yes,D1_no_detected_evidence_or_insufficient_disclosure,D1_no_detected_evidence_or_insufficient_disclosure,D_incomplete_or_ambiguous_disclosure,False,The frozen public evidence does not document disjointness or a containing-corpus relationship for this model-task pair; independence cannot be assumed.,https://pmc.ncbi.nlm.nih.gov/articles/PMC12003829/,No
CAMP-180,campanella_2025_clinical,Virchow2,virchow2,MSHS BioMe HRD,mshs_biome_hrd,biomarker_prediction,MSHS,campanella_mshs_biome_hrd,figure_2.csv,Yes,D1_no_detected_evidence_or_insufficient_disclosure,D1_no_detected_evidence_or_insufficient_disclosure,D_incomplete_or_ambiguous_disclosure,False,The frozen public evidence does not document disjointness or a containing-corpus relationship for this model-task pair; independence cannot be assumed.,https://pmc.ncbi.nlm.nih.gov/articles/PMC12003829/,No
CAMP-181,campanella_2025_clinical,Virchow2,virchow2,MSHS Bladder,mshs_bladder,disease_detection,MSHS,campanella_mshs_bladder,figure_1.csv,Yes,D1_no_detected_evidence_or_insufficient_disclosure,D1_no_detected_evidence_or_insufficient_disclosure,D_incomplete_or_ambiguous_disclosure,False,The frozen public evidence does not document disjointness or a containing-corpus relationship for this model-task pair; independence cannot be assumed.,https://pmc.ncbi.nlm.nih.gov/articles/PMC12003829/,No
CAMP-182,campanella_2025_clinical,Virchow2,virchow2,MSHS Breast,mshs_breast,disease_detection,MSHS,campanella_mshs_breast,figure_1.csv,Yes,D1_no_detected_evidence_or_insufficient_disclosure,D1_no_detected_evidence_or_insufficient_disclosure,D_incomplete_or_ambiguous_disclosure,False,The frozen public evidence does not document disjointness or a containing-corpus relationship for this model-task pair; independence cannot be assumed.,https://pmc.ncbi.nlm.nih.gov/articles/PMC12003829/,No
CAMP-183,campanella_2025_clinical,Virchow2,virchow2,MSHS Colorectal,mshs_colorectal,disease_detection,MSHS,campanella_mshs_colorectal,figure_1.csv,Yes,D1_no_detected_evidence_or_insufficient_disclosure,D1_no_detected_evidence_or_insufficient_disclosure,D_incomplete_or_ambiguous_disclosure,False,The frozen public evidence does not document disjointness or a containing-corpus relationship for this model-task pair; independence cannot be assumed.,https://pmc.ncbi.nlm.nih.gov/articles/PMC12003829/,No
CAMP-184,campanella_2025_clinical,Virchow2,virchow2,MSHS DCIS,mshs_dcis,disease_detection,MSHS,campanella_mshs_dcis,figure_1.csv,Yes,D1_no_detected_evidence_or_insufficient_disclosure,D1_no_detected_evidence_or_insufficient_disclosure,D_incomplete_or_ambiguous_disclosure,False,The frozen public evidence does not document disjointness or a containing-corpus relationship for this model-task pair; independence cannot be assumed.,https://pmc.ncbi.nlm.nih.gov/articles/PMC12003829/,No
CAMP-185,campanella_2025_clinical,Virchow2,virchow2,MSHS IBD,mshs_ibd,disease_detection,MSHS,campanella_mshs_ibd,figure_1.csv,Yes,D1_no_detected_evidence_or_insufficient_disclosure,D1_no_detected_evidence_or_insufficient_disclosure,D_incomplete_or_ambiguous_disclosure,False,The frozen public evidence does not document disjointness or a containing-corpus relationship for this model-task pair; independence cannot be assumed.,https://pmc.ncbi.nlm.nih.gov/articles/PMC12003829/,No
CAMP-186,campanella_2025_clinical,Virchow2,virchow2,MSHS Kidney,mshs_kidney,disease_detection,MSHS,campanella_mshs_kidney,figure_1.csv,Yes,D1_no_detected_evidence_or_insufficient_disclosure,D1_no_detected_evidence_or_insufficient_disclosure,D_incomplete_or_ambiguous_disclosure,False,The frozen public evidence does not document disjointness or a containing-corpus relationship for this model-task pair; independence cannot be assumed.,https://pmc.ncbi.nlm.nih.gov/articles/PMC12003829/,No
CAMP-187,campanella_2025_clinical,Virchow2,virchow2,MSHS LUAD EGFR,mshs_luad_egfr,biomarker_prediction,MSHS,campanella_mshs_luad_egfr,figure_2.csv,Yes,D1_no_detected_evidence_or_insufficient_disclosure,D1_no_detected_evidence_or_insufficient_disclosure,D_incomplete_or_ambiguous_disclosure,False,The frozen public evidence does not document disjointness or a containing-corpus relationship for this model-task pair; independence cannot be assumed.,https://pmc.ncbi.nlm.nih.gov/articles/PMC12003829/,No
CAMP-188,campanella_2025_clinical,Virchow2,virchow2,MSHS Oral,mshs_oral,disease_detection,MSHS,campanella_mshs_oral,figure_1.csv,Yes,D1_no_detected_evidence_or_insufficient_disclosure,D1_no_detected_evidence_or_insufficient_disclosure,D_incomplete_or_ambiguous_disclosure,False,The frozen public evidence does not document disjointness or a containing-corpus relationship for this model-task pair; independence cannot be assumed.,https://pmc.ncbi.nlm.nih.gov/articles/PMC12003829/,No
CAMP-189,campanella_2025_clinical,Virchow2,virchow2,MSHS Prostate,mshs_prostate,disease_detection,MSHS,campanella_mshs_prostate,figure_1.csv,Yes,D1_no_detected_evidence_or_insufficient_disclosure,D1_no_detected_evidence_or_insufficient_disclosure,D_incomplete_or_ambiguous_disclosure,False,The frozen public evidence does not document disjointness or a containing-corpus relationship for this model-task pair; independence cannot be assumed.,https://pmc.ncbi.nlm.nih.gov/articles/PMC12003829/,No
CAMP-190,campanella_2025_clinical,Virchow2,virchow2,MSHS Thyroid,mshs_thyroid,disease_detection,MSHS,campanella_mshs_thyroid,figure_1.csv,Yes,D1_no_detected_evidence_or_insufficient_disclosure,D1_no_detected_evidence_or_insufficient_disclosure,D_incomplete_or_ambiguous_disclosure,False,The frozen public evidence does not document disjointness or a containing-corpus relationship for this model-task pair; independence cannot be assumed.,https://pmc.ncbi.nlm.nih.gov/articles/PMC12003829/,No
CAMP-191,campanella_2025_clinical,Virchow2,virchow2,MSKCC LUAD ALK,mskcc_luad_alk,biomarker_prediction,MSKCC,campanella_mskcc_luad_alk,figure_2.csv,Yes,D2_parent_repository_exposure,D2_parent_repository_exposure,B_explicit_primary_source_statement,False,"The checkpoint was pretrained on an MSKCC slide corpus, and the benchmark article states that overlap with MSKCC clinical tasks cannot be excluded; exact benchmark identifiers are unavailable.",https://pmc.ncbi.nlm.nih.gov/articles/PMC12003829/#Par69,No
CAMP-192,campanella_2025_clinical,Virchow2,virchow2,MSKCC LUAD EGFR,mskcc_luad_egfr,biomarker_prediction,MSKCC,campanella_mskcc_luad_egfr,figure_2.csv,Yes,D2_parent_repository_exposure,D2_parent_repository_exposure,B_explicit_primary_source_statement,False,"The checkpoint was pretrained on an MSKCC slide corpus, and the benchmark article states that overlap with MSKCC clinical tasks cannot be excluded; exact benchmark identifiers are unavailable.",https://pmc.ncbi.nlm.nih.gov/articles/PMC12003829/#Par69,No
CAMP-193,campanella_2025_clinical,Virchow2,virchow2,MSKCC LUAD KRAS,mskcc_luad_kras,biomarker_prediction,MSKCC,campanella_mskcc_luad_kras,figure_2.csv,Yes,D2_parent_repository_exposure,D2_parent_repository_exposure,B_explicit_primary_source_statement,False,"The checkpoint was pretrained on an MSKCC slide corpus, and the benchmark article states that overlap with MSKCC clinical tasks cannot be excluded; exact benchmark identifiers are unavailable.",https://pmc.ncbi.nlm.nih.gov/articles/PMC12003829/#Par69,No
CAMP-194,campanella_2025_clinical,Virchow2,virchow2,MSKCC LUAD STK11,mskcc_luad_stk11,biomarker_prediction,MSKCC,campanella_mskcc_luad_stk11,figure_2.csv,Yes,D2_parent_repository_exposure,D2_parent_repository_exposure,B_explicit_primary_source_statement,False,"The checkpoint was pretrained on an MSKCC slide corpus, and the benchmark article states that overlap with MSKCC clinical tasks cannot be excluded; exact benchmark identifiers are unavailable.",https://pmc.ncbi.nlm.nih.gov/articles/PMC12003829/#Par69,No
CAMP-195,campanella_2025_clinical,Virchow2,virchow2,MSKCC LUAD TP53,mskcc_luad_tp53,biomarker_prediction,MSKCC,campanella_mskcc_luad_tp53,figure_2.csv,Yes,D2_parent_repository_exposure,D2_parent_repository_exposure,B_explicit_primary_source_statement,False,"The checkpoint was pretrained on an MSKCC slide corpus, and the benchmark article states that overlap with MSKCC clinical tasks cannot be excluded; exact benchmark identifiers are unavailable.",https://pmc.ncbi.nlm.nih.gov/articles/PMC12003829/#Par69,No
CAMP-196,campanella_2025_clinical,Virchow2,virchow2,MSKCC NSCLC IO,mskcc_nsclc_io,biomarker_prediction,MSKCC,campanella_mskcc_nsclc_io,figure_2.csv,Yes,D2_parent_repository_exposure,D2_parent_repository_exposure,B_explicit_primary_source_statement,False,"The checkpoint was pretrained on an MSKCC slide corpus, and the benchmark article states that overlap with MSKCC clinical tasks cannot be excluded; exact benchmark identifiers are unavailable.",https://pmc.ncbi.nlm.nih.gov/articles/PMC12003829/#Par69,No
CAMP-197,campanella_2025_clinical,Virchow2,virchow2,SUH Melanoma BRAF,suh_melanoma_braf,biomarker_prediction,SUH,campanella_suh_melanoma_braf,figure_2.csv,Yes,D1_no_detected_evidence_or_insufficient_disclosure,D1_no_detected_evidence_or_insufficient_disclosure,D_incomplete_or_ambiguous_disclosure,False,The frozen public evidence does not document disjointness or a containing-corpus relationship for this model-task pair; independence cannot be assumed.,https://pmc.ncbi.nlm.nih.gov/articles/PMC12003829/,No
CAMP-198,campanella_2025_clinical,Virchow2,virchow2,SUH Melanoma NRAS,suh_melanoma_nras,biomarker_prediction,SUH,campanella_suh_melanoma_nras,figure_2.csv,Yes,D1_no_detected_evidence_or_insufficient_disclosure,D1_no_detected_evidence_or_insufficient_disclosure,D_incomplete_or_ambiguous_disclosure,False,The frozen public evidence does not document disjointness or a containing-corpus relationship for this model-task pair; independence cannot be assumed.,https://pmc.ncbi.nlm.nih.gov/articles/PMC12003829/,No
CAMP-199,campanella_2025_clinical,h-optimus-0,h_optimus_0,MSHS BCa ER,mshs_bca_er,biomarker_prediction,MSHS,campanella_mshs_bca_er,figure_2.csv,Yes,D1_no_detected_evidence_or_insufficient_disclosure,D1_no_detected_evidence_or_insufficient_disclosure,D_incomplete_or_ambiguous_disclosure,False,The frozen public evidence does not document disjointness or a containing-corpus relationship for this model-task pair; independence cannot be assumed.,https://pmc.ncbi.nlm.nih.gov/articles/PMC12003829/,No
CAMP-200,campanella_2025_clinical,h-optimus-0,h_optimus_0,MSHS BCa HER2,mshs_bca_her2,biomarker_prediction,MSHS,campanella_mshs_bca_her2,figure_2.csv,Yes,D1_no_detected_evidence_or_insufficient_disclosure,D1_no_detected_evidence_or_insufficient_disclosure,D_incomplete_or_ambiguous_disclosure,False,The frozen public evidence does not document disjointness or a containing-corpus relationship for this model-task pair; independence cannot be assumed.,https://pmc.ncbi.nlm.nih.gov/articles/PMC12003829/,No
CAMP-201,campanella_2025_clinical,h-optimus-0,h_optimus_0,MSHS BCa PR,mshs_bca_pr,biomarker_prediction,MSHS,campanella_mshs_bca_pr,figure_2.csv,Yes,D1_no_detected_evidence_or_insufficient_disclosure,D1_no_detected_evidence_or_insufficient_disclosure,D_incomplete_or_ambiguous_disclosure,False,The frozen public evidence does not document disjointness or a containing-corpus relationship for this model-task pair; independence cannot be assumed.,https://pmc.ncbi.nlm.nih.gov/articles/PMC12003829/,No
CAMP-202,campanella_2025_clinical,h-optimus-0,h_optimus_0,MSHS BioMe HRD,mshs_biome_hrd,biomarker_prediction,MSHS,campanella_mshs_biome_hrd,figure_2.csv,Yes,D1_no_detected_evidence_or_insufficient_disclosure,D1_no_detected_evidence_or_insufficient_disclosure,D_incomplete_or_ambiguous_disclosure,False,The frozen public evidence does not document disjointness or a containing-corpus relationship for this model-task pair; independence cannot be assumed.,https://pmc.ncbi.nlm.nih.gov/articles/PMC12003829/,No
CAMP-203,campanella_2025_clinical,h-optimus-0,h_optimus_0,MSHS Bladder,mshs_bladder,disease_detection,MSHS,campanella_mshs_bladder,figure_1.csv,Yes,D1_no_detected_evidence_or_insufficient_disclosure,D1_no_detected_evidence_or_insufficient_disclosure,D_incomplete_or_ambiguous_disclosure,False,The frozen public evidence does not document disjointness or a containing-corpus relationship for this model-task pair; independence cannot be assumed.,https://pmc.ncbi.nlm.nih.gov/articles/PMC12003829/,No
CAMP-204,campanella_2025_clinical,h-optimus-0,h_optimus_0,MSHS Breast,mshs_breast,disease_detection,MSHS,campanella_mshs_breast,figure_1.csv,Yes,D1_no_detected_evidence_or_insufficient_disclosure,D1_no_detected_evidence_or_insufficient_disclosure,D_incomplete_or_ambiguous_disclosure,False,The frozen public evidence does not document disjointness or a containing-corpus relationship for this model-task pair; independence cannot be assumed.,https://pmc.ncbi.nlm.nih.gov/articles/PMC12003829/,No
CAMP-205,campanella_2025_clinical,h-optimus-0,h_optimus_0,MSHS Colorectal,mshs_colorectal,disease_detection,MSHS,campanella_mshs_colorectal,figure_1.csv,Yes,D1_no_detected_evidence_or_insufficient_disclosure,D1_no_detected_evidence_or_insufficient_disclosure,D_incomplete_or_ambiguous_disclosure,False,The frozen public evidence does not document disjointness or a containing-corpus relationship for this model-task pair; independence cannot be assumed.,https://pmc.ncbi.nlm.nih.gov/articles/PMC12003829/,No
CAMP-206,campanella_2025_clinical,h-optimus-0,h_optimus_0,MSHS DCIS,mshs_dcis,disease_detection,MSHS,campanella_mshs_dcis,figure_1.csv,Yes,D1_no_detected_evidence_or_insufficient_disclosure,D1_no_detected_evidence_or_insufficient_disclosure,D_incomplete_or_ambiguous_disclosure,False,The frozen public evidence does not document disjointness or a containing-corpus relationship for this model-task pair; independence cannot be assumed.,https://pmc.ncbi.nlm.nih.gov/articles/PMC12003829/,No
CAMP-207,campanella_2025_clinical,h-optimus-0,h_optimus_0,MSHS IBD,mshs_ibd,disease_detection,MSHS,campanella_mshs_ibd,figure_1.csv,Yes,D1_no_detected_evidence_or_insufficient_disclosure,D1_no_detected_evidence_or_insufficient_disclosure,D_incomplete_or_ambiguous_disclosure,False,The frozen public evidence does not document disjointness or a containing-corpus relationship for this model-task pair; independence cannot be assumed.,https://pmc.ncbi.nlm.nih.gov/articles/PMC12003829/,No
CAMP-208,campanella_2025_clinical,h-optimus-0,h_optimus_0,MSHS Kidney,mshs_kidney,disease_detection,MSHS,campanella_mshs_kidney,figure_1.csv,Yes,D1_no_detected_evidence_or_insufficient_disclosure,D1_no_detected_evidence_or_insufficient_disclosure,D_incomplete_or_ambiguous_disclosure,False,The frozen public evidence does not document disjointness or a containing-corpus relationship for this model-task pair; independence cannot be assumed.,https://pmc.ncbi.nlm.nih.gov/articles/PMC12003829/,No
CAMP-209,campanella_2025_clinical,h-optimus-0,h_optimus_0,MSHS LUAD EGFR,mshs_luad_egfr,biomarker_prediction,MSHS,campanella_mshs_luad_egfr,figure_2.csv,Yes,D1_no_detected_evidence_or_insufficient_disclosure,D1_no_detected_evidence_or_insufficient_disclosure,D_incomplete_or_ambiguous_disclosure,False,The frozen public evidence does not document disjointness or a containing-corpus relationship for this model-task pair; independence cannot be assumed.,https://pmc.ncbi.nlm.nih.gov/articles/PMC12003829/,No
CAMP-210,campanella_2025_clinical,h-optimus-0,h_optimus_0,MSHS Oral,mshs_oral,disease_detection,MSHS,campanella_mshs_oral,figure_1.csv,Yes,D1_no_detected_evidence_or_insufficient_disclosure,D1_no_detected_evidence_or_insufficient_disclosure,D_incomplete_or_ambiguous_disclosure,False,The frozen public evidence does not document disjointness or a containing-corpus relationship for this model-task pair; independence cannot be assumed.,https://pmc.ncbi.nlm.nih.gov/articles/PMC12003829/,No
CAMP-211,campanella_2025_clinical,h-optimus-0,h_optimus_0,MSHS Prostate,mshs_prostate,disease_detection,MSHS,campanella_mshs_prostate,figure_1.csv,Yes,D1_no_detected_evidence_or_insufficient_disclosure,D1_no_detected_evidence_or_insufficient_disclosure,D_incomplete_or_ambiguous_disclosure,False,The frozen public evidence does not document disjointness or a containing-corpus relationship for this model-task pair; independence cannot be assumed.,https://pmc.ncbi.nlm.nih.gov/articles/PMC12003829/,No
CAMP-212,campanella_2025_clinical,h-optimus-0,h_optimus_0,MSHS Thyroid,mshs_thyroid,disease_detection,MSHS,campanella_mshs_thyroid,figure_1.csv,Yes,D1_no_detected_evidence_or_insufficient_disclosure,D1_no_detected_evidence_or_insufficient_disclosure,D_incomplete_or_ambiguous_disclosure,False,The frozen public evidence does not document disjointness or a containing-corpus relationship for this model-task pair; independence cannot be assumed.,https://pmc.ncbi.nlm.nih.gov/articles/PMC12003829/,No
CAMP-213,campanella_2025_clinical,h-optimus-0,h_optimus_0,MSKCC LUAD ALK,mskcc_luad_alk,biomarker_prediction,MSKCC,campanella_mskcc_luad_alk,figure_2.csv,Yes,D1_no_detected_evidence_or_insufficient_disclosure,D1_no_detected_evidence_or_insufficient_disclosure,D_incomplete_or_ambiguous_disclosure,False,The frozen public evidence does not document disjointness or a containing-corpus relationship for this model-task pair; independence cannot be assumed.,https://pmc.ncbi.nlm.nih.gov/articles/PMC12003829/,No
CAMP-214,campanella_2025_clinical,h-optimus-0,h_optimus_0,MSKCC LUAD EGFR,mskcc_luad_egfr,biomarker_prediction,MSKCC,campanella_mskcc_luad_egfr,figure_2.csv,Yes,D1_no_detected_evidence_or_insufficient_disclosure,D1_no_detected_evidence_or_insufficient_disclosure,D_incomplete_or_ambiguous_disclosure,False,The frozen public evidence does not document disjointness or a containing-corpus relationship for this model-task pair; independence cannot be assumed.,https://pmc.ncbi.nlm.nih.gov/articles/PMC12003829/,No
CAMP-215,campanella_2025_clinical,h-optimus-0,h_optimus_0,MSKCC LUAD KRAS,mskcc_luad_kras,biomarker_prediction,MSKCC,campanella_mskcc_luad_kras,figure_2.csv,Yes,D1_no_detected_evidence_or_insufficient_disclosure,D1_no_detected_evidence_or_insufficient_disclosure,D_incomplete_or_ambiguous_disclosure,False,The frozen public evidence does not document disjointness or a containing-corpus relationship for this model-task pair; independence cannot be assumed.,https://pmc.ncbi.nlm.nih.gov/articles/PMC12003829/,No
CAMP-216,campanella_2025_clinical,h-optimus-0,h_optimus_0,MSKCC LUAD STK11,mskcc_luad_stk11,biomarker_prediction,MSKCC,campanella_mskcc_luad_stk11,figure_2.csv,Yes,D1_no_detected_evidence_or_insufficient_disclosure,D1_no_detected_evidence_or_insufficient_disclosure,D_incomplete_or_ambiguous_disclosure,False,The frozen public evidence does not document disjointness or a containing-corpus relationship for this model-task pair; independence cannot be assumed.,https://pmc.ncbi.nlm.nih.gov/articles/PMC12003829/,No
CAMP-217,campanella_2025_clinical,h-optimus-0,h_optimus_0,MSKCC LUAD TP53,mskcc_luad_tp53,biomarker_prediction,MSKCC,campanella_mskcc_luad_tp53,figure_2.csv,Yes,D1_no_detected_evidence_or_insufficient_disclosure,D1_no_detected_evidence_or_insufficient_disclosure,D_incomplete_or_ambiguous_disclosure,False,The frozen public evidence does not document disjointness or a containing-corpus relationship for this model-task pair; independence cannot be assumed.,https://pmc.ncbi.nlm.nih.gov/articles/PMC12003829/,No
CAMP-218,campanella_2025_clinical,h-optimus-0,h_optimus_0,MSKCC NSCLC IO,mskcc_nsclc_io,biomarker_prediction,MSKCC,campanella_mskcc_nsclc_io,figure_2.csv,Yes,D1_no_detected_evidence_or_insufficient_disclosure,D1_no_detected_evidence_or_insufficient_disclosure,D_incomplete_or_ambiguous_disclosure,False,The frozen public evidence does not document disjointness or a containing-corpus relationship for this model-task pair; independence cannot be assumed.,https://pmc.ncbi.nlm.nih.gov/articles/PMC12003829/,No
CAMP-219,campanella_2025_clinical,h-optimus-0,h_optimus_0,SUH Melanoma BRAF,suh_melanoma_braf,biomarker_prediction,SUH,campanella_suh_melanoma_braf,figure_2.csv,Yes,D1_no_detected_evidence_or_insufficient_disclosure,D1_no_detected_evidence_or_insufficient_disclosure,D_incomplete_or_ambiguous_disclosure,False,The frozen public evidence does not document disjointness or a containing-corpus relationship for this model-task pair; independence cannot be assumed.,https://pmc.ncbi.nlm.nih.gov/articles/PMC12003829/,No
CAMP-220,campanella_2025_clinical,h-optimus-0,h_optimus_0,SUH Melanoma NRAS,suh_melanoma_nras,biomarker_prediction,SUH,campanella_suh_melanoma_nras,figure_2.csv,Yes,D1_no_detected_evidence_or_insufficient_disclosure,D1_no_detected_evidence_or_insufficient_disclosure,D_incomplete_or_ambiguous_disclosure,False,The frozen public evidence does not document disjointness or a containing-corpus relationship for this model-task pair; independence cannot be assumed.,https://pmc.ncbi.nlm.nih.gov/articles/PMC12003829/,No
CAMP-221,campanella_2025_clinical,tRes50,tres50_imagenet,MSHS BCa ER,mshs_bca_er,biomarker_prediction,MSHS,campanella_mshs_bca_er,figure_2.csv,Yes,D1_no_detected_evidence_or_insufficient_disclosure,D1_no_detected_evidence_or_insufficient_disclosure,D_incomplete_or_ambiguous_disclosure,False,The frozen public evidence does not document disjointness or a containing-corpus relationship for this model-task pair; independence cannot be assumed.,https://pmc.ncbi.nlm.nih.gov/articles/PMC12003829/,No
CAMP-222,campanella_2025_clinical,tRes50,tres50_imagenet,MSHS BCa HER2,mshs_bca_her2,biomarker_prediction,MSHS,campanella_mshs_bca_her2,figure_2.csv,Yes,D1_no_detected_evidence_or_insufficient_disclosure,D1_no_detected_evidence_or_insufficient_disclosure,D_incomplete_or_ambiguous_disclosure,False,The frozen public evidence does not document disjointness or a containing-corpus relationship for this model-task pair; independence cannot be assumed.,https://pmc.ncbi.nlm.nih.gov/articles/PMC12003829/,No
CAMP-223,campanella_2025_clinical,tRes50,tres50_imagenet,MSHS BCa PR,mshs_bca_pr,biomarker_prediction,MSHS,campanella_mshs_bca_pr,figure_2.csv,Yes,D1_no_detected_evidence_or_insufficient_disclosure,D1_no_detected_evidence_or_insufficient_disclosure,D_incomplete_or_ambiguous_disclosure,False,The frozen public evidence does not document disjointness or a containing-corpus relationship for this model-task pair; independence cannot be assumed.,https://pmc.ncbi.nlm.nih.gov/articles/PMC12003829/,No
CAMP-224,campanella_2025_clinical,tRes50,tres50_imagenet,MSHS BioMe HRD,mshs_biome_hrd,biomarker_prediction,MSHS,campanella_mshs_biome_hrd,figure_2.csv,Yes,D1_no_detected_evidence_or_insufficient_disclosure,D1_no_detected_evidence_or_insufficient_disclosure,D_incomplete_or_ambiguous_disclosure,False,The frozen public evidence does not document disjointness or a containing-corpus relationship for this model-task pair; independence cannot be assumed.,https://pmc.ncbi.nlm.nih.gov/articles/PMC12003829/,No
CAMP-225,campanella_2025_clinical,tRes50,tres50_imagenet,MSHS Bladder,mshs_bladder,disease_detection,MSHS,campanella_mshs_bladder,figure_1.csv,Yes,D1_no_detected_evidence_or_insufficient_disclosure,D1_no_detected_evidence_or_insufficient_disclosure,D_incomplete_or_ambiguous_disclosure,False,The frozen public evidence does not document disjointness or a containing-corpus relationship for this model-task pair; independence cannot be assumed.,https://pmc.ncbi.nlm.nih.gov/articles/PMC12003829/,No
CAMP-226,campanella_2025_clinical,tRes50,tres50_imagenet,MSHS Breast,mshs_breast,disease_detection,MSHS,campanella_mshs_breast,figure_1.csv,Yes,D1_no_detected_evidence_or_insufficient_disclosure,D1_no_detected_evidence_or_insufficient_disclosure,D_incomplete_or_ambiguous_disclosure,False,The frozen public evidence does not document disjointness or a containing-corpus relationship for this model-task pair; independence cannot be assumed.,https://pmc.ncbi.nlm.nih.gov/articles/PMC12003829/,No
CAMP-227,campanella_2025_clinical,tRes50,tres50_imagenet,MSHS Colorectal,mshs_colorectal,disease_detection,MSHS,campanella_mshs_colorectal,figure_1.csv,Yes,D1_no_detected_evidence_or_insufficient_disclosure,D1_no_detected_evidence_or_insufficient_disclosure,D_incomplete_or_ambiguous_disclosure,False,The frozen public evidence does not document disjointness or a containing-corpus relationship for this model-task pair; independence cannot be assumed.,https://pmc.ncbi.nlm.nih.gov/articles/PMC12003829/,No
CAMP-228,campanella_2025_clinical,tRes50,tres50_imagenet,MSHS DCIS,mshs_dcis,disease_detection,MSHS,campanella_mshs_dcis,figure_1.csv,Yes,D1_no_detected_evidence_or_insufficient_disclosure,D1_no_detected_evidence_or_insufficient_disclosure,D_incomplete_or_ambiguous_disclosure,False,The frozen public evidence does not document disjointness or a containing-corpus relationship for this model-task pair; independence cannot be assumed.,https://pmc.ncbi.nlm.nih.gov/articles/PMC12003829/,No
CAMP-229,campanella_2025_clinical,tRes50,tres50_imagenet,MSHS IBD,mshs_ibd,disease_detection,MSHS,campanella_mshs_ibd,figure_1.csv,Yes,D1_no_detected_evidence_or_insufficient_disclosure,D1_no_detected_evidence_or_insufficient_disclosure,D_incomplete_or_ambiguous_disclosure,False,The frozen public evidence does not document disjointness or a containing-corpus relationship for this model-task pair; independence cannot be assumed.,https://pmc.ncbi.nlm.nih.gov/articles/PMC12003829/,No
CAMP-230,campanella_2025_clinical,tRes50,tres50_imagenet,MSHS Kidney,mshs_kidney,disease_detection,MSHS,campanella_mshs_kidney,figure_1.csv,Yes,D1_no_detected_evidence_or_insufficient_disclosure,D1_no_detected_evidence_or_insufficient_disclosure,D_incomplete_or_ambiguous_disclosure,False,The frozen public evidence does not document disjointness or a containing-corpus relationship for this model-task pair; independence cannot be assumed.,https://pmc.ncbi.nlm.nih.gov/articles/PMC12003829/,No
CAMP-231,campanella_2025_clinical,tRes50,tres50_imagenet,MSHS LUAD EGFR,mshs_luad_egfr,biomarker_prediction,MSHS,campanella_mshs_luad_egfr,figure_2.csv,Yes,D1_no_detected_evidence_or_insufficient_disclosure,D1_no_detected_evidence_or_insufficient_disclosure,D_incomplete_or_ambiguous_disclosure,False,The frozen public evidence does not document disjointness or a containing-corpus relationship for this model-task pair; independence cannot be assumed.,https://pmc.ncbi.nlm.nih.gov/articles/PMC12003829/,No
CAMP-232,campanella_2025_clinical,tRes50,tres50_imagenet,MSHS Oral,mshs_oral,disease_detection,MSHS,campanella_mshs_oral,figure_1.csv,Yes,D1_no_detected_evidence_or_insufficient_disclosure,D1_no_detected_evidence_or_insufficient_disclosure,D_incomplete_or_ambiguous_disclosure,False,The frozen public evidence does not document disjointness or a containing-corpus relationship for this model-task pair; independence cannot be assumed.,https://pmc.ncbi.nlm.nih.gov/articles/PMC12003829/,No
CAMP-233,campanella_2025_clinical,tRes50,tres50_imagenet,MSHS Prostate,mshs_prostate,disease_detection,MSHS,campanella_mshs_prostate,figure_1.csv,Yes,D1_no_detected_evidence_or_insufficient_disclosure,D1_no_detected_evidence_or_insufficient_disclosure,D_incomplete_or_ambiguous_disclosure,False,The frozen public evidence does not document disjointness or a containing-corpus relationship for this model-task pair; independence cannot be assumed.,https://pmc.ncbi.nlm.nih.gov/articles/PMC12003829/,No
CAMP-234,campanella_2025_clinical,tRes50,tres50_imagenet,MSHS Thyroid,mshs_thyroid,disease_detection,MSHS,campanella_mshs_thyroid,figure_1.csv,Yes,D1_no_detected_evidence_or_insufficient_disclosure,D1_no_detected_evidence_or_insufficient_disclosure,D_incomplete_or_ambiguous_disclosure,False,The frozen public evidence does not document disjointness or a containing-corpus relationship for this model-task pair; independence cannot be assumed.,https://pmc.ncbi.nlm.nih.gov/articles/PMC12003829/,No
CAMP-235,campanella_2025_clinical,tRes50,tres50_imagenet,MSKCC LUAD ALK,mskcc_luad_alk,biomarker_prediction,MSKCC,campanella_mskcc_luad_alk,figure_2.csv,Yes,D1_no_detected_evidence_or_insufficient_disclosure,D1_no_detected_evidence_or_insufficient_disclosure,D_incomplete_or_ambiguous_disclosure,False,The frozen public evidence does not document disjointness or a containing-corpus relationship for this model-task pair; independence cannot be assumed.,https://pmc.ncbi.nlm.nih.gov/articles/PMC12003829/,No
CAMP-236,campanella_2025_clinical,tRes50,tres50_imagenet,MSKCC LUAD EGFR,mskcc_luad_egfr,biomarker_prediction,MSKCC,campanella_mskcc_luad_egfr,figure_2.csv,Yes,D1_no_detected_evidence_or_insufficient_disclosure,D1_no_detected_evidence_or_insufficient_disclosure,D_incomplete_or_ambiguous_disclosure,False,The frozen public evidence does not document disjointness or a containing-corpus relationship for this model-task pair; independence cannot be assumed.,https://pmc.ncbi.nlm.nih.gov/articles/PMC12003829/,No
CAMP-237,campanella_2025_clinical,tRes50,tres50_imagenet,MSKCC LUAD KRAS,mskcc_luad_kras,biomarker_prediction,MSKCC,campanella_mskcc_luad_kras,figure_2.csv,Yes,D1_no_detected_evidence_or_insufficient_disclosure,D1_no_detected_evidence_or_insufficient_disclosure,D_incomplete_or_ambiguous_disclosure,False,The frozen public evidence does not document disjointness or a containing-corpus relationship for this model-task pair; independence cannot be assumed.,https://pmc.ncbi.nlm.nih.gov/articles/PMC12003829/,No
CAMP-238,campanella_2025_clinical,tRes50,tres50_imagenet,MSKCC LUAD STK11,mskcc_luad_stk11,biomarker_prediction,MSKCC,campanella_mskcc_luad_stk11,figure_2.csv,Yes,D1_no_detected_evidence_or_insufficient_disclosure,D1_no_detected_evidence_or_insufficient_disclosure,D_incomplete_or_ambiguous_disclosure,False,The frozen public evidence does not document disjointness or a containing-corpus relationship for this model-task pair; independence cannot be assumed.,https://pmc.ncbi.nlm.nih.gov/articles/PMC12003829/,No
CAMP-239,campanella_2025_clinical,tRes50,tres50_imagenet,MSKCC LUAD TP53,mskcc_luad_tp53,biomarker_prediction,MSKCC,campanella_mskcc_luad_tp53,figure_2.csv,Yes,D1_no_detected_evidence_or_insufficient_disclosure,D1_no_detected_evidence_or_insufficient_disclosure,D_incomplete_or_ambiguous_disclosure,False,The frozen public evidence does not document disjointness or a containing-corpus relationship for this model-task pair; independence cannot be assumed.,https://pmc.ncbi.nlm.nih.gov/articles/PMC12003829/,No
CAMP-240,campanella_2025_clinical,tRes50,tres50_imagenet,MSKCC NSCLC IO,mskcc_nsclc_io,biomarker_prediction,MSKCC,campanella_mskcc_nsclc_io,figure_2.csv,Yes,D1_no_detected_evidence_or_insufficient_disclosure,D1_no_detected_evidence_or_insufficient_disclosure,D_incomplete_or_ambiguous_disclosure,False,The frozen public evidence does not document disjointness or a containing-corpus relationship for this model-task pair; independence cannot be assumed.,https://pmc.ncbi.nlm.nih.gov/articles/PMC12003829/,No
CAMP-241,campanella_2025_clinical,tRes50,tres50_imagenet,SUH Melanoma BRAF,suh_melanoma_braf,biomarker_prediction,SUH,campanella_suh_melanoma_braf,figure_2.csv,Yes,D1_no_detected_evidence_or_insufficient_disclosure,D1_no_detected_evidence_or_insufficient_disclosure,D_incomplete_or_ambiguous_disclosure,False,The frozen public evidence does not document disjointness or a containing-corpus relationship for this model-task pair; independence cannot be assumed.,https://pmc.ncbi.nlm.nih.gov/articles/PMC12003829/,No
CAMP-242,campanella_2025_clinical,tRes50,tres50_imagenet,SUH Melanoma NRAS,suh_melanoma_nras,biomarker_prediction,SUH,campanella_suh_melanoma_nras,figure_2.csv,Yes,D1_no_detected_evidence_or_insufficient_disclosure,D1_no_detected_evidence_or_insufficient_disclosure,D_incomplete_or_ambiguous_disclosure,False,The frozen public evidence does not document disjointness or a containing-corpus relationship for this model-task pair; independence cannot be assumed.,https://pmc.ncbi.nlm.nih.gov/articles/PMC12003829/,No
