model_id,model_name,evaluation_dataset_id,direct_source_baseline_class,baseline_basis,registry_class,agreement,registry_evidence_assertion_ids,registry_evidence_url,lineage_added_exposure
ctranspath,cTransPath,tcga,D3_exact_dataset_exposure,exact named-dataset development assertion,D3_exact_dataset_exposure,True,A0001,https://github.com/Xiyue-Wang/TransPath/tree/26c61940312dbb239351eff46fe08c884e9e5c3e,False
ctranspath,cTransPath,tcga_brca,D1_no_detected_evidence_or_insufficient_disclosure,no exact named-dataset assertion,D2_parent_repository_exposure,False,A0001,https://github.com/Xiyue-Wang/TransPath/tree/26c61940312dbb239351eff46fe08c884e9e5c3e,True
ctranspath,cTransPath,tcga_luad,D1_no_detected_evidence_or_insufficient_disclosure,no exact named-dataset assertion,D2_parent_repository_exposure,False,A0001,https://github.com/Xiyue-Wang/TransPath/tree/26c61940312dbb239351eff46fe08c884e9e5c3e,True
ctranspath,cTransPath,tcga_lusc,D1_no_detected_evidence_or_insufficient_disclosure,no exact named-dataset assertion,D2_parent_repository_exposure,False,A0001,https://github.com/Xiyue-Wang/TransPath/tree/26c61940312dbb239351eff46fe08c884e9e5c3e,True
ctranspath,cTransPath,tcga_coad,D1_no_detected_evidence_or_insufficient_disclosure,no exact named-dataset assertion,D2_parent_repository_exposure,False,A0001,https://github.com/Xiyue-Wang/TransPath/tree/26c61940312dbb239351eff46fe08c884e9e5c3e,True
ctranspath,cTransPath,tcga_read,D1_no_detected_evidence_or_insufficient_disclosure,no exact named-dataset assertion,D2_parent_repository_exposure,False,A0001,https://github.com/Xiyue-Wang/TransPath/tree/26c61940312dbb239351eff46fe08c884e9e5c3e,True
ctranspath,cTransPath,cptac,D1_no_detected_evidence_or_insufficient_disclosure,no exact named-dataset assertion,D1_no_detected_evidence_or_insufficient_disclosure,True,,,False
ctranspath,cTransPath,camelyon16,D1_no_detected_evidence_or_insufficient_disclosure,no exact named-dataset assertion,D1_no_detected_evidence_or_insufficient_disclosure,True,,,False
ctranspath,cTransPath,camelyon17,D1_no_detected_evidence_or_insufficient_disclosure,no exact named-dataset assertion,D1_no_detected_evidence_or_insufficient_disclosure,True,,,False
ctranspath,cTransPath,pcam,D1_no_detected_evidence_or_insufficient_disclosure,no exact named-dataset assertion,D1_no_detected_evidence_or_insufficient_disclosure,True,,,False
ctranspath,cTransPath,panda,D1_no_detected_evidence_or_insufficient_disclosure,no exact named-dataset assertion,D1_no_detected_evidence_or_insufficient_disclosure,True,,,False
ctranspath,cTransPath,bach,D1_no_detected_evidence_or_insufficient_disclosure,no exact named-dataset assertion,D1_no_detected_evidence_or_insufficient_disclosure,True,,,False
ctranspath,cTransPath,bracs,D1_no_detected_evidence_or_insufficient_disclosure,no exact named-dataset assertion,D1_no_detected_evidence_or_insufficient_disclosure,True,,,False
ctranspath,cTransPath,breakhis,D1_no_detected_evidence_or_insufficient_disclosure,no exact named-dataset assertion,D1_no_detected_evidence_or_insufficient_disclosure,True,,,False
ctranspath,cTransPath,nct_crc_he_100k,D1_no_detected_evidence_or_insufficient_disclosure,no exact named-dataset assertion,D1_no_detected_evidence_or_insufficient_disclosure,True,,,False
ctranspath,cTransPath,crc_val_he_7k,D1_no_detected_evidence_or_insufficient_disclosure,no exact named-dataset assertion,D1_no_detected_evidence_or_insufficient_disclosure,True,,,False
ctranspath,cTransPath,mhist,D1_no_detected_evidence_or_insufficient_disclosure,no exact named-dataset assertion,D1_no_detected_evidence_or_insufficient_disclosure,True,,,False
ctranspath,cTransPath,sicapv2,D1_no_detected_evidence_or_insufficient_disclosure,no exact named-dataset assertion,D1_no_detected_evidence_or_insufficient_disclosure,True,,,False
ctranspath,cTransPath,unitopatho,D1_no_detected_evidence_or_insufficient_disclosure,no exact named-dataset assertion,D1_no_detected_evidence_or_insufficient_disclosure,True,,,False
ctranspath,cTransPath,lc25000,D1_no_detected_evidence_or_insufficient_disclosure,no exact named-dataset assertion,D1_no_detected_evidence_or_insufficient_disclosure,True,,,False
ctranspath,cTransPath,nlst,D1_no_detected_evidence_or_insufficient_disclosure,no exact named-dataset assertion,D1_no_detected_evidence_or_insufficient_disclosure,True,,,False
ctranspath,cTransPath,dhmc_lung,D1_no_detected_evidence_or_insufficient_disclosure,no exact named-dataset assertion,D1_no_detected_evidence_or_insufficient_disclosure,True,,,False
ctranspath,cTransPath,stanford_gbm,D1_no_detected_evidence_or_insufficient_disclosure,no exact named-dataset assertion,D1_no_detected_evidence_or_insufficient_disclosure,True,,,False
ctranspath,cTransPath,stanford_lung,D1_no_detected_evidence_or_insufficient_disclosure,no exact named-dataset assertion,D1_no_detected_evidence_or_insufficient_disclosure,True,,,False
ctranspath,cTransPath,hest,D1_no_detected_evidence_or_insufficient_disclosure,no exact named-dataset assertion,D1_no_detected_evidence_or_insufficient_disclosure,True,,,False
ctranspath,cTransPath,gtex,D1_no_detected_evidence_or_insufficient_disclosure,no exact named-dataset assertion,D1_no_detected_evidence_or_insufficient_disclosure,True,,,False
ctranspath,cTransPath,tcia,D1_no_detected_evidence_or_insufficient_disclosure,no exact named-dataset assertion,D1_no_detected_evidence_or_insufficient_disclosure,True,,,False
ctranspath,cTransPath,paip,D3_exact_dataset_exposure,exact named-dataset development assertion,D3_exact_dataset_exposure,True,A0002,https://github.com/Xiyue-Wang/TransPath/tree/26c61940312dbb239351eff46fe08c884e9e5c3e,False
kaiko,Kaiko,tcga,D3_exact_dataset_exposure,exact named-dataset development assertion,D3_exact_dataset_exposure,True,A0019,https://github.com/kaiko-ai/eva/blob/e43e74a99b75660b0014f790f25a33dd9f11e121/docs/user-guide/advanced/replicate_evaluations.md,False
kaiko,Kaiko,tcga_brca,D1_no_detected_evidence_or_insufficient_disclosure,no exact named-dataset assertion,D2_parent_repository_exposure,False,A0019,https://github.com/kaiko-ai/eva/blob/e43e74a99b75660b0014f790f25a33dd9f11e121/docs/user-guide/advanced/replicate_evaluations.md,True
kaiko,Kaiko,tcga_luad,D1_no_detected_evidence_or_insufficient_disclosure,no exact named-dataset assertion,D2_parent_repository_exposure,False,A0019,https://github.com/kaiko-ai/eva/blob/e43e74a99b75660b0014f790f25a33dd9f11e121/docs/user-guide/advanced/replicate_evaluations.md,True
kaiko,Kaiko,tcga_lusc,D1_no_detected_evidence_or_insufficient_disclosure,no exact named-dataset assertion,D2_parent_repository_exposure,False,A0019,https://github.com/kaiko-ai/eva/blob/e43e74a99b75660b0014f790f25a33dd9f11e121/docs/user-guide/advanced/replicate_evaluations.md,True
kaiko,Kaiko,tcga_coad,D1_no_detected_evidence_or_insufficient_disclosure,no exact named-dataset assertion,D2_parent_repository_exposure,False,A0019,https://github.com/kaiko-ai/eva/blob/e43e74a99b75660b0014f790f25a33dd9f11e121/docs/user-guide/advanced/replicate_evaluations.md,True
kaiko,Kaiko,tcga_read,D1_no_detected_evidence_or_insufficient_disclosure,no exact named-dataset assertion,D2_parent_repository_exposure,False,A0019,https://github.com/kaiko-ai/eva/blob/e43e74a99b75660b0014f790f25a33dd9f11e121/docs/user-guide/advanced/replicate_evaluations.md,True
kaiko,Kaiko,cptac,D1_no_detected_evidence_or_insufficient_disclosure,no exact named-dataset assertion,D1_no_detected_evidence_or_insufficient_disclosure,True,,,False
kaiko,Kaiko,camelyon16,D1_no_detected_evidence_or_insufficient_disclosure,no exact named-dataset assertion,D1_no_detected_evidence_or_insufficient_disclosure,True,,,False
kaiko,Kaiko,camelyon17,D1_no_detected_evidence_or_insufficient_disclosure,no exact named-dataset assertion,D1_no_detected_evidence_or_insufficient_disclosure,True,,,False
kaiko,Kaiko,pcam,D1_no_detected_evidence_or_insufficient_disclosure,no exact named-dataset assertion,D1_no_detected_evidence_or_insufficient_disclosure,True,,,False
kaiko,Kaiko,panda,D1_no_detected_evidence_or_insufficient_disclosure,no exact named-dataset assertion,D1_no_detected_evidence_or_insufficient_disclosure,True,,,False
kaiko,Kaiko,bach,D1_no_detected_evidence_or_insufficient_disclosure,no exact named-dataset assertion,D1_no_detected_evidence_or_insufficient_disclosure,True,,,False
kaiko,Kaiko,bracs,D1_no_detected_evidence_or_insufficient_disclosure,no exact named-dataset assertion,D1_no_detected_evidence_or_insufficient_disclosure,True,,,False
kaiko,Kaiko,breakhis,D1_no_detected_evidence_or_insufficient_disclosure,no exact named-dataset assertion,D1_no_detected_evidence_or_insufficient_disclosure,True,,,False
kaiko,Kaiko,nct_crc_he_100k,D1_no_detected_evidence_or_insufficient_disclosure,no exact named-dataset assertion,D1_no_detected_evidence_or_insufficient_disclosure,True,,,False
kaiko,Kaiko,crc_val_he_7k,D1_no_detected_evidence_or_insufficient_disclosure,no exact named-dataset assertion,D1_no_detected_evidence_or_insufficient_disclosure,True,,,False
kaiko,Kaiko,mhist,D1_no_detected_evidence_or_insufficient_disclosure,no exact named-dataset assertion,D1_no_detected_evidence_or_insufficient_disclosure,True,,,False
kaiko,Kaiko,sicapv2,D1_no_detected_evidence_or_insufficient_disclosure,no exact named-dataset assertion,D1_no_detected_evidence_or_insufficient_disclosure,True,,,False
kaiko,Kaiko,unitopatho,D1_no_detected_evidence_or_insufficient_disclosure,no exact named-dataset assertion,D1_no_detected_evidence_or_insufficient_disclosure,True,,,False
kaiko,Kaiko,lc25000,D1_no_detected_evidence_or_insufficient_disclosure,no exact named-dataset assertion,D1_no_detected_evidence_or_insufficient_disclosure,True,,,False
kaiko,Kaiko,nlst,D1_no_detected_evidence_or_insufficient_disclosure,no exact named-dataset assertion,D1_no_detected_evidence_or_insufficient_disclosure,True,,,False
kaiko,Kaiko,dhmc_lung,D1_no_detected_evidence_or_insufficient_disclosure,no exact named-dataset assertion,D1_no_detected_evidence_or_insufficient_disclosure,True,,,False
kaiko,Kaiko,stanford_gbm,D1_no_detected_evidence_or_insufficient_disclosure,no exact named-dataset assertion,D1_no_detected_evidence_or_insufficient_disclosure,True,,,False
kaiko,Kaiko,stanford_lung,D1_no_detected_evidence_or_insufficient_disclosure,no exact named-dataset assertion,D1_no_detected_evidence_or_insufficient_disclosure,True,,,False
kaiko,Kaiko,hest,D1_no_detected_evidence_or_insufficient_disclosure,no exact named-dataset assertion,D1_no_detected_evidence_or_insufficient_disclosure,True,,,False
kaiko,Kaiko,gtex,D1_no_detected_evidence_or_insufficient_disclosure,no exact named-dataset assertion,D1_no_detected_evidence_or_insufficient_disclosure,True,,,False
kaiko,Kaiko,tcia,D1_no_detected_evidence_or_insufficient_disclosure,no exact named-dataset assertion,D1_no_detected_evidence_or_insufficient_disclosure,True,,,False
kaiko,Kaiko,paip,D1_no_detected_evidence_or_insufficient_disclosure,no exact named-dataset assertion,D1_no_detected_evidence_or_insufficient_disclosure,True,,,False
hipt,HIPT,tcga,D3_exact_dataset_exposure,exact named-dataset development assertion,D3_exact_dataset_exposure,True,A0016,https://github.com/mahmoodlab/HIPT/tree/780fafaed2e5b112bc1ed6e78852af1fe6714342,False
hipt,HIPT,tcga_brca,D1_no_detected_evidence_or_insufficient_disclosure,no exact named-dataset assertion,D2_parent_repository_exposure,False,A0016,https://github.com/mahmoodlab/HIPT/tree/780fafaed2e5b112bc1ed6e78852af1fe6714342,True
hipt,HIPT,tcga_luad,D1_no_detected_evidence_or_insufficient_disclosure,no exact named-dataset assertion,D2_parent_repository_exposure,False,A0016,https://github.com/mahmoodlab/HIPT/tree/780fafaed2e5b112bc1ed6e78852af1fe6714342,True
hipt,HIPT,tcga_lusc,D1_no_detected_evidence_or_insufficient_disclosure,no exact named-dataset assertion,D2_parent_repository_exposure,False,A0016,https://github.com/mahmoodlab/HIPT/tree/780fafaed2e5b112bc1ed6e78852af1fe6714342,True
hipt,HIPT,tcga_coad,D1_no_detected_evidence_or_insufficient_disclosure,no exact named-dataset assertion,D2_parent_repository_exposure,False,A0016,https://github.com/mahmoodlab/HIPT/tree/780fafaed2e5b112bc1ed6e78852af1fe6714342,True
hipt,HIPT,tcga_read,D1_no_detected_evidence_or_insufficient_disclosure,no exact named-dataset assertion,D2_parent_repository_exposure,False,A0016,https://github.com/mahmoodlab/HIPT/tree/780fafaed2e5b112bc1ed6e78852af1fe6714342,True
hipt,HIPT,cptac,D1_no_detected_evidence_or_insufficient_disclosure,no exact named-dataset assertion,D1_no_detected_evidence_or_insufficient_disclosure,True,,,False
hipt,HIPT,camelyon16,D1_no_detected_evidence_or_insufficient_disclosure,no exact named-dataset assertion,D1_no_detected_evidence_or_insufficient_disclosure,True,,,False
hipt,HIPT,camelyon17,D1_no_detected_evidence_or_insufficient_disclosure,no exact named-dataset assertion,D1_no_detected_evidence_or_insufficient_disclosure,True,,,False
hipt,HIPT,pcam,D1_no_detected_evidence_or_insufficient_disclosure,no exact named-dataset assertion,D1_no_detected_evidence_or_insufficient_disclosure,True,,,False
hipt,HIPT,panda,D1_no_detected_evidence_or_insufficient_disclosure,no exact named-dataset assertion,D1_no_detected_evidence_or_insufficient_disclosure,True,,,False
hipt,HIPT,bach,D1_no_detected_evidence_or_insufficient_disclosure,no exact named-dataset assertion,D1_no_detected_evidence_or_insufficient_disclosure,True,,,False
hipt,HIPT,bracs,D1_no_detected_evidence_or_insufficient_disclosure,no exact named-dataset assertion,D1_no_detected_evidence_or_insufficient_disclosure,True,,,False
hipt,HIPT,breakhis,D1_no_detected_evidence_or_insufficient_disclosure,no exact named-dataset assertion,D1_no_detected_evidence_or_insufficient_disclosure,True,,,False
hipt,HIPT,nct_crc_he_100k,D1_no_detected_evidence_or_insufficient_disclosure,no exact named-dataset assertion,D1_no_detected_evidence_or_insufficient_disclosure,True,,,False
hipt,HIPT,crc_val_he_7k,D1_no_detected_evidence_or_insufficient_disclosure,no exact named-dataset assertion,D1_no_detected_evidence_or_insufficient_disclosure,True,,,False
hipt,HIPT,mhist,D1_no_detected_evidence_or_insufficient_disclosure,no exact named-dataset assertion,D1_no_detected_evidence_or_insufficient_disclosure,True,,,False
hipt,HIPT,sicapv2,D1_no_detected_evidence_or_insufficient_disclosure,no exact named-dataset assertion,D1_no_detected_evidence_or_insufficient_disclosure,True,,,False
hipt,HIPT,unitopatho,D1_no_detected_evidence_or_insufficient_disclosure,no exact named-dataset assertion,D1_no_detected_evidence_or_insufficient_disclosure,True,,,False
hipt,HIPT,lc25000,D1_no_detected_evidence_or_insufficient_disclosure,no exact named-dataset assertion,D1_no_detected_evidence_or_insufficient_disclosure,True,,,False
hipt,HIPT,nlst,D1_no_detected_evidence_or_insufficient_disclosure,no exact named-dataset assertion,D1_no_detected_evidence_or_insufficient_disclosure,True,,,False
hipt,HIPT,dhmc_lung,D1_no_detected_evidence_or_insufficient_disclosure,no exact named-dataset assertion,D1_no_detected_evidence_or_insufficient_disclosure,True,,,False
hipt,HIPT,stanford_gbm,D1_no_detected_evidence_or_insufficient_disclosure,no exact named-dataset assertion,D1_no_detected_evidence_or_insufficient_disclosure,True,,,False
hipt,HIPT,stanford_lung,D1_no_detected_evidence_or_insufficient_disclosure,no exact named-dataset assertion,D1_no_detected_evidence_or_insufficient_disclosure,True,,,False
hipt,HIPT,hest,D1_no_detected_evidence_or_insufficient_disclosure,no exact named-dataset assertion,D1_no_detected_evidence_or_insufficient_disclosure,True,,,False
hipt,HIPT,gtex,D1_no_detected_evidence_or_insufficient_disclosure,no exact named-dataset assertion,D1_no_detected_evidence_or_insufficient_disclosure,True,,,False
hipt,HIPT,tcia,D1_no_detected_evidence_or_insufficient_disclosure,no exact named-dataset assertion,D1_no_detected_evidence_or_insufficient_disclosure,True,,,False
hipt,HIPT,paip,D1_no_detected_evidence_or_insufficient_disclosure,no exact named-dataset assertion,D1_no_detected_evidence_or_insufficient_disclosure,True,,,False
virchow,Virchow,tcga,D1_no_detected_evidence_or_insufficient_disclosure,no exact named-dataset assertion,D1_no_detected_evidence_or_insufficient_disclosure,True,,,False
virchow,Virchow,tcga_brca,D1_no_detected_evidence_or_insufficient_disclosure,no exact named-dataset assertion,D1_no_detected_evidence_or_insufficient_disclosure,True,,,False
virchow,Virchow,tcga_luad,D1_no_detected_evidence_or_insufficient_disclosure,no exact named-dataset assertion,D1_no_detected_evidence_or_insufficient_disclosure,True,,,False
virchow,Virchow,tcga_lusc,D1_no_detected_evidence_or_insufficient_disclosure,no exact named-dataset assertion,D1_no_detected_evidence_or_insufficient_disclosure,True,,,False
virchow,Virchow,tcga_coad,D1_no_detected_evidence_or_insufficient_disclosure,no exact named-dataset assertion,D1_no_detected_evidence_or_insufficient_disclosure,True,,,False
virchow,Virchow,tcga_read,D1_no_detected_evidence_or_insufficient_disclosure,no exact named-dataset assertion,D1_no_detected_evidence_or_insufficient_disclosure,True,,,False
virchow,Virchow,cptac,D1_no_detected_evidence_or_insufficient_disclosure,no exact named-dataset assertion,D1_no_detected_evidence_or_insufficient_disclosure,True,,,False
virchow,Virchow,camelyon16,D1_no_detected_evidence_or_insufficient_disclosure,no exact named-dataset assertion,D1_no_detected_evidence_or_insufficient_disclosure,True,,,False
virchow,Virchow,camelyon17,D1_no_detected_evidence_or_insufficient_disclosure,no exact named-dataset assertion,D1_no_detected_evidence_or_insufficient_disclosure,True,,,False
virchow,Virchow,pcam,D1_no_detected_evidence_or_insufficient_disclosure,no exact named-dataset assertion,D1_no_detected_evidence_or_insufficient_disclosure,True,,,False
virchow,Virchow,panda,D1_no_detected_evidence_or_insufficient_disclosure,no exact named-dataset assertion,D1_no_detected_evidence_or_insufficient_disclosure,True,,,False
virchow,Virchow,bach,D1_no_detected_evidence_or_insufficient_disclosure,no exact named-dataset assertion,D1_no_detected_evidence_or_insufficient_disclosure,True,,,False
virchow,Virchow,bracs,D1_no_detected_evidence_or_insufficient_disclosure,no exact named-dataset assertion,D1_no_detected_evidence_or_insufficient_disclosure,True,,,False
virchow,Virchow,breakhis,D1_no_detected_evidence_or_insufficient_disclosure,no exact named-dataset assertion,D1_no_detected_evidence_or_insufficient_disclosure,True,,,False
virchow,Virchow,nct_crc_he_100k,D1_no_detected_evidence_or_insufficient_disclosure,no exact named-dataset assertion,D1_no_detected_evidence_or_insufficient_disclosure,True,,,False
virchow,Virchow,crc_val_he_7k,D1_no_detected_evidence_or_insufficient_disclosure,no exact named-dataset assertion,D1_no_detected_evidence_or_insufficient_disclosure,True,,,False
virchow,Virchow,mhist,D1_no_detected_evidence_or_insufficient_disclosure,no exact named-dataset assertion,D1_no_detected_evidence_or_insufficient_disclosure,True,,,False
virchow,Virchow,sicapv2,D1_no_detected_evidence_or_insufficient_disclosure,no exact named-dataset assertion,D1_no_detected_evidence_or_insufficient_disclosure,True,,,False
virchow,Virchow,unitopatho,D1_no_detected_evidence_or_insufficient_disclosure,no exact named-dataset assertion,D1_no_detected_evidence_or_insufficient_disclosure,True,,,False
virchow,Virchow,lc25000,D1_no_detected_evidence_or_insufficient_disclosure,no exact named-dataset assertion,D1_no_detected_evidence_or_insufficient_disclosure,True,,,False
virchow,Virchow,nlst,D1_no_detected_evidence_or_insufficient_disclosure,no exact named-dataset assertion,D1_no_detected_evidence_or_insufficient_disclosure,True,,,False
virchow,Virchow,dhmc_lung,D1_no_detected_evidence_or_insufficient_disclosure,no exact named-dataset assertion,D1_no_detected_evidence_or_insufficient_disclosure,True,,,False
virchow,Virchow,stanford_gbm,D1_no_detected_evidence_or_insufficient_disclosure,no exact named-dataset assertion,D1_no_detected_evidence_or_insufficient_disclosure,True,,,False
virchow,Virchow,stanford_lung,D1_no_detected_evidence_or_insufficient_disclosure,no exact named-dataset assertion,D1_no_detected_evidence_or_insufficient_disclosure,True,,,False
virchow,Virchow,hest,D1_no_detected_evidence_or_insufficient_disclosure,no exact named-dataset assertion,D1_no_detected_evidence_or_insufficient_disclosure,True,,,False
virchow,Virchow,gtex,D1_no_detected_evidence_or_insufficient_disclosure,no exact named-dataset assertion,D1_no_detected_evidence_or_insufficient_disclosure,True,,,False
virchow,Virchow,tcia,D1_no_detected_evidence_or_insufficient_disclosure,no exact named-dataset assertion,D1_no_detected_evidence_or_insufficient_disclosure,True,,,False
virchow,Virchow,paip,D1_no_detected_evidence_or_insufficient_disclosure,no exact named-dataset assertion,D1_no_detected_evidence_or_insufficient_disclosure,True,,,False
lunit_dinosslpath,Lunit / DinoSSLPath,tcga,D3_exact_dataset_exposure,exact named-dataset development assertion,D3_exact_dataset_exposure,True,A0017,https://github.com/lunit-io/benchmark-ssl-pathology/tree/d0288debae457da22868bf54d60cd99fe5b0f837,False
lunit_dinosslpath,Lunit / DinoSSLPath,tcga_brca,D1_no_detected_evidence_or_insufficient_disclosure,no exact named-dataset assertion,D2_parent_repository_exposure,False,A0017,https://github.com/lunit-io/benchmark-ssl-pathology/tree/d0288debae457da22868bf54d60cd99fe5b0f837,True
lunit_dinosslpath,Lunit / DinoSSLPath,tcga_luad,D1_no_detected_evidence_or_insufficient_disclosure,no exact named-dataset assertion,D2_parent_repository_exposure,False,A0017,https://github.com/lunit-io/benchmark-ssl-pathology/tree/d0288debae457da22868bf54d60cd99fe5b0f837,True
lunit_dinosslpath,Lunit / DinoSSLPath,tcga_lusc,D1_no_detected_evidence_or_insufficient_disclosure,no exact named-dataset assertion,D2_parent_repository_exposure,False,A0017,https://github.com/lunit-io/benchmark-ssl-pathology/tree/d0288debae457da22868bf54d60cd99fe5b0f837,True
lunit_dinosslpath,Lunit / DinoSSLPath,tcga_coad,D1_no_detected_evidence_or_insufficient_disclosure,no exact named-dataset assertion,D2_parent_repository_exposure,False,A0017,https://github.com/lunit-io/benchmark-ssl-pathology/tree/d0288debae457da22868bf54d60cd99fe5b0f837,True
lunit_dinosslpath,Lunit / DinoSSLPath,tcga_read,D1_no_detected_evidence_or_insufficient_disclosure,no exact named-dataset assertion,D2_parent_repository_exposure,False,A0017,https://github.com/lunit-io/benchmark-ssl-pathology/tree/d0288debae457da22868bf54d60cd99fe5b0f837,True
lunit_dinosslpath,Lunit / DinoSSLPath,cptac,D1_no_detected_evidence_or_insufficient_disclosure,no exact named-dataset assertion,D1_no_detected_evidence_or_insufficient_disclosure,True,,,False
lunit_dinosslpath,Lunit / DinoSSLPath,camelyon16,D1_no_detected_evidence_or_insufficient_disclosure,no exact named-dataset assertion,D1_no_detected_evidence_or_insufficient_disclosure,True,,,False
lunit_dinosslpath,Lunit / DinoSSLPath,camelyon17,D1_no_detected_evidence_or_insufficient_disclosure,no exact named-dataset assertion,D1_no_detected_evidence_or_insufficient_disclosure,True,,,False
lunit_dinosslpath,Lunit / DinoSSLPath,pcam,D1_no_detected_evidence_or_insufficient_disclosure,no exact named-dataset assertion,D1_no_detected_evidence_or_insufficient_disclosure,True,,,False
lunit_dinosslpath,Lunit / DinoSSLPath,panda,D1_no_detected_evidence_or_insufficient_disclosure,no exact named-dataset assertion,D1_no_detected_evidence_or_insufficient_disclosure,True,,,False
lunit_dinosslpath,Lunit / DinoSSLPath,bach,D1_no_detected_evidence_or_insufficient_disclosure,no exact named-dataset assertion,D1_no_detected_evidence_or_insufficient_disclosure,True,,,False
lunit_dinosslpath,Lunit / DinoSSLPath,bracs,D1_no_detected_evidence_or_insufficient_disclosure,no exact named-dataset assertion,D1_no_detected_evidence_or_insufficient_disclosure,True,,,False
lunit_dinosslpath,Lunit / DinoSSLPath,breakhis,D1_no_detected_evidence_or_insufficient_disclosure,no exact named-dataset assertion,D1_no_detected_evidence_or_insufficient_disclosure,True,,,False
lunit_dinosslpath,Lunit / DinoSSLPath,nct_crc_he_100k,D1_no_detected_evidence_or_insufficient_disclosure,no exact named-dataset assertion,D1_no_detected_evidence_or_insufficient_disclosure,True,,,False
lunit_dinosslpath,Lunit / DinoSSLPath,crc_val_he_7k,D1_no_detected_evidence_or_insufficient_disclosure,no exact named-dataset assertion,D1_no_detected_evidence_or_insufficient_disclosure,True,,,False
lunit_dinosslpath,Lunit / DinoSSLPath,mhist,D1_no_detected_evidence_or_insufficient_disclosure,no exact named-dataset assertion,D1_no_detected_evidence_or_insufficient_disclosure,True,,,False
lunit_dinosslpath,Lunit / DinoSSLPath,sicapv2,D1_no_detected_evidence_or_insufficient_disclosure,no exact named-dataset assertion,D1_no_detected_evidence_or_insufficient_disclosure,True,,,False
lunit_dinosslpath,Lunit / DinoSSLPath,unitopatho,D1_no_detected_evidence_or_insufficient_disclosure,no exact named-dataset assertion,D1_no_detected_evidence_or_insufficient_disclosure,True,,,False
lunit_dinosslpath,Lunit / DinoSSLPath,lc25000,D1_no_detected_evidence_or_insufficient_disclosure,no exact named-dataset assertion,D1_no_detected_evidence_or_insufficient_disclosure,True,,,False
lunit_dinosslpath,Lunit / DinoSSLPath,nlst,D1_no_detected_evidence_or_insufficient_disclosure,no exact named-dataset assertion,D1_no_detected_evidence_or_insufficient_disclosure,True,,,False
lunit_dinosslpath,Lunit / DinoSSLPath,dhmc_lung,D1_no_detected_evidence_or_insufficient_disclosure,no exact named-dataset assertion,D1_no_detected_evidence_or_insufficient_disclosure,True,,,False
lunit_dinosslpath,Lunit / DinoSSLPath,stanford_gbm,D1_no_detected_evidence_or_insufficient_disclosure,no exact named-dataset assertion,D1_no_detected_evidence_or_insufficient_disclosure,True,,,False
lunit_dinosslpath,Lunit / DinoSSLPath,stanford_lung,D1_no_detected_evidence_or_insufficient_disclosure,no exact named-dataset assertion,D1_no_detected_evidence_or_insufficient_disclosure,True,,,False
lunit_dinosslpath,Lunit / DinoSSLPath,hest,D1_no_detected_evidence_or_insufficient_disclosure,no exact named-dataset assertion,D1_no_detected_evidence_or_insufficient_disclosure,True,,,False
lunit_dinosslpath,Lunit / DinoSSLPath,gtex,D1_no_detected_evidence_or_insufficient_disclosure,no exact named-dataset assertion,D1_no_detected_evidence_or_insufficient_disclosure,True,,,False
lunit_dinosslpath,Lunit / DinoSSLPath,tcia,D1_no_detected_evidence_or_insufficient_disclosure,no exact named-dataset assertion,D1_no_detected_evidence_or_insufficient_disclosure,True,,,False
lunit_dinosslpath,Lunit / DinoSSLPath,paip,D1_no_detected_evidence_or_insufficient_disclosure,no exact named-dataset assertion,D1_no_detected_evidence_or_insufficient_disclosure,True,,,False
uni,UNI,tcga,D0_documented_disjoint,exact named-dataset disjointness assertion,D0_documented_disjoint,True,documented_disjoint,https://huggingface.co/MahmoodLab/UNI/blob/b55a5ec6cade1a39edfe6534189a9b8ca7a022f0/README.md,False
uni,UNI,tcga_brca,D1_no_detected_evidence_or_insufficient_disclosure,no exact named-dataset assertion,D1_no_detected_evidence_or_insufficient_disclosure,True,,,False
uni,UNI,tcga_luad,D1_no_detected_evidence_or_insufficient_disclosure,no exact named-dataset assertion,D1_no_detected_evidence_or_insufficient_disclosure,True,,,False
uni,UNI,tcga_lusc,D1_no_detected_evidence_or_insufficient_disclosure,no exact named-dataset assertion,D1_no_detected_evidence_or_insufficient_disclosure,True,,,False
uni,UNI,tcga_coad,D1_no_detected_evidence_or_insufficient_disclosure,no exact named-dataset assertion,D1_no_detected_evidence_or_insufficient_disclosure,True,,,False
uni,UNI,tcga_read,D1_no_detected_evidence_or_insufficient_disclosure,no exact named-dataset assertion,D1_no_detected_evidence_or_insufficient_disclosure,True,,,False
uni,UNI,cptac,D0_documented_disjoint,exact named-dataset disjointness assertion,D0_documented_disjoint,True,documented_disjoint,https://huggingface.co/MahmoodLab/UNI/blob/b55a5ec6cade1a39edfe6534189a9b8ca7a022f0/README.md,False
uni,UNI,camelyon16,D0_documented_disjoint,exact named-dataset disjointness assertion,D0_documented_disjoint,True,documented_disjoint,https://huggingface.co/MahmoodLab/UNI/blob/b55a5ec6cade1a39edfe6534189a9b8ca7a022f0/README.md,False
uni,UNI,camelyon17,D0_documented_disjoint,exact named-dataset disjointness assertion,D0_documented_disjoint,True,documented_disjoint,https://huggingface.co/MahmoodLab/UNI/blob/b55a5ec6cade1a39edfe6534189a9b8ca7a022f0/README.md,False
uni,UNI,pcam,D1_no_detected_evidence_or_insufficient_disclosure,no exact named-dataset assertion,D1_no_detected_evidence_or_insufficient_disclosure,True,,,False
uni,UNI,panda,D0_documented_disjoint,exact named-dataset disjointness assertion,D0_documented_disjoint,True,documented_disjoint,https://huggingface.co/MahmoodLab/UNI/blob/b55a5ec6cade1a39edfe6534189a9b8ca7a022f0/README.md,False
uni,UNI,bach,D1_no_detected_evidence_or_insufficient_disclosure,no exact named-dataset assertion,D1_no_detected_evidence_or_insufficient_disclosure,True,,,False
uni,UNI,bracs,D1_no_detected_evidence_or_insufficient_disclosure,no exact named-dataset assertion,D1_no_detected_evidence_or_insufficient_disclosure,True,,,False
uni,UNI,breakhis,D1_no_detected_evidence_or_insufficient_disclosure,no exact named-dataset assertion,D1_no_detected_evidence_or_insufficient_disclosure,True,,,False
uni,UNI,nct_crc_he_100k,D1_no_detected_evidence_or_insufficient_disclosure,no exact named-dataset assertion,D1_no_detected_evidence_or_insufficient_disclosure,True,,,False
uni,UNI,crc_val_he_7k,D1_no_detected_evidence_or_insufficient_disclosure,no exact named-dataset assertion,D1_no_detected_evidence_or_insufficient_disclosure,True,,,False
uni,UNI,mhist,D1_no_detected_evidence_or_insufficient_disclosure,no exact named-dataset assertion,D1_no_detected_evidence_or_insufficient_disclosure,True,,,False
uni,UNI,sicapv2,D1_no_detected_evidence_or_insufficient_disclosure,no exact named-dataset assertion,D1_no_detected_evidence_or_insufficient_disclosure,True,,,False
uni,UNI,unitopatho,D1_no_detected_evidence_or_insufficient_disclosure,no exact named-dataset assertion,D1_no_detected_evidence_or_insufficient_disclosure,True,,,False
uni,UNI,lc25000,D1_no_detected_evidence_or_insufficient_disclosure,no exact named-dataset assertion,D1_no_detected_evidence_or_insufficient_disclosure,True,,,False
uni,UNI,nlst,D1_no_detected_evidence_or_insufficient_disclosure,no exact named-dataset assertion,D1_no_detected_evidence_or_insufficient_disclosure,True,,,False
uni,UNI,dhmc_lung,D1_no_detected_evidence_or_insufficient_disclosure,no exact named-dataset assertion,D1_no_detected_evidence_or_insufficient_disclosure,True,,,False
uni,UNI,stanford_gbm,D1_no_detected_evidence_or_insufficient_disclosure,no exact named-dataset assertion,D1_no_detected_evidence_or_insufficient_disclosure,True,,,False
uni,UNI,stanford_lung,D1_no_detected_evidence_or_insufficient_disclosure,no exact named-dataset assertion,D1_no_detected_evidence_or_insufficient_disclosure,True,,,False
uni,UNI,hest,D1_no_detected_evidence_or_insufficient_disclosure,no exact named-dataset assertion,D1_no_detected_evidence_or_insufficient_disclosure,True,,,False
uni,UNI,gtex,D3_exact_dataset_exposure,exact named-dataset development assertion,D3_exact_dataset_exposure,True,A0009,https://www.nature.com/articles/s41591-024-02857-3,False
uni,UNI,tcia,D0_documented_disjoint,exact named-dataset disjointness assertion,D0_documented_disjoint,True,documented_disjoint,https://huggingface.co/MahmoodLab/UNI/blob/b55a5ec6cade1a39edfe6534189a9b8ca7a022f0/README.md,False
uni,UNI,paip,D0_documented_disjoint,exact named-dataset disjointness assertion,D0_documented_disjoint,True,documented_disjoint,https://huggingface.co/MahmoodLab/UNI/blob/b55a5ec6cade1a39edfe6534189a9b8ca7a022f0/README.md,False
hibou_b,Hibou-B,tcga,D1_no_detected_evidence_or_insufficient_disclosure,no exact named-dataset assertion,D1_no_detected_evidence_or_insufficient_disclosure,True,,,False
hibou_b,Hibou-B,tcga_brca,D1_no_detected_evidence_or_insufficient_disclosure,no exact named-dataset assertion,D1_no_detected_evidence_or_insufficient_disclosure,True,,,False
hibou_b,Hibou-B,tcga_luad,D1_no_detected_evidence_or_insufficient_disclosure,no exact named-dataset assertion,D1_no_detected_evidence_or_insufficient_disclosure,True,,,False
hibou_b,Hibou-B,tcga_lusc,D1_no_detected_evidence_or_insufficient_disclosure,no exact named-dataset assertion,D1_no_detected_evidence_or_insufficient_disclosure,True,,,False
hibou_b,Hibou-B,tcga_coad,D1_no_detected_evidence_or_insufficient_disclosure,no exact named-dataset assertion,D1_no_detected_evidence_or_insufficient_disclosure,True,,,False
hibou_b,Hibou-B,tcga_read,D1_no_detected_evidence_or_insufficient_disclosure,no exact named-dataset assertion,D1_no_detected_evidence_or_insufficient_disclosure,True,,,False
hibou_b,Hibou-B,cptac,D1_no_detected_evidence_or_insufficient_disclosure,no exact named-dataset assertion,D1_no_detected_evidence_or_insufficient_disclosure,True,,,False
hibou_b,Hibou-B,camelyon16,D1_no_detected_evidence_or_insufficient_disclosure,no exact named-dataset assertion,D1_no_detected_evidence_or_insufficient_disclosure,True,,,False
hibou_b,Hibou-B,camelyon17,D1_no_detected_evidence_or_insufficient_disclosure,no exact named-dataset assertion,D1_no_detected_evidence_or_insufficient_disclosure,True,,,False
hibou_b,Hibou-B,pcam,D1_no_detected_evidence_or_insufficient_disclosure,no exact named-dataset assertion,D1_no_detected_evidence_or_insufficient_disclosure,True,,,False
hibou_b,Hibou-B,panda,D1_no_detected_evidence_or_insufficient_disclosure,no exact named-dataset assertion,D1_no_detected_evidence_or_insufficient_disclosure,True,,,False
hibou_b,Hibou-B,bach,D1_no_detected_evidence_or_insufficient_disclosure,no exact named-dataset assertion,D1_no_detected_evidence_or_insufficient_disclosure,True,,,False
hibou_b,Hibou-B,bracs,D1_no_detected_evidence_or_insufficient_disclosure,no exact named-dataset assertion,D1_no_detected_evidence_or_insufficient_disclosure,True,,,False
hibou_b,Hibou-B,breakhis,D1_no_detected_evidence_or_insufficient_disclosure,no exact named-dataset assertion,D1_no_detected_evidence_or_insufficient_disclosure,True,,,False
hibou_b,Hibou-B,nct_crc_he_100k,D1_no_detected_evidence_or_insufficient_disclosure,no exact named-dataset assertion,D1_no_detected_evidence_or_insufficient_disclosure,True,,,False
hibou_b,Hibou-B,crc_val_he_7k,D1_no_detected_evidence_or_insufficient_disclosure,no exact named-dataset assertion,D1_no_detected_evidence_or_insufficient_disclosure,True,,,False
hibou_b,Hibou-B,mhist,D1_no_detected_evidence_or_insufficient_disclosure,no exact named-dataset assertion,D1_no_detected_evidence_or_insufficient_disclosure,True,,,False
hibou_b,Hibou-B,sicapv2,D1_no_detected_evidence_or_insufficient_disclosure,no exact named-dataset assertion,D1_no_detected_evidence_or_insufficient_disclosure,True,,,False
hibou_b,Hibou-B,unitopatho,D1_no_detected_evidence_or_insufficient_disclosure,no exact named-dataset assertion,D1_no_detected_evidence_or_insufficient_disclosure,True,,,False
hibou_b,Hibou-B,lc25000,D1_no_detected_evidence_or_insufficient_disclosure,no exact named-dataset assertion,D1_no_detected_evidence_or_insufficient_disclosure,True,,,False
hibou_b,Hibou-B,nlst,D1_no_detected_evidence_or_insufficient_disclosure,no exact named-dataset assertion,D1_no_detected_evidence_or_insufficient_disclosure,True,,,False
hibou_b,Hibou-B,dhmc_lung,D1_no_detected_evidence_or_insufficient_disclosure,no exact named-dataset assertion,D1_no_detected_evidence_or_insufficient_disclosure,True,,,False
hibou_b,Hibou-B,stanford_gbm,D1_no_detected_evidence_or_insufficient_disclosure,no exact named-dataset assertion,D1_no_detected_evidence_or_insufficient_disclosure,True,,,False
hibou_b,Hibou-B,stanford_lung,D1_no_detected_evidence_or_insufficient_disclosure,no exact named-dataset assertion,D1_no_detected_evidence_or_insufficient_disclosure,True,,,False
hibou_b,Hibou-B,hest,D1_no_detected_evidence_or_insufficient_disclosure,no exact named-dataset assertion,D1_no_detected_evidence_or_insufficient_disclosure,True,,,False
hibou_b,Hibou-B,gtex,D1_no_detected_evidence_or_insufficient_disclosure,no exact named-dataset assertion,D1_no_detected_evidence_or_insufficient_disclosure,True,,,False
hibou_b,Hibou-B,tcia,D1_no_detected_evidence_or_insufficient_disclosure,no exact named-dataset assertion,D1_no_detected_evidence_or_insufficient_disclosure,True,,,False
hibou_b,Hibou-B,paip,D1_no_detected_evidence_or_insufficient_disclosure,no exact named-dataset assertion,D1_no_detected_evidence_or_insufficient_disclosure,True,,,False
phikon,Phikon,tcga,D3_exact_dataset_exposure,exact named-dataset development assertion,D3_exact_dataset_exposure,True,A0003,https://huggingface.co/blog/EazyAl/phikon,False
phikon,Phikon,tcga_brca,D1_no_detected_evidence_or_insufficient_disclosure,no exact named-dataset assertion,D2_parent_repository_exposure,False,A0003,https://huggingface.co/blog/EazyAl/phikon,True
phikon,Phikon,tcga_luad,D1_no_detected_evidence_or_insufficient_disclosure,no exact named-dataset assertion,D2_parent_repository_exposure,False,A0003,https://huggingface.co/blog/EazyAl/phikon,True
phikon,Phikon,tcga_lusc,D1_no_detected_evidence_or_insufficient_disclosure,no exact named-dataset assertion,D2_parent_repository_exposure,False,A0003,https://huggingface.co/blog/EazyAl/phikon,True
phikon,Phikon,tcga_coad,D1_no_detected_evidence_or_insufficient_disclosure,no exact named-dataset assertion,D2_parent_repository_exposure,False,A0003,https://huggingface.co/blog/EazyAl/phikon,True
phikon,Phikon,tcga_read,D1_no_detected_evidence_or_insufficient_disclosure,no exact named-dataset assertion,D2_parent_repository_exposure,False,A0003,https://huggingface.co/blog/EazyAl/phikon,True
phikon,Phikon,cptac,D1_no_detected_evidence_or_insufficient_disclosure,no exact named-dataset assertion,D1_no_detected_evidence_or_insufficient_disclosure,True,,,False
phikon,Phikon,camelyon16,D1_no_detected_evidence_or_insufficient_disclosure,no exact named-dataset assertion,D1_no_detected_evidence_or_insufficient_disclosure,True,,,False
phikon,Phikon,camelyon17,D1_no_detected_evidence_or_insufficient_disclosure,no exact named-dataset assertion,D1_no_detected_evidence_or_insufficient_disclosure,True,,,False
phikon,Phikon,pcam,D1_no_detected_evidence_or_insufficient_disclosure,no exact named-dataset assertion,D1_no_detected_evidence_or_insufficient_disclosure,True,,,False
phikon,Phikon,panda,D1_no_detected_evidence_or_insufficient_disclosure,no exact named-dataset assertion,D1_no_detected_evidence_or_insufficient_disclosure,True,,,False
phikon,Phikon,bach,D1_no_detected_evidence_or_insufficient_disclosure,no exact named-dataset assertion,D1_no_detected_evidence_or_insufficient_disclosure,True,,,False
phikon,Phikon,bracs,D1_no_detected_evidence_or_insufficient_disclosure,no exact named-dataset assertion,D1_no_detected_evidence_or_insufficient_disclosure,True,,,False
phikon,Phikon,breakhis,D1_no_detected_evidence_or_insufficient_disclosure,no exact named-dataset assertion,D1_no_detected_evidence_or_insufficient_disclosure,True,,,False
phikon,Phikon,nct_crc_he_100k,D1_no_detected_evidence_or_insufficient_disclosure,no exact named-dataset assertion,D1_no_detected_evidence_or_insufficient_disclosure,True,,,False
phikon,Phikon,crc_val_he_7k,D1_no_detected_evidence_or_insufficient_disclosure,no exact named-dataset assertion,D1_no_detected_evidence_or_insufficient_disclosure,True,,,False
phikon,Phikon,mhist,D1_no_detected_evidence_or_insufficient_disclosure,no exact named-dataset assertion,D1_no_detected_evidence_or_insufficient_disclosure,True,,,False
phikon,Phikon,sicapv2,D1_no_detected_evidence_or_insufficient_disclosure,no exact named-dataset assertion,D1_no_detected_evidence_or_insufficient_disclosure,True,,,False
phikon,Phikon,unitopatho,D1_no_detected_evidence_or_insufficient_disclosure,no exact named-dataset assertion,D1_no_detected_evidence_or_insufficient_disclosure,True,,,False
phikon,Phikon,lc25000,D1_no_detected_evidence_or_insufficient_disclosure,no exact named-dataset assertion,D1_no_detected_evidence_or_insufficient_disclosure,True,,,False
phikon,Phikon,nlst,D1_no_detected_evidence_or_insufficient_disclosure,no exact named-dataset assertion,D1_no_detected_evidence_or_insufficient_disclosure,True,,,False
phikon,Phikon,dhmc_lung,D1_no_detected_evidence_or_insufficient_disclosure,no exact named-dataset assertion,D1_no_detected_evidence_or_insufficient_disclosure,True,,,False
phikon,Phikon,stanford_gbm,D1_no_detected_evidence_or_insufficient_disclosure,no exact named-dataset assertion,D1_no_detected_evidence_or_insufficient_disclosure,True,,,False
phikon,Phikon,stanford_lung,D1_no_detected_evidence_or_insufficient_disclosure,no exact named-dataset assertion,D1_no_detected_evidence_or_insufficient_disclosure,True,,,False
phikon,Phikon,hest,D1_no_detected_evidence_or_insufficient_disclosure,no exact named-dataset assertion,D1_no_detected_evidence_or_insufficient_disclosure,True,,,False
phikon,Phikon,gtex,D1_no_detected_evidence_or_insufficient_disclosure,no exact named-dataset assertion,D1_no_detected_evidence_or_insufficient_disclosure,True,,,False
phikon,Phikon,tcia,D1_no_detected_evidence_or_insufficient_disclosure,no exact named-dataset assertion,D1_no_detected_evidence_or_insufficient_disclosure,True,,,False
phikon,Phikon,paip,D1_no_detected_evidence_or_insufficient_disclosure,no exact named-dataset assertion,D1_no_detected_evidence_or_insufficient_disclosure,True,,,False
gpfm,GPFM,tcga,D3_exact_dataset_exposure,exact named-dataset development assertion,D3_exact_dataset_exposure,True,A0021,https://www.nature.com/articles/s41551-025-01488-4,False
gpfm,GPFM,tcga_brca,D1_no_detected_evidence_or_insufficient_disclosure,no exact named-dataset assertion,D2_parent_repository_exposure,False,A0021,https://www.nature.com/articles/s41551-025-01488-4,True
gpfm,GPFM,tcga_luad,D1_no_detected_evidence_or_insufficient_disclosure,no exact named-dataset assertion,D2_parent_repository_exposure,False,A0021,https://www.nature.com/articles/s41551-025-01488-4,True
gpfm,GPFM,tcga_lusc,D1_no_detected_evidence_or_insufficient_disclosure,no exact named-dataset assertion,D2_parent_repository_exposure,False,A0021,https://www.nature.com/articles/s41551-025-01488-4,True
gpfm,GPFM,tcga_coad,D1_no_detected_evidence_or_insufficient_disclosure,no exact named-dataset assertion,D2_parent_repository_exposure,False,A0021,https://www.nature.com/articles/s41551-025-01488-4,True
gpfm,GPFM,tcga_read,D1_no_detected_evidence_or_insufficient_disclosure,no exact named-dataset assertion,D2_parent_repository_exposure,False,A0021,https://www.nature.com/articles/s41551-025-01488-4,True
gpfm,GPFM,cptac,D3_exact_dataset_exposure,exact named-dataset development assertion,D3_exact_dataset_exposure,True,A0022,https://www.nature.com/articles/s41551-025-01488-4,False
gpfm,GPFM,camelyon16,D3_exact_dataset_exposure,exact named-dataset development assertion,D3_exact_dataset_exposure,True,A0024,https://www.nature.com/articles/s41551-025-01488-4,False
gpfm,GPFM,camelyon17,D3_exact_dataset_exposure,exact named-dataset development assertion,D3_exact_dataset_exposure,True,A0025,https://www.nature.com/articles/s41551-025-01488-4,False
gpfm,GPFM,pcam,D1_no_detected_evidence_or_insufficient_disclosure,no exact named-dataset assertion,D2_parent_repository_exposure,False,A0024,https://www.nature.com/articles/s41551-025-01488-4,True
gpfm,GPFM,panda,D3_exact_dataset_exposure,exact named-dataset development assertion,D3_exact_dataset_exposure,True,A0023,https://www.nature.com/articles/s41551-025-01488-4,False
gpfm,GPFM,bach,D3_exact_dataset_exposure,exact named-dataset development assertion,D3_exact_dataset_exposure,True,A0027,https://www.nature.com/articles/s41551-025-01488-4,False
gpfm,GPFM,bracs,D3_exact_dataset_exposure,exact named-dataset development assertion,D3_exact_dataset_exposure,True,A0026,https://www.nature.com/articles/s41551-025-01488-4,False
gpfm,GPFM,breakhis,D1_no_detected_evidence_or_insufficient_disclosure,no exact named-dataset assertion,D1_no_detected_evidence_or_insufficient_disclosure,True,,,False
gpfm,GPFM,nct_crc_he_100k,D1_no_detected_evidence_or_insufficient_disclosure,no exact named-dataset assertion,D1_no_detected_evidence_or_insufficient_disclosure,True,,,False
gpfm,GPFM,crc_val_he_7k,D1_no_detected_evidence_or_insufficient_disclosure,no exact named-dataset assertion,D1_no_detected_evidence_or_insufficient_disclosure,True,,,False
gpfm,GPFM,mhist,D1_no_detected_evidence_or_insufficient_disclosure,no exact named-dataset assertion,D1_no_detected_evidence_or_insufficient_disclosure,True,,,False
gpfm,GPFM,sicapv2,D3_exact_dataset_exposure,exact named-dataset development assertion,D3_exact_dataset_exposure,True,A0030,https://www.nature.com/articles/s41551-025-01488-4,False
gpfm,GPFM,unitopatho,D1_no_detected_evidence_or_insufficient_disclosure,no exact named-dataset assertion,D1_no_detected_evidence_or_insufficient_disclosure,True,,,False
gpfm,GPFM,lc25000,D3_exact_dataset_exposure,exact named-dataset development assertion,D3_exact_dataset_exposure,True,A0029,https://www.nature.com/articles/s41551-025-01488-4,False
gpfm,GPFM,nlst,D1_no_detected_evidence_or_insufficient_disclosure,no exact named-dataset assertion,D1_no_detected_evidence_or_insufficient_disclosure,True,,,False
gpfm,GPFM,dhmc_lung,D1_no_detected_evidence_or_insufficient_disclosure,no exact named-dataset assertion,D1_no_detected_evidence_or_insufficient_disclosure,True,,,False
gpfm,GPFM,stanford_gbm,D1_no_detected_evidence_or_insufficient_disclosure,no exact named-dataset assertion,D1_no_detected_evidence_or_insufficient_disclosure,True,,,False
gpfm,GPFM,stanford_lung,D1_no_detected_evidence_or_insufficient_disclosure,no exact named-dataset assertion,D1_no_detected_evidence_or_insufficient_disclosure,True,,,False
gpfm,GPFM,hest,D1_no_detected_evidence_or_insufficient_disclosure,no exact named-dataset assertion,D1_no_detected_evidence_or_insufficient_disclosure,True,,,False
gpfm,GPFM,gtex,D3_exact_dataset_exposure,exact named-dataset development assertion,D3_exact_dataset_exposure,True,A0028,https://www.nature.com/articles/s41551-025-01488-4,False
gpfm,GPFM,tcia,D1_no_detected_evidence_or_insufficient_disclosure,no exact named-dataset assertion,D1_no_detected_evidence_or_insufficient_disclosure,True,,,False
gpfm,GPFM,paip,D3_exact_dataset_exposure,exact named-dataset development assertion,D3_exact_dataset_exposure,True,A0031,https://www.nature.com/articles/s41551-025-01488-4,False
h_optimus_0,H-optimus-0,tcga,D1_no_detected_evidence_or_insufficient_disclosure,no exact named-dataset assertion,D1_no_detected_evidence_or_insufficient_disclosure,True,,,False
h_optimus_0,H-optimus-0,tcga_brca,D1_no_detected_evidence_or_insufficient_disclosure,no exact named-dataset assertion,D1_no_detected_evidence_or_insufficient_disclosure,True,,,False
h_optimus_0,H-optimus-0,tcga_luad,D1_no_detected_evidence_or_insufficient_disclosure,no exact named-dataset assertion,D1_no_detected_evidence_or_insufficient_disclosure,True,,,False
h_optimus_0,H-optimus-0,tcga_lusc,D1_no_detected_evidence_or_insufficient_disclosure,no exact named-dataset assertion,D1_no_detected_evidence_or_insufficient_disclosure,True,,,False
h_optimus_0,H-optimus-0,tcga_coad,D1_no_detected_evidence_or_insufficient_disclosure,no exact named-dataset assertion,D1_no_detected_evidence_or_insufficient_disclosure,True,,,False
h_optimus_0,H-optimus-0,tcga_read,D1_no_detected_evidence_or_insufficient_disclosure,no exact named-dataset assertion,D1_no_detected_evidence_or_insufficient_disclosure,True,,,False
h_optimus_0,H-optimus-0,cptac,D1_no_detected_evidence_or_insufficient_disclosure,no exact named-dataset assertion,D1_no_detected_evidence_or_insufficient_disclosure,True,,,False
h_optimus_0,H-optimus-0,camelyon16,D1_no_detected_evidence_or_insufficient_disclosure,no exact named-dataset assertion,D1_no_detected_evidence_or_insufficient_disclosure,True,,,False
h_optimus_0,H-optimus-0,camelyon17,D1_no_detected_evidence_or_insufficient_disclosure,no exact named-dataset assertion,D1_no_detected_evidence_or_insufficient_disclosure,True,,,False
h_optimus_0,H-optimus-0,pcam,D1_no_detected_evidence_or_insufficient_disclosure,no exact named-dataset assertion,D1_no_detected_evidence_or_insufficient_disclosure,True,,,False
h_optimus_0,H-optimus-0,panda,D1_no_detected_evidence_or_insufficient_disclosure,no exact named-dataset assertion,D1_no_detected_evidence_or_insufficient_disclosure,True,,,False
h_optimus_0,H-optimus-0,bach,D1_no_detected_evidence_or_insufficient_disclosure,no exact named-dataset assertion,D1_no_detected_evidence_or_insufficient_disclosure,True,,,False
h_optimus_0,H-optimus-0,bracs,D1_no_detected_evidence_or_insufficient_disclosure,no exact named-dataset assertion,D1_no_detected_evidence_or_insufficient_disclosure,True,,,False
h_optimus_0,H-optimus-0,breakhis,D1_no_detected_evidence_or_insufficient_disclosure,no exact named-dataset assertion,D1_no_detected_evidence_or_insufficient_disclosure,True,,,False
h_optimus_0,H-optimus-0,nct_crc_he_100k,D1_no_detected_evidence_or_insufficient_disclosure,no exact named-dataset assertion,D1_no_detected_evidence_or_insufficient_disclosure,True,,,False
h_optimus_0,H-optimus-0,crc_val_he_7k,D1_no_detected_evidence_or_insufficient_disclosure,no exact named-dataset assertion,D1_no_detected_evidence_or_insufficient_disclosure,True,,,False
h_optimus_0,H-optimus-0,mhist,D1_no_detected_evidence_or_insufficient_disclosure,no exact named-dataset assertion,D1_no_detected_evidence_or_insufficient_disclosure,True,,,False
h_optimus_0,H-optimus-0,sicapv2,D1_no_detected_evidence_or_insufficient_disclosure,no exact named-dataset assertion,D1_no_detected_evidence_or_insufficient_disclosure,True,,,False
h_optimus_0,H-optimus-0,unitopatho,D1_no_detected_evidence_or_insufficient_disclosure,no exact named-dataset assertion,D1_no_detected_evidence_or_insufficient_disclosure,True,,,False
h_optimus_0,H-optimus-0,lc25000,D1_no_detected_evidence_or_insufficient_disclosure,no exact named-dataset assertion,D1_no_detected_evidence_or_insufficient_disclosure,True,,,False
h_optimus_0,H-optimus-0,nlst,D1_no_detected_evidence_or_insufficient_disclosure,no exact named-dataset assertion,D1_no_detected_evidence_or_insufficient_disclosure,True,,,False
h_optimus_0,H-optimus-0,dhmc_lung,D1_no_detected_evidence_or_insufficient_disclosure,no exact named-dataset assertion,D1_no_detected_evidence_or_insufficient_disclosure,True,,,False
h_optimus_0,H-optimus-0,stanford_gbm,D1_no_detected_evidence_or_insufficient_disclosure,no exact named-dataset assertion,D1_no_detected_evidence_or_insufficient_disclosure,True,,,False
h_optimus_0,H-optimus-0,stanford_lung,D1_no_detected_evidence_or_insufficient_disclosure,no exact named-dataset assertion,D1_no_detected_evidence_or_insufficient_disclosure,True,,,False
h_optimus_0,H-optimus-0,hest,D1_no_detected_evidence_or_insufficient_disclosure,no exact named-dataset assertion,D1_no_detected_evidence_or_insufficient_disclosure,True,,,False
h_optimus_0,H-optimus-0,gtex,D1_no_detected_evidence_or_insufficient_disclosure,no exact named-dataset assertion,D1_no_detected_evidence_or_insufficient_disclosure,True,,,False
h_optimus_0,H-optimus-0,tcia,D1_no_detected_evidence_or_insufficient_disclosure,no exact named-dataset assertion,D1_no_detected_evidence_or_insufficient_disclosure,True,,,False
h_optimus_0,H-optimus-0,paip,D1_no_detected_evidence_or_insufficient_disclosure,no exact named-dataset assertion,D1_no_detected_evidence_or_insufficient_disclosure,True,,,False
uni2,UNI2,tcga,D1_no_detected_evidence_or_insufficient_disclosure,no exact named-dataset assertion,D1_no_detected_evidence_or_insufficient_disclosure,True,,,False
uni2,UNI2,tcga_brca,D1_no_detected_evidence_or_insufficient_disclosure,no exact named-dataset assertion,D1_no_detected_evidence_or_insufficient_disclosure,True,,,False
uni2,UNI2,tcga_luad,D1_no_detected_evidence_or_insufficient_disclosure,no exact named-dataset assertion,D1_no_detected_evidence_or_insufficient_disclosure,True,,,False
uni2,UNI2,tcga_lusc,D1_no_detected_evidence_or_insufficient_disclosure,no exact named-dataset assertion,D1_no_detected_evidence_or_insufficient_disclosure,True,,,False
uni2,UNI2,tcga_coad,D1_no_detected_evidence_or_insufficient_disclosure,no exact named-dataset assertion,D1_no_detected_evidence_or_insufficient_disclosure,True,,,False
uni2,UNI2,tcga_read,D1_no_detected_evidence_or_insufficient_disclosure,no exact named-dataset assertion,D1_no_detected_evidence_or_insufficient_disclosure,True,,,False
uni2,UNI2,cptac,D1_no_detected_evidence_or_insufficient_disclosure,no exact named-dataset assertion,D1_no_detected_evidence_or_insufficient_disclosure,True,,,False
uni2,UNI2,camelyon16,D1_no_detected_evidence_or_insufficient_disclosure,no exact named-dataset assertion,D1_no_detected_evidence_or_insufficient_disclosure,True,,,False
uni2,UNI2,camelyon17,D1_no_detected_evidence_or_insufficient_disclosure,no exact named-dataset assertion,D1_no_detected_evidence_or_insufficient_disclosure,True,,,False
uni2,UNI2,pcam,D1_no_detected_evidence_or_insufficient_disclosure,no exact named-dataset assertion,D1_no_detected_evidence_or_insufficient_disclosure,True,,,False
uni2,UNI2,panda,D1_no_detected_evidence_or_insufficient_disclosure,no exact named-dataset assertion,D1_no_detected_evidence_or_insufficient_disclosure,True,,,False
uni2,UNI2,bach,D1_no_detected_evidence_or_insufficient_disclosure,no exact named-dataset assertion,D1_no_detected_evidence_or_insufficient_disclosure,True,,,False
uni2,UNI2,bracs,D1_no_detected_evidence_or_insufficient_disclosure,no exact named-dataset assertion,D1_no_detected_evidence_or_insufficient_disclosure,True,,,False
uni2,UNI2,breakhis,D1_no_detected_evidence_or_insufficient_disclosure,no exact named-dataset assertion,D1_no_detected_evidence_or_insufficient_disclosure,True,,,False
uni2,UNI2,nct_crc_he_100k,D1_no_detected_evidence_or_insufficient_disclosure,no exact named-dataset assertion,D1_no_detected_evidence_or_insufficient_disclosure,True,,,False
uni2,UNI2,crc_val_he_7k,D1_no_detected_evidence_or_insufficient_disclosure,no exact named-dataset assertion,D1_no_detected_evidence_or_insufficient_disclosure,True,,,False
uni2,UNI2,mhist,D1_no_detected_evidence_or_insufficient_disclosure,no exact named-dataset assertion,D1_no_detected_evidence_or_insufficient_disclosure,True,,,False
uni2,UNI2,sicapv2,D1_no_detected_evidence_or_insufficient_disclosure,no exact named-dataset assertion,D1_no_detected_evidence_or_insufficient_disclosure,True,,,False
uni2,UNI2,unitopatho,D1_no_detected_evidence_or_insufficient_disclosure,no exact named-dataset assertion,D1_no_detected_evidence_or_insufficient_disclosure,True,,,False
uni2,UNI2,lc25000,D1_no_detected_evidence_or_insufficient_disclosure,no exact named-dataset assertion,D1_no_detected_evidence_or_insufficient_disclosure,True,,,False
uni2,UNI2,nlst,D1_no_detected_evidence_or_insufficient_disclosure,no exact named-dataset assertion,D1_no_detected_evidence_or_insufficient_disclosure,True,,,False
uni2,UNI2,dhmc_lung,D1_no_detected_evidence_or_insufficient_disclosure,no exact named-dataset assertion,D1_no_detected_evidence_or_insufficient_disclosure,True,,,False
uni2,UNI2,stanford_gbm,D1_no_detected_evidence_or_insufficient_disclosure,no exact named-dataset assertion,D1_no_detected_evidence_or_insufficient_disclosure,True,,,False
uni2,UNI2,stanford_lung,D1_no_detected_evidence_or_insufficient_disclosure,no exact named-dataset assertion,D1_no_detected_evidence_or_insufficient_disclosure,True,,,False
uni2,UNI2,hest,D1_no_detected_evidence_or_insufficient_disclosure,no exact named-dataset assertion,D1_no_detected_evidence_or_insufficient_disclosure,True,,,False
uni2,UNI2,gtex,D1_no_detected_evidence_or_insufficient_disclosure,no exact named-dataset assertion,D1_no_detected_evidence_or_insufficient_disclosure,True,,,False
uni2,UNI2,tcia,D1_no_detected_evidence_or_insufficient_disclosure,no exact named-dataset assertion,D1_no_detected_evidence_or_insufficient_disclosure,True,,,False
uni2,UNI2,paip,D1_no_detected_evidence_or_insufficient_disclosure,no exact named-dataset assertion,D1_no_detected_evidence_or_insufficient_disclosure,True,,,False
phikon_v2,Phikon-v2,tcga,D3_exact_dataset_exposure,exact named-dataset development assertion,D3_exact_dataset_exposure,True,A0004,https://huggingface.co/owkin/phikon-v2/blob/2ae989a9c40cffaa27f0a6cb29cc94d1d6f9a5fd/README.md,False
phikon_v2,Phikon-v2,tcga_brca,D1_no_detected_evidence_or_insufficient_disclosure,no exact named-dataset assertion,D2_parent_repository_exposure,False,A0004,https://huggingface.co/owkin/phikon-v2/blob/2ae989a9c40cffaa27f0a6cb29cc94d1d6f9a5fd/README.md,True
phikon_v2,Phikon-v2,tcga_luad,D1_no_detected_evidence_or_insufficient_disclosure,no exact named-dataset assertion,D2_parent_repository_exposure,False,A0004,https://huggingface.co/owkin/phikon-v2/blob/2ae989a9c40cffaa27f0a6cb29cc94d1d6f9a5fd/README.md,True
phikon_v2,Phikon-v2,tcga_lusc,D1_no_detected_evidence_or_insufficient_disclosure,no exact named-dataset assertion,D2_parent_repository_exposure,False,A0004,https://huggingface.co/owkin/phikon-v2/blob/2ae989a9c40cffaa27f0a6cb29cc94d1d6f9a5fd/README.md,True
phikon_v2,Phikon-v2,tcga_coad,D1_no_detected_evidence_or_insufficient_disclosure,no exact named-dataset assertion,D2_parent_repository_exposure,False,A0004,https://huggingface.co/owkin/phikon-v2/blob/2ae989a9c40cffaa27f0a6cb29cc94d1d6f9a5fd/README.md,True
phikon_v2,Phikon-v2,tcga_read,D1_no_detected_evidence_or_insufficient_disclosure,no exact named-dataset assertion,D2_parent_repository_exposure,False,A0004,https://huggingface.co/owkin/phikon-v2/blob/2ae989a9c40cffaa27f0a6cb29cc94d1d6f9a5fd/README.md,True
phikon_v2,Phikon-v2,cptac,D3_exact_dataset_exposure,exact named-dataset development assertion,D3_exact_dataset_exposure,True,A0005,https://huggingface.co/owkin/phikon-v2/blob/2ae989a9c40cffaa27f0a6cb29cc94d1d6f9a5fd/README.md,False
phikon_v2,Phikon-v2,camelyon16,D1_no_detected_evidence_or_insufficient_disclosure,no exact named-dataset assertion,D1_no_detected_evidence_or_insufficient_disclosure,True,,,False
phikon_v2,Phikon-v2,camelyon17,D1_no_detected_evidence_or_insufficient_disclosure,no exact named-dataset assertion,D1_no_detected_evidence_or_insufficient_disclosure,True,,,False
phikon_v2,Phikon-v2,pcam,D1_no_detected_evidence_or_insufficient_disclosure,no exact named-dataset assertion,D1_no_detected_evidence_or_insufficient_disclosure,True,,,False
phikon_v2,Phikon-v2,panda,D1_no_detected_evidence_or_insufficient_disclosure,no exact named-dataset assertion,D1_no_detected_evidence_or_insufficient_disclosure,True,,,False
phikon_v2,Phikon-v2,bach,D1_no_detected_evidence_or_insufficient_disclosure,no exact named-dataset assertion,D1_no_detected_evidence_or_insufficient_disclosure,True,,,False
phikon_v2,Phikon-v2,bracs,D1_no_detected_evidence_or_insufficient_disclosure,no exact named-dataset assertion,D1_no_detected_evidence_or_insufficient_disclosure,True,,,False
phikon_v2,Phikon-v2,breakhis,D1_no_detected_evidence_or_insufficient_disclosure,no exact named-dataset assertion,D1_no_detected_evidence_or_insufficient_disclosure,True,,,False
phikon_v2,Phikon-v2,nct_crc_he_100k,D1_no_detected_evidence_or_insufficient_disclosure,no exact named-dataset assertion,D1_no_detected_evidence_or_insufficient_disclosure,True,,,False
phikon_v2,Phikon-v2,crc_val_he_7k,D1_no_detected_evidence_or_insufficient_disclosure,no exact named-dataset assertion,D1_no_detected_evidence_or_insufficient_disclosure,True,,,False
phikon_v2,Phikon-v2,mhist,D1_no_detected_evidence_or_insufficient_disclosure,no exact named-dataset assertion,D1_no_detected_evidence_or_insufficient_disclosure,True,,,False
phikon_v2,Phikon-v2,sicapv2,D1_no_detected_evidence_or_insufficient_disclosure,no exact named-dataset assertion,D1_no_detected_evidence_or_insufficient_disclosure,True,,,False
phikon_v2,Phikon-v2,unitopatho,D1_no_detected_evidence_or_insufficient_disclosure,no exact named-dataset assertion,D1_no_detected_evidence_or_insufficient_disclosure,True,,,False
phikon_v2,Phikon-v2,lc25000,D1_no_detected_evidence_or_insufficient_disclosure,no exact named-dataset assertion,D1_no_detected_evidence_or_insufficient_disclosure,True,,,False
phikon_v2,Phikon-v2,nlst,D1_no_detected_evidence_or_insufficient_disclosure,no exact named-dataset assertion,D1_no_detected_evidence_or_insufficient_disclosure,True,,,False
phikon_v2,Phikon-v2,dhmc_lung,D1_no_detected_evidence_or_insufficient_disclosure,no exact named-dataset assertion,D1_no_detected_evidence_or_insufficient_disclosure,True,,,False
phikon_v2,Phikon-v2,stanford_gbm,D1_no_detected_evidence_or_insufficient_disclosure,no exact named-dataset assertion,D1_no_detected_evidence_or_insufficient_disclosure,True,,,False
phikon_v2,Phikon-v2,stanford_lung,D1_no_detected_evidence_or_insufficient_disclosure,no exact named-dataset assertion,D1_no_detected_evidence_or_insufficient_disclosure,True,,,False
phikon_v2,Phikon-v2,hest,D1_no_detected_evidence_or_insufficient_disclosure,no exact named-dataset assertion,D1_no_detected_evidence_or_insufficient_disclosure,True,,,False
phikon_v2,Phikon-v2,gtex,D3_exact_dataset_exposure,exact named-dataset development assertion,D3_exact_dataset_exposure,True,A0006,https://huggingface.co/owkin/phikon-v2/blob/2ae989a9c40cffaa27f0a6cb29cc94d1d6f9a5fd/README.md,False
phikon_v2,Phikon-v2,tcia,D3_exact_dataset_exposure,exact named-dataset development assertion,D3_exact_dataset_exposure,True,A0007,https://huggingface.co/owkin/phikon-v2/blob/2ae989a9c40cffaa27f0a6cb29cc94d1d6f9a5fd/README.md,False
phikon_v2,Phikon-v2,paip,D1_no_detected_evidence_or_insufficient_disclosure,no exact named-dataset assertion,D1_no_detected_evidence_or_insufficient_disclosure,True,,,False
virchow2,Virchow2,tcga,D1_no_detected_evidence_or_insufficient_disclosure,no exact named-dataset assertion,D1_no_detected_evidence_or_insufficient_disclosure,True,,,False
virchow2,Virchow2,tcga_brca,D1_no_detected_evidence_or_insufficient_disclosure,no exact named-dataset assertion,D1_no_detected_evidence_or_insufficient_disclosure,True,,,False
virchow2,Virchow2,tcga_luad,D1_no_detected_evidence_or_insufficient_disclosure,no exact named-dataset assertion,D1_no_detected_evidence_or_insufficient_disclosure,True,,,False
virchow2,Virchow2,tcga_lusc,D1_no_detected_evidence_or_insufficient_disclosure,no exact named-dataset assertion,D1_no_detected_evidence_or_insufficient_disclosure,True,,,False
virchow2,Virchow2,tcga_coad,D1_no_detected_evidence_or_insufficient_disclosure,no exact named-dataset assertion,D1_no_detected_evidence_or_insufficient_disclosure,True,,,False
virchow2,Virchow2,tcga_read,D1_no_detected_evidence_or_insufficient_disclosure,no exact named-dataset assertion,D1_no_detected_evidence_or_insufficient_disclosure,True,,,False
virchow2,Virchow2,cptac,D1_no_detected_evidence_or_insufficient_disclosure,no exact named-dataset assertion,D1_no_detected_evidence_or_insufficient_disclosure,True,,,False
virchow2,Virchow2,camelyon16,D1_no_detected_evidence_or_insufficient_disclosure,no exact named-dataset assertion,D1_no_detected_evidence_or_insufficient_disclosure,True,,,False
virchow2,Virchow2,camelyon17,D1_no_detected_evidence_or_insufficient_disclosure,no exact named-dataset assertion,D1_no_detected_evidence_or_insufficient_disclosure,True,,,False
virchow2,Virchow2,pcam,D1_no_detected_evidence_or_insufficient_disclosure,no exact named-dataset assertion,D1_no_detected_evidence_or_insufficient_disclosure,True,,,False
virchow2,Virchow2,panda,D1_no_detected_evidence_or_insufficient_disclosure,no exact named-dataset assertion,D1_no_detected_evidence_or_insufficient_disclosure,True,,,False
virchow2,Virchow2,bach,D1_no_detected_evidence_or_insufficient_disclosure,no exact named-dataset assertion,D1_no_detected_evidence_or_insufficient_disclosure,True,,,False
virchow2,Virchow2,bracs,D1_no_detected_evidence_or_insufficient_disclosure,no exact named-dataset assertion,D1_no_detected_evidence_or_insufficient_disclosure,True,,,False
virchow2,Virchow2,breakhis,D1_no_detected_evidence_or_insufficient_disclosure,no exact named-dataset assertion,D1_no_detected_evidence_or_insufficient_disclosure,True,,,False
virchow2,Virchow2,nct_crc_he_100k,D1_no_detected_evidence_or_insufficient_disclosure,no exact named-dataset assertion,D1_no_detected_evidence_or_insufficient_disclosure,True,,,False
virchow2,Virchow2,crc_val_he_7k,D1_no_detected_evidence_or_insufficient_disclosure,no exact named-dataset assertion,D1_no_detected_evidence_or_insufficient_disclosure,True,,,False
virchow2,Virchow2,mhist,D1_no_detected_evidence_or_insufficient_disclosure,no exact named-dataset assertion,D1_no_detected_evidence_or_insufficient_disclosure,True,,,False
virchow2,Virchow2,sicapv2,D1_no_detected_evidence_or_insufficient_disclosure,no exact named-dataset assertion,D1_no_detected_evidence_or_insufficient_disclosure,True,,,False
virchow2,Virchow2,unitopatho,D1_no_detected_evidence_or_insufficient_disclosure,no exact named-dataset assertion,D1_no_detected_evidence_or_insufficient_disclosure,True,,,False
virchow2,Virchow2,lc25000,D1_no_detected_evidence_or_insufficient_disclosure,no exact named-dataset assertion,D1_no_detected_evidence_or_insufficient_disclosure,True,,,False
virchow2,Virchow2,nlst,D1_no_detected_evidence_or_insufficient_disclosure,no exact named-dataset assertion,D1_no_detected_evidence_or_insufficient_disclosure,True,,,False
virchow2,Virchow2,dhmc_lung,D1_no_detected_evidence_or_insufficient_disclosure,no exact named-dataset assertion,D1_no_detected_evidence_or_insufficient_disclosure,True,,,False
virchow2,Virchow2,stanford_gbm,D1_no_detected_evidence_or_insufficient_disclosure,no exact named-dataset assertion,D1_no_detected_evidence_or_insufficient_disclosure,True,,,False
virchow2,Virchow2,stanford_lung,D1_no_detected_evidence_or_insufficient_disclosure,no exact named-dataset assertion,D1_no_detected_evidence_or_insufficient_disclosure,True,,,False
virchow2,Virchow2,hest,D1_no_detected_evidence_or_insufficient_disclosure,no exact named-dataset assertion,D1_no_detected_evidence_or_insufficient_disclosure,True,,,False
virchow2,Virchow2,gtex,D1_no_detected_evidence_or_insufficient_disclosure,no exact named-dataset assertion,D1_no_detected_evidence_or_insufficient_disclosure,True,,,False
virchow2,Virchow2,tcia,D1_no_detected_evidence_or_insufficient_disclosure,no exact named-dataset assertion,D1_no_detected_evidence_or_insufficient_disclosure,True,,,False
virchow2,Virchow2,paip,D1_no_detected_evidence_or_insufficient_disclosure,no exact named-dataset assertion,D1_no_detected_evidence_or_insufficient_disclosure,True,,,False
prov_gigapath,Prov-GigaPath,tcga,D1_no_detected_evidence_or_insufficient_disclosure,no exact named-dataset assertion,D1_no_detected_evidence_or_insufficient_disclosure,True,,,False
prov_gigapath,Prov-GigaPath,tcga_brca,D1_no_detected_evidence_or_insufficient_disclosure,no exact named-dataset assertion,D1_no_detected_evidence_or_insufficient_disclosure,True,,,False
prov_gigapath,Prov-GigaPath,tcga_luad,D1_no_detected_evidence_or_insufficient_disclosure,no exact named-dataset assertion,D1_no_detected_evidence_or_insufficient_disclosure,True,,,False
prov_gigapath,Prov-GigaPath,tcga_lusc,D1_no_detected_evidence_or_insufficient_disclosure,no exact named-dataset assertion,D1_no_detected_evidence_or_insufficient_disclosure,True,,,False
prov_gigapath,Prov-GigaPath,tcga_coad,D1_no_detected_evidence_or_insufficient_disclosure,no exact named-dataset assertion,D1_no_detected_evidence_or_insufficient_disclosure,True,,,False
prov_gigapath,Prov-GigaPath,tcga_read,D1_no_detected_evidence_or_insufficient_disclosure,no exact named-dataset assertion,D1_no_detected_evidence_or_insufficient_disclosure,True,,,False
prov_gigapath,Prov-GigaPath,cptac,D1_no_detected_evidence_or_insufficient_disclosure,no exact named-dataset assertion,D1_no_detected_evidence_or_insufficient_disclosure,True,,,False
prov_gigapath,Prov-GigaPath,camelyon16,D1_no_detected_evidence_or_insufficient_disclosure,no exact named-dataset assertion,D1_no_detected_evidence_or_insufficient_disclosure,True,,,False
prov_gigapath,Prov-GigaPath,camelyon17,D1_no_detected_evidence_or_insufficient_disclosure,no exact named-dataset assertion,D1_no_detected_evidence_or_insufficient_disclosure,True,,,False
prov_gigapath,Prov-GigaPath,pcam,D1_no_detected_evidence_or_insufficient_disclosure,no exact named-dataset assertion,D1_no_detected_evidence_or_insufficient_disclosure,True,,,False
prov_gigapath,Prov-GigaPath,panda,D1_no_detected_evidence_or_insufficient_disclosure,no exact named-dataset assertion,D1_no_detected_evidence_or_insufficient_disclosure,True,,,False
prov_gigapath,Prov-GigaPath,bach,D1_no_detected_evidence_or_insufficient_disclosure,no exact named-dataset assertion,D1_no_detected_evidence_or_insufficient_disclosure,True,,,False
prov_gigapath,Prov-GigaPath,bracs,D1_no_detected_evidence_or_insufficient_disclosure,no exact named-dataset assertion,D1_no_detected_evidence_or_insufficient_disclosure,True,,,False
prov_gigapath,Prov-GigaPath,breakhis,D1_no_detected_evidence_or_insufficient_disclosure,no exact named-dataset assertion,D1_no_detected_evidence_or_insufficient_disclosure,True,,,False
prov_gigapath,Prov-GigaPath,nct_crc_he_100k,D1_no_detected_evidence_or_insufficient_disclosure,no exact named-dataset assertion,D1_no_detected_evidence_or_insufficient_disclosure,True,,,False
prov_gigapath,Prov-GigaPath,crc_val_he_7k,D1_no_detected_evidence_or_insufficient_disclosure,no exact named-dataset assertion,D1_no_detected_evidence_or_insufficient_disclosure,True,,,False
prov_gigapath,Prov-GigaPath,mhist,D1_no_detected_evidence_or_insufficient_disclosure,no exact named-dataset assertion,D1_no_detected_evidence_or_insufficient_disclosure,True,,,False
prov_gigapath,Prov-GigaPath,sicapv2,D1_no_detected_evidence_or_insufficient_disclosure,no exact named-dataset assertion,D1_no_detected_evidence_or_insufficient_disclosure,True,,,False
prov_gigapath,Prov-GigaPath,unitopatho,D1_no_detected_evidence_or_insufficient_disclosure,no exact named-dataset assertion,D1_no_detected_evidence_or_insufficient_disclosure,True,,,False
prov_gigapath,Prov-GigaPath,lc25000,D1_no_detected_evidence_or_insufficient_disclosure,no exact named-dataset assertion,D1_no_detected_evidence_or_insufficient_disclosure,True,,,False
prov_gigapath,Prov-GigaPath,nlst,D1_no_detected_evidence_or_insufficient_disclosure,no exact named-dataset assertion,D1_no_detected_evidence_or_insufficient_disclosure,True,,,False
prov_gigapath,Prov-GigaPath,dhmc_lung,D1_no_detected_evidence_or_insufficient_disclosure,no exact named-dataset assertion,D1_no_detected_evidence_or_insufficient_disclosure,True,,,False
prov_gigapath,Prov-GigaPath,stanford_gbm,D1_no_detected_evidence_or_insufficient_disclosure,no exact named-dataset assertion,D1_no_detected_evidence_or_insufficient_disclosure,True,,,False
prov_gigapath,Prov-GigaPath,stanford_lung,D1_no_detected_evidence_or_insufficient_disclosure,no exact named-dataset assertion,D1_no_detected_evidence_or_insufficient_disclosure,True,,,False
prov_gigapath,Prov-GigaPath,hest,D1_no_detected_evidence_or_insufficient_disclosure,no exact named-dataset assertion,D1_no_detected_evidence_or_insufficient_disclosure,True,,,False
prov_gigapath,Prov-GigaPath,gtex,D1_no_detected_evidence_or_insufficient_disclosure,no exact named-dataset assertion,D1_no_detected_evidence_or_insufficient_disclosure,True,,,False
prov_gigapath,Prov-GigaPath,tcia,D1_no_detected_evidence_or_insufficient_disclosure,no exact named-dataset assertion,D1_no_detected_evidence_or_insufficient_disclosure,True,,,False
prov_gigapath,Prov-GigaPath,paip,D1_no_detected_evidence_or_insufficient_disclosure,no exact named-dataset assertion,D1_no_detected_evidence_or_insufficient_disclosure,True,,,False
h_optimus_mini_h0_mini,H-optimus-mini / H0-mini,tcga,D3_exact_dataset_exposure,exact named-dataset development assertion,D3_exact_dataset_exposure,True,A0018,https://huggingface.co/bioptimus/H0-mini/tree/5b5cc0505d19ae558270045eb0df8c34df4d9609,False
h_optimus_mini_h0_mini,H-optimus-mini / H0-mini,tcga_brca,D1_no_detected_evidence_or_insufficient_disclosure,no exact named-dataset assertion,D2_parent_repository_exposure,False,A0018,https://huggingface.co/bioptimus/H0-mini/tree/5b5cc0505d19ae558270045eb0df8c34df4d9609,True
h_optimus_mini_h0_mini,H-optimus-mini / H0-mini,tcga_luad,D1_no_detected_evidence_or_insufficient_disclosure,no exact named-dataset assertion,D2_parent_repository_exposure,False,A0018,https://huggingface.co/bioptimus/H0-mini/tree/5b5cc0505d19ae558270045eb0df8c34df4d9609,True
h_optimus_mini_h0_mini,H-optimus-mini / H0-mini,tcga_lusc,D1_no_detected_evidence_or_insufficient_disclosure,no exact named-dataset assertion,D2_parent_repository_exposure,False,A0018,https://huggingface.co/bioptimus/H0-mini/tree/5b5cc0505d19ae558270045eb0df8c34df4d9609,True
h_optimus_mini_h0_mini,H-optimus-mini / H0-mini,tcga_coad,D1_no_detected_evidence_or_insufficient_disclosure,no exact named-dataset assertion,D2_parent_repository_exposure,False,A0018,https://huggingface.co/bioptimus/H0-mini/tree/5b5cc0505d19ae558270045eb0df8c34df4d9609,True
h_optimus_mini_h0_mini,H-optimus-mini / H0-mini,tcga_read,D1_no_detected_evidence_or_insufficient_disclosure,no exact named-dataset assertion,D2_parent_repository_exposure,False,A0018,https://huggingface.co/bioptimus/H0-mini/tree/5b5cc0505d19ae558270045eb0df8c34df4d9609,True
h_optimus_mini_h0_mini,H-optimus-mini / H0-mini,cptac,D1_no_detected_evidence_or_insufficient_disclosure,no exact named-dataset assertion,D1_no_detected_evidence_or_insufficient_disclosure,True,,,False
h_optimus_mini_h0_mini,H-optimus-mini / H0-mini,camelyon16,D1_no_detected_evidence_or_insufficient_disclosure,no exact named-dataset assertion,D1_no_detected_evidence_or_insufficient_disclosure,True,,,False
h_optimus_mini_h0_mini,H-optimus-mini / H0-mini,camelyon17,D1_no_detected_evidence_or_insufficient_disclosure,no exact named-dataset assertion,D1_no_detected_evidence_or_insufficient_disclosure,True,,,False
h_optimus_mini_h0_mini,H-optimus-mini / H0-mini,pcam,D1_no_detected_evidence_or_insufficient_disclosure,no exact named-dataset assertion,D1_no_detected_evidence_or_insufficient_disclosure,True,,,False
h_optimus_mini_h0_mini,H-optimus-mini / H0-mini,panda,D1_no_detected_evidence_or_insufficient_disclosure,no exact named-dataset assertion,D1_no_detected_evidence_or_insufficient_disclosure,True,,,False
h_optimus_mini_h0_mini,H-optimus-mini / H0-mini,bach,D1_no_detected_evidence_or_insufficient_disclosure,no exact named-dataset assertion,D1_no_detected_evidence_or_insufficient_disclosure,True,,,False
h_optimus_mini_h0_mini,H-optimus-mini / H0-mini,bracs,D1_no_detected_evidence_or_insufficient_disclosure,no exact named-dataset assertion,D1_no_detected_evidence_or_insufficient_disclosure,True,,,False
h_optimus_mini_h0_mini,H-optimus-mini / H0-mini,breakhis,D1_no_detected_evidence_or_insufficient_disclosure,no exact named-dataset assertion,D1_no_detected_evidence_or_insufficient_disclosure,True,,,False
h_optimus_mini_h0_mini,H-optimus-mini / H0-mini,nct_crc_he_100k,D1_no_detected_evidence_or_insufficient_disclosure,no exact named-dataset assertion,D1_no_detected_evidence_or_insufficient_disclosure,True,,,False
h_optimus_mini_h0_mini,H-optimus-mini / H0-mini,crc_val_he_7k,D1_no_detected_evidence_or_insufficient_disclosure,no exact named-dataset assertion,D1_no_detected_evidence_or_insufficient_disclosure,True,,,False
h_optimus_mini_h0_mini,H-optimus-mini / H0-mini,mhist,D1_no_detected_evidence_or_insufficient_disclosure,no exact named-dataset assertion,D1_no_detected_evidence_or_insufficient_disclosure,True,,,False
h_optimus_mini_h0_mini,H-optimus-mini / H0-mini,sicapv2,D1_no_detected_evidence_or_insufficient_disclosure,no exact named-dataset assertion,D1_no_detected_evidence_or_insufficient_disclosure,True,,,False
h_optimus_mini_h0_mini,H-optimus-mini / H0-mini,unitopatho,D1_no_detected_evidence_or_insufficient_disclosure,no exact named-dataset assertion,D1_no_detected_evidence_or_insufficient_disclosure,True,,,False
h_optimus_mini_h0_mini,H-optimus-mini / H0-mini,lc25000,D1_no_detected_evidence_or_insufficient_disclosure,no exact named-dataset assertion,D1_no_detected_evidence_or_insufficient_disclosure,True,,,False
h_optimus_mini_h0_mini,H-optimus-mini / H0-mini,nlst,D1_no_detected_evidence_or_insufficient_disclosure,no exact named-dataset assertion,D1_no_detected_evidence_or_insufficient_disclosure,True,,,False
h_optimus_mini_h0_mini,H-optimus-mini / H0-mini,dhmc_lung,D1_no_detected_evidence_or_insufficient_disclosure,no exact named-dataset assertion,D1_no_detected_evidence_or_insufficient_disclosure,True,,,False
h_optimus_mini_h0_mini,H-optimus-mini / H0-mini,stanford_gbm,D1_no_detected_evidence_or_insufficient_disclosure,no exact named-dataset assertion,D1_no_detected_evidence_or_insufficient_disclosure,True,,,False
h_optimus_mini_h0_mini,H-optimus-mini / H0-mini,stanford_lung,D1_no_detected_evidence_or_insufficient_disclosure,no exact named-dataset assertion,D1_no_detected_evidence_or_insufficient_disclosure,True,,,False
h_optimus_mini_h0_mini,H-optimus-mini / H0-mini,hest,D1_no_detected_evidence_or_insufficient_disclosure,no exact named-dataset assertion,D1_no_detected_evidence_or_insufficient_disclosure,True,,,False
h_optimus_mini_h0_mini,H-optimus-mini / H0-mini,gtex,D1_no_detected_evidence_or_insufficient_disclosure,no exact named-dataset assertion,D1_no_detected_evidence_or_insufficient_disclosure,True,,,False
h_optimus_mini_h0_mini,H-optimus-mini / H0-mini,tcia,D1_no_detected_evidence_or_insufficient_disclosure,no exact named-dataset assertion,D1_no_detected_evidence_or_insufficient_disclosure,True,,,False
h_optimus_mini_h0_mini,H-optimus-mini / H0-mini,paip,D1_no_detected_evidence_or_insufficient_disclosure,no exact named-dataset assertion,D1_no_detected_evidence_or_insufficient_disclosure,True,,,False
exaonepath,EXAONEPath,tcga,D1_no_detected_evidence_or_insufficient_disclosure,no exact named-dataset assertion,D1_no_detected_evidence_or_insufficient_disclosure,True,,,False
exaonepath,EXAONEPath,tcga_brca,D1_no_detected_evidence_or_insufficient_disclosure,no exact named-dataset assertion,D1_no_detected_evidence_or_insufficient_disclosure,True,,,False
exaonepath,EXAONEPath,tcga_luad,D1_no_detected_evidence_or_insufficient_disclosure,no exact named-dataset assertion,D1_no_detected_evidence_or_insufficient_disclosure,True,,,False
exaonepath,EXAONEPath,tcga_lusc,D1_no_detected_evidence_or_insufficient_disclosure,no exact named-dataset assertion,D1_no_detected_evidence_or_insufficient_disclosure,True,,,False
exaonepath,EXAONEPath,tcga_coad,D1_no_detected_evidence_or_insufficient_disclosure,no exact named-dataset assertion,D1_no_detected_evidence_or_insufficient_disclosure,True,,,False
exaonepath,EXAONEPath,tcga_read,D1_no_detected_evidence_or_insufficient_disclosure,no exact named-dataset assertion,D1_no_detected_evidence_or_insufficient_disclosure,True,,,False
exaonepath,EXAONEPath,cptac,D1_no_detected_evidence_or_insufficient_disclosure,no exact named-dataset assertion,D1_no_detected_evidence_or_insufficient_disclosure,True,,,False
exaonepath,EXAONEPath,camelyon16,D1_no_detected_evidence_or_insufficient_disclosure,no exact named-dataset assertion,D1_no_detected_evidence_or_insufficient_disclosure,True,,,False
exaonepath,EXAONEPath,camelyon17,D1_no_detected_evidence_or_insufficient_disclosure,no exact named-dataset assertion,D1_no_detected_evidence_or_insufficient_disclosure,True,,,False
exaonepath,EXAONEPath,pcam,D1_no_detected_evidence_or_insufficient_disclosure,no exact named-dataset assertion,D1_no_detected_evidence_or_insufficient_disclosure,True,,,False
exaonepath,EXAONEPath,panda,D1_no_detected_evidence_or_insufficient_disclosure,no exact named-dataset assertion,D1_no_detected_evidence_or_insufficient_disclosure,True,,,False
exaonepath,EXAONEPath,bach,D1_no_detected_evidence_or_insufficient_disclosure,no exact named-dataset assertion,D1_no_detected_evidence_or_insufficient_disclosure,True,,,False
exaonepath,EXAONEPath,bracs,D1_no_detected_evidence_or_insufficient_disclosure,no exact named-dataset assertion,D1_no_detected_evidence_or_insufficient_disclosure,True,,,False
exaonepath,EXAONEPath,breakhis,D1_no_detected_evidence_or_insufficient_disclosure,no exact named-dataset assertion,D1_no_detected_evidence_or_insufficient_disclosure,True,,,False
exaonepath,EXAONEPath,nct_crc_he_100k,D1_no_detected_evidence_or_insufficient_disclosure,no exact named-dataset assertion,D1_no_detected_evidence_or_insufficient_disclosure,True,,,False
exaonepath,EXAONEPath,crc_val_he_7k,D1_no_detected_evidence_or_insufficient_disclosure,no exact named-dataset assertion,D1_no_detected_evidence_or_insufficient_disclosure,True,,,False
exaonepath,EXAONEPath,mhist,D1_no_detected_evidence_or_insufficient_disclosure,no exact named-dataset assertion,D1_no_detected_evidence_or_insufficient_disclosure,True,,,False
exaonepath,EXAONEPath,sicapv2,D1_no_detected_evidence_or_insufficient_disclosure,no exact named-dataset assertion,D1_no_detected_evidence_or_insufficient_disclosure,True,,,False
exaonepath,EXAONEPath,unitopatho,D1_no_detected_evidence_or_insufficient_disclosure,no exact named-dataset assertion,D1_no_detected_evidence_or_insufficient_disclosure,True,,,False
exaonepath,EXAONEPath,lc25000,D1_no_detected_evidence_or_insufficient_disclosure,no exact named-dataset assertion,D1_no_detected_evidence_or_insufficient_disclosure,True,,,False
exaonepath,EXAONEPath,nlst,D1_no_detected_evidence_or_insufficient_disclosure,no exact named-dataset assertion,D1_no_detected_evidence_or_insufficient_disclosure,True,,,False
exaonepath,EXAONEPath,dhmc_lung,D1_no_detected_evidence_or_insufficient_disclosure,no exact named-dataset assertion,D1_no_detected_evidence_or_insufficient_disclosure,True,,,False
exaonepath,EXAONEPath,stanford_gbm,D1_no_detected_evidence_or_insufficient_disclosure,no exact named-dataset assertion,D1_no_detected_evidence_or_insufficient_disclosure,True,,,False
exaonepath,EXAONEPath,stanford_lung,D1_no_detected_evidence_or_insufficient_disclosure,no exact named-dataset assertion,D1_no_detected_evidence_or_insufficient_disclosure,True,,,False
exaonepath,EXAONEPath,hest,D1_no_detected_evidence_or_insufficient_disclosure,no exact named-dataset assertion,D1_no_detected_evidence_or_insufficient_disclosure,True,,,False
exaonepath,EXAONEPath,gtex,D1_no_detected_evidence_or_insufficient_disclosure,no exact named-dataset assertion,D1_no_detected_evidence_or_insufficient_disclosure,True,,,False
exaonepath,EXAONEPath,tcia,D1_no_detected_evidence_or_insufficient_disclosure,no exact named-dataset assertion,D1_no_detected_evidence_or_insufficient_disclosure,True,,,False
exaonepath,EXAONEPath,paip,D1_no_detected_evidence_or_insufficient_disclosure,no exact named-dataset assertion,D1_no_detected_evidence_or_insufficient_disclosure,True,,,False
plip,PLIP,tcga,D1_no_detected_evidence_or_insufficient_disclosure,no exact named-dataset assertion,D1_no_detected_evidence_or_insufficient_disclosure,True,,,False
plip,PLIP,tcga_brca,D1_no_detected_evidence_or_insufficient_disclosure,no exact named-dataset assertion,D1_no_detected_evidence_or_insufficient_disclosure,True,,,False
plip,PLIP,tcga_luad,D1_no_detected_evidence_or_insufficient_disclosure,no exact named-dataset assertion,D1_no_detected_evidence_or_insufficient_disclosure,True,,,False
plip,PLIP,tcga_lusc,D1_no_detected_evidence_or_insufficient_disclosure,no exact named-dataset assertion,D1_no_detected_evidence_or_insufficient_disclosure,True,,,False
plip,PLIP,tcga_coad,D1_no_detected_evidence_or_insufficient_disclosure,no exact named-dataset assertion,D1_no_detected_evidence_or_insufficient_disclosure,True,,,False
plip,PLIP,tcga_read,D1_no_detected_evidence_or_insufficient_disclosure,no exact named-dataset assertion,D1_no_detected_evidence_or_insufficient_disclosure,True,,,False
plip,PLIP,cptac,D1_no_detected_evidence_or_insufficient_disclosure,no exact named-dataset assertion,D1_no_detected_evidence_or_insufficient_disclosure,True,,,False
plip,PLIP,camelyon16,D1_no_detected_evidence_or_insufficient_disclosure,no exact named-dataset assertion,D1_no_detected_evidence_or_insufficient_disclosure,True,,,False
plip,PLIP,camelyon17,D1_no_detected_evidence_or_insufficient_disclosure,no exact named-dataset assertion,D1_no_detected_evidence_or_insufficient_disclosure,True,,,False
plip,PLIP,pcam,D1_no_detected_evidence_or_insufficient_disclosure,no exact named-dataset assertion,D1_no_detected_evidence_or_insufficient_disclosure,True,,,False
plip,PLIP,panda,D1_no_detected_evidence_or_insufficient_disclosure,no exact named-dataset assertion,D1_no_detected_evidence_or_insufficient_disclosure,True,,,False
plip,PLIP,bach,D1_no_detected_evidence_or_insufficient_disclosure,no exact named-dataset assertion,D1_no_detected_evidence_or_insufficient_disclosure,True,,,False
plip,PLIP,bracs,D1_no_detected_evidence_or_insufficient_disclosure,no exact named-dataset assertion,D1_no_detected_evidence_or_insufficient_disclosure,True,,,False
plip,PLIP,breakhis,D1_no_detected_evidence_or_insufficient_disclosure,no exact named-dataset assertion,D1_no_detected_evidence_or_insufficient_disclosure,True,,,False
plip,PLIP,nct_crc_he_100k,D1_no_detected_evidence_or_insufficient_disclosure,no exact named-dataset assertion,D1_no_detected_evidence_or_insufficient_disclosure,True,,,False
plip,PLIP,crc_val_he_7k,D1_no_detected_evidence_or_insufficient_disclosure,no exact named-dataset assertion,D1_no_detected_evidence_or_insufficient_disclosure,True,,,False
plip,PLIP,mhist,D1_no_detected_evidence_or_insufficient_disclosure,no exact named-dataset assertion,D1_no_detected_evidence_or_insufficient_disclosure,True,,,False
plip,PLIP,sicapv2,D1_no_detected_evidence_or_insufficient_disclosure,no exact named-dataset assertion,D1_no_detected_evidence_or_insufficient_disclosure,True,,,False
plip,PLIP,unitopatho,D1_no_detected_evidence_or_insufficient_disclosure,no exact named-dataset assertion,D1_no_detected_evidence_or_insufficient_disclosure,True,,,False
plip,PLIP,lc25000,D1_no_detected_evidence_or_insufficient_disclosure,no exact named-dataset assertion,D1_no_detected_evidence_or_insufficient_disclosure,True,,,False
plip,PLIP,nlst,D1_no_detected_evidence_or_insufficient_disclosure,no exact named-dataset assertion,D1_no_detected_evidence_or_insufficient_disclosure,True,,,False
plip,PLIP,dhmc_lung,D1_no_detected_evidence_or_insufficient_disclosure,no exact named-dataset assertion,D1_no_detected_evidence_or_insufficient_disclosure,True,,,False
plip,PLIP,stanford_gbm,D1_no_detected_evidence_or_insufficient_disclosure,no exact named-dataset assertion,D1_no_detected_evidence_or_insufficient_disclosure,True,,,False
plip,PLIP,stanford_lung,D1_no_detected_evidence_or_insufficient_disclosure,no exact named-dataset assertion,D1_no_detected_evidence_or_insufficient_disclosure,True,,,False
plip,PLIP,hest,D1_no_detected_evidence_or_insufficient_disclosure,no exact named-dataset assertion,D1_no_detected_evidence_or_insufficient_disclosure,True,,,False
plip,PLIP,gtex,D1_no_detected_evidence_or_insufficient_disclosure,no exact named-dataset assertion,D1_no_detected_evidence_or_insufficient_disclosure,True,,,False
plip,PLIP,tcia,D1_no_detected_evidence_or_insufficient_disclosure,no exact named-dataset assertion,D1_no_detected_evidence_or_insufficient_disclosure,True,,,False
plip,PLIP,paip,D1_no_detected_evidence_or_insufficient_disclosure,no exact named-dataset assertion,D1_no_detected_evidence_or_insufficient_disclosure,True,,,False
quiltnet_b16,QuiltNet-B16,tcga,D1_no_detected_evidence_or_insufficient_disclosure,no exact named-dataset assertion,D1_no_detected_evidence_or_insufficient_disclosure,True,,,False
quiltnet_b16,QuiltNet-B16,tcga_brca,D1_no_detected_evidence_or_insufficient_disclosure,no exact named-dataset assertion,D1_no_detected_evidence_or_insufficient_disclosure,True,,,False
quiltnet_b16,QuiltNet-B16,tcga_luad,D1_no_detected_evidence_or_insufficient_disclosure,no exact named-dataset assertion,D1_no_detected_evidence_or_insufficient_disclosure,True,,,False
quiltnet_b16,QuiltNet-B16,tcga_lusc,D1_no_detected_evidence_or_insufficient_disclosure,no exact named-dataset assertion,D1_no_detected_evidence_or_insufficient_disclosure,True,,,False
quiltnet_b16,QuiltNet-B16,tcga_coad,D1_no_detected_evidence_or_insufficient_disclosure,no exact named-dataset assertion,D1_no_detected_evidence_or_insufficient_disclosure,True,,,False
quiltnet_b16,QuiltNet-B16,tcga_read,D1_no_detected_evidence_or_insufficient_disclosure,no exact named-dataset assertion,D1_no_detected_evidence_or_insufficient_disclosure,True,,,False
quiltnet_b16,QuiltNet-B16,cptac,D1_no_detected_evidence_or_insufficient_disclosure,no exact named-dataset assertion,D1_no_detected_evidence_or_insufficient_disclosure,True,,,False
quiltnet_b16,QuiltNet-B16,camelyon16,D1_no_detected_evidence_or_insufficient_disclosure,no exact named-dataset assertion,D1_no_detected_evidence_or_insufficient_disclosure,True,,,False
quiltnet_b16,QuiltNet-B16,camelyon17,D1_no_detected_evidence_or_insufficient_disclosure,no exact named-dataset assertion,D1_no_detected_evidence_or_insufficient_disclosure,True,,,False
quiltnet_b16,QuiltNet-B16,pcam,D1_no_detected_evidence_or_insufficient_disclosure,no exact named-dataset assertion,D1_no_detected_evidence_or_insufficient_disclosure,True,,,False
quiltnet_b16,QuiltNet-B16,panda,D1_no_detected_evidence_or_insufficient_disclosure,no exact named-dataset assertion,D1_no_detected_evidence_or_insufficient_disclosure,True,,,False
quiltnet_b16,QuiltNet-B16,bach,D1_no_detected_evidence_or_insufficient_disclosure,no exact named-dataset assertion,D1_no_detected_evidence_or_insufficient_disclosure,True,,,False
quiltnet_b16,QuiltNet-B16,bracs,D1_no_detected_evidence_or_insufficient_disclosure,no exact named-dataset assertion,D1_no_detected_evidence_or_insufficient_disclosure,True,,,False
quiltnet_b16,QuiltNet-B16,breakhis,D1_no_detected_evidence_or_insufficient_disclosure,no exact named-dataset assertion,D1_no_detected_evidence_or_insufficient_disclosure,True,,,False
quiltnet_b16,QuiltNet-B16,nct_crc_he_100k,D1_no_detected_evidence_or_insufficient_disclosure,no exact named-dataset assertion,D1_no_detected_evidence_or_insufficient_disclosure,True,,,False
quiltnet_b16,QuiltNet-B16,crc_val_he_7k,D1_no_detected_evidence_or_insufficient_disclosure,no exact named-dataset assertion,D1_no_detected_evidence_or_insufficient_disclosure,True,,,False
quiltnet_b16,QuiltNet-B16,mhist,D1_no_detected_evidence_or_insufficient_disclosure,no exact named-dataset assertion,D1_no_detected_evidence_or_insufficient_disclosure,True,,,False
quiltnet_b16,QuiltNet-B16,sicapv2,D1_no_detected_evidence_or_insufficient_disclosure,no exact named-dataset assertion,D1_no_detected_evidence_or_insufficient_disclosure,True,,,False
quiltnet_b16,QuiltNet-B16,unitopatho,D1_no_detected_evidence_or_insufficient_disclosure,no exact named-dataset assertion,D1_no_detected_evidence_or_insufficient_disclosure,True,,,False
quiltnet_b16,QuiltNet-B16,lc25000,D1_no_detected_evidence_or_insufficient_disclosure,no exact named-dataset assertion,D1_no_detected_evidence_or_insufficient_disclosure,True,,,False
quiltnet_b16,QuiltNet-B16,nlst,D1_no_detected_evidence_or_insufficient_disclosure,no exact named-dataset assertion,D1_no_detected_evidence_or_insufficient_disclosure,True,,,False
quiltnet_b16,QuiltNet-B16,dhmc_lung,D1_no_detected_evidence_or_insufficient_disclosure,no exact named-dataset assertion,D1_no_detected_evidence_or_insufficient_disclosure,True,,,False
quiltnet_b16,QuiltNet-B16,stanford_gbm,D1_no_detected_evidence_or_insufficient_disclosure,no exact named-dataset assertion,D1_no_detected_evidence_or_insufficient_disclosure,True,,,False
quiltnet_b16,QuiltNet-B16,stanford_lung,D1_no_detected_evidence_or_insufficient_disclosure,no exact named-dataset assertion,D1_no_detected_evidence_or_insufficient_disclosure,True,,,False
quiltnet_b16,QuiltNet-B16,hest,D1_no_detected_evidence_or_insufficient_disclosure,no exact named-dataset assertion,D1_no_detected_evidence_or_insufficient_disclosure,True,,,False
quiltnet_b16,QuiltNet-B16,gtex,D1_no_detected_evidence_or_insufficient_disclosure,no exact named-dataset assertion,D1_no_detected_evidence_or_insufficient_disclosure,True,,,False
quiltnet_b16,QuiltNet-B16,tcia,D1_no_detected_evidence_or_insufficient_disclosure,no exact named-dataset assertion,D1_no_detected_evidence_or_insufficient_disclosure,True,,,False
quiltnet_b16,QuiltNet-B16,paip,D1_no_detected_evidence_or_insufficient_disclosure,no exact named-dataset assertion,D1_no_detected_evidence_or_insufficient_disclosure,True,,,False
biomedclip,BiomedCLIP,tcga,D1_no_detected_evidence_or_insufficient_disclosure,no exact named-dataset assertion,D1_no_detected_evidence_or_insufficient_disclosure,True,,,False
biomedclip,BiomedCLIP,tcga_brca,D1_no_detected_evidence_or_insufficient_disclosure,no exact named-dataset assertion,D1_no_detected_evidence_or_insufficient_disclosure,True,,,False
biomedclip,BiomedCLIP,tcga_luad,D1_no_detected_evidence_or_insufficient_disclosure,no exact named-dataset assertion,D1_no_detected_evidence_or_insufficient_disclosure,True,,,False
biomedclip,BiomedCLIP,tcga_lusc,D1_no_detected_evidence_or_insufficient_disclosure,no exact named-dataset assertion,D1_no_detected_evidence_or_insufficient_disclosure,True,,,False
biomedclip,BiomedCLIP,tcga_coad,D1_no_detected_evidence_or_insufficient_disclosure,no exact named-dataset assertion,D1_no_detected_evidence_or_insufficient_disclosure,True,,,False
biomedclip,BiomedCLIP,tcga_read,D1_no_detected_evidence_or_insufficient_disclosure,no exact named-dataset assertion,D1_no_detected_evidence_or_insufficient_disclosure,True,,,False
biomedclip,BiomedCLIP,cptac,D1_no_detected_evidence_or_insufficient_disclosure,no exact named-dataset assertion,D1_no_detected_evidence_or_insufficient_disclosure,True,,,False
biomedclip,BiomedCLIP,camelyon16,D1_no_detected_evidence_or_insufficient_disclosure,no exact named-dataset assertion,D1_no_detected_evidence_or_insufficient_disclosure,True,,,False
biomedclip,BiomedCLIP,camelyon17,D1_no_detected_evidence_or_insufficient_disclosure,no exact named-dataset assertion,D1_no_detected_evidence_or_insufficient_disclosure,True,,,False
biomedclip,BiomedCLIP,pcam,D1_no_detected_evidence_or_insufficient_disclosure,no exact named-dataset assertion,D1_no_detected_evidence_or_insufficient_disclosure,True,,,False
biomedclip,BiomedCLIP,panda,D1_no_detected_evidence_or_insufficient_disclosure,no exact named-dataset assertion,D1_no_detected_evidence_or_insufficient_disclosure,True,,,False
biomedclip,BiomedCLIP,bach,D1_no_detected_evidence_or_insufficient_disclosure,no exact named-dataset assertion,D1_no_detected_evidence_or_insufficient_disclosure,True,,,False
biomedclip,BiomedCLIP,bracs,D1_no_detected_evidence_or_insufficient_disclosure,no exact named-dataset assertion,D1_no_detected_evidence_or_insufficient_disclosure,True,,,False
biomedclip,BiomedCLIP,breakhis,D1_no_detected_evidence_or_insufficient_disclosure,no exact named-dataset assertion,D1_no_detected_evidence_or_insufficient_disclosure,True,,,False
biomedclip,BiomedCLIP,nct_crc_he_100k,D1_no_detected_evidence_or_insufficient_disclosure,no exact named-dataset assertion,D1_no_detected_evidence_or_insufficient_disclosure,True,,,False
biomedclip,BiomedCLIP,crc_val_he_7k,D1_no_detected_evidence_or_insufficient_disclosure,no exact named-dataset assertion,D1_no_detected_evidence_or_insufficient_disclosure,True,,,False
biomedclip,BiomedCLIP,mhist,D1_no_detected_evidence_or_insufficient_disclosure,no exact named-dataset assertion,D1_no_detected_evidence_or_insufficient_disclosure,True,,,False
biomedclip,BiomedCLIP,sicapv2,D1_no_detected_evidence_or_insufficient_disclosure,no exact named-dataset assertion,D1_no_detected_evidence_or_insufficient_disclosure,True,,,False
biomedclip,BiomedCLIP,unitopatho,D1_no_detected_evidence_or_insufficient_disclosure,no exact named-dataset assertion,D1_no_detected_evidence_or_insufficient_disclosure,True,,,False
biomedclip,BiomedCLIP,lc25000,D1_no_detected_evidence_or_insufficient_disclosure,no exact named-dataset assertion,D1_no_detected_evidence_or_insufficient_disclosure,True,,,False
biomedclip,BiomedCLIP,nlst,D1_no_detected_evidence_or_insufficient_disclosure,no exact named-dataset assertion,D1_no_detected_evidence_or_insufficient_disclosure,True,,,False
biomedclip,BiomedCLIP,dhmc_lung,D1_no_detected_evidence_or_insufficient_disclosure,no exact named-dataset assertion,D1_no_detected_evidence_or_insufficient_disclosure,True,,,False
biomedclip,BiomedCLIP,stanford_gbm,D1_no_detected_evidence_or_insufficient_disclosure,no exact named-dataset assertion,D1_no_detected_evidence_or_insufficient_disclosure,True,,,False
biomedclip,BiomedCLIP,stanford_lung,D1_no_detected_evidence_or_insufficient_disclosure,no exact named-dataset assertion,D1_no_detected_evidence_or_insufficient_disclosure,True,,,False
biomedclip,BiomedCLIP,hest,D1_no_detected_evidence_or_insufficient_disclosure,no exact named-dataset assertion,D1_no_detected_evidence_or_insufficient_disclosure,True,,,False
biomedclip,BiomedCLIP,gtex,D1_no_detected_evidence_or_insufficient_disclosure,no exact named-dataset assertion,D1_no_detected_evidence_or_insufficient_disclosure,True,,,False
biomedclip,BiomedCLIP,tcia,D1_no_detected_evidence_or_insufficient_disclosure,no exact named-dataset assertion,D1_no_detected_evidence_or_insufficient_disclosure,True,,,False
biomedclip,BiomedCLIP,paip,D1_no_detected_evidence_or_insufficient_disclosure,no exact named-dataset assertion,D1_no_detected_evidence_or_insufficient_disclosure,True,,,False
mi_zero_pubmedbert,MI-Zero PubMedBERT,tcga,D3_exact_dataset_exposure,exact named-dataset development assertion,D3_exact_dataset_exposure,True,A0038,https://github.com/mahmoodlab/MI-Zero/tree/047922f2e11b9a2992b12d1d3b6375db7db1e8fb,False
mi_zero_pubmedbert,MI-Zero PubMedBERT,tcga_brca,D1_no_detected_evidence_or_insufficient_disclosure,no exact named-dataset assertion,D2_parent_repository_exposure,False,A0038,https://github.com/mahmoodlab/MI-Zero/tree/047922f2e11b9a2992b12d1d3b6375db7db1e8fb,True
mi_zero_pubmedbert,MI-Zero PubMedBERT,tcga_luad,D1_no_detected_evidence_or_insufficient_disclosure,no exact named-dataset assertion,D2_parent_repository_exposure,False,A0038,https://github.com/mahmoodlab/MI-Zero/tree/047922f2e11b9a2992b12d1d3b6375db7db1e8fb,True
mi_zero_pubmedbert,MI-Zero PubMedBERT,tcga_lusc,D1_no_detected_evidence_or_insufficient_disclosure,no exact named-dataset assertion,D2_parent_repository_exposure,False,A0038,https://github.com/mahmoodlab/MI-Zero/tree/047922f2e11b9a2992b12d1d3b6375db7db1e8fb,True
mi_zero_pubmedbert,MI-Zero PubMedBERT,tcga_coad,D1_no_detected_evidence_or_insufficient_disclosure,no exact named-dataset assertion,D2_parent_repository_exposure,False,A0038,https://github.com/mahmoodlab/MI-Zero/tree/047922f2e11b9a2992b12d1d3b6375db7db1e8fb,True
mi_zero_pubmedbert,MI-Zero PubMedBERT,tcga_read,D1_no_detected_evidence_or_insufficient_disclosure,no exact named-dataset assertion,D2_parent_repository_exposure,False,A0038,https://github.com/mahmoodlab/MI-Zero/tree/047922f2e11b9a2992b12d1d3b6375db7db1e8fb,True
mi_zero_pubmedbert,MI-Zero PubMedBERT,cptac,D1_no_detected_evidence_or_insufficient_disclosure,no exact named-dataset assertion,D1_no_detected_evidence_or_insufficient_disclosure,True,,,False
mi_zero_pubmedbert,MI-Zero PubMedBERT,camelyon16,D1_no_detected_evidence_or_insufficient_disclosure,no exact named-dataset assertion,D1_no_detected_evidence_or_insufficient_disclosure,True,,,False
mi_zero_pubmedbert,MI-Zero PubMedBERT,camelyon17,D1_no_detected_evidence_or_insufficient_disclosure,no exact named-dataset assertion,D1_no_detected_evidence_or_insufficient_disclosure,True,,,False
mi_zero_pubmedbert,MI-Zero PubMedBERT,pcam,D1_no_detected_evidence_or_insufficient_disclosure,no exact named-dataset assertion,D1_no_detected_evidence_or_insufficient_disclosure,True,,,False
mi_zero_pubmedbert,MI-Zero PubMedBERT,panda,D1_no_detected_evidence_or_insufficient_disclosure,no exact named-dataset assertion,D1_no_detected_evidence_or_insufficient_disclosure,True,,,False
mi_zero_pubmedbert,MI-Zero PubMedBERT,bach,D1_no_detected_evidence_or_insufficient_disclosure,no exact named-dataset assertion,D1_no_detected_evidence_or_insufficient_disclosure,True,,,False
mi_zero_pubmedbert,MI-Zero PubMedBERT,bracs,D1_no_detected_evidence_or_insufficient_disclosure,no exact named-dataset assertion,D1_no_detected_evidence_or_insufficient_disclosure,True,,,False
mi_zero_pubmedbert,MI-Zero PubMedBERT,breakhis,D1_no_detected_evidence_or_insufficient_disclosure,no exact named-dataset assertion,D1_no_detected_evidence_or_insufficient_disclosure,True,,,False
mi_zero_pubmedbert,MI-Zero PubMedBERT,nct_crc_he_100k,D1_no_detected_evidence_or_insufficient_disclosure,no exact named-dataset assertion,D1_no_detected_evidence_or_insufficient_disclosure,True,,,False
mi_zero_pubmedbert,MI-Zero PubMedBERT,crc_val_he_7k,D1_no_detected_evidence_or_insufficient_disclosure,no exact named-dataset assertion,D1_no_detected_evidence_or_insufficient_disclosure,True,,,False
mi_zero_pubmedbert,MI-Zero PubMedBERT,mhist,D1_no_detected_evidence_or_insufficient_disclosure,no exact named-dataset assertion,D1_no_detected_evidence_or_insufficient_disclosure,True,,,False
mi_zero_pubmedbert,MI-Zero PubMedBERT,sicapv2,D1_no_detected_evidence_or_insufficient_disclosure,no exact named-dataset assertion,D1_no_detected_evidence_or_insufficient_disclosure,True,,,False
mi_zero_pubmedbert,MI-Zero PubMedBERT,unitopatho,D1_no_detected_evidence_or_insufficient_disclosure,no exact named-dataset assertion,D1_no_detected_evidence_or_insufficient_disclosure,True,,,False
mi_zero_pubmedbert,MI-Zero PubMedBERT,lc25000,D1_no_detected_evidence_or_insufficient_disclosure,no exact named-dataset assertion,D1_no_detected_evidence_or_insufficient_disclosure,True,,,False
mi_zero_pubmedbert,MI-Zero PubMedBERT,nlst,D1_no_detected_evidence_or_insufficient_disclosure,no exact named-dataset assertion,D1_no_detected_evidence_or_insufficient_disclosure,True,,,False
mi_zero_pubmedbert,MI-Zero PubMedBERT,dhmc_lung,D1_no_detected_evidence_or_insufficient_disclosure,no exact named-dataset assertion,D1_no_detected_evidence_or_insufficient_disclosure,True,,,False
mi_zero_pubmedbert,MI-Zero PubMedBERT,stanford_gbm,D1_no_detected_evidence_or_insufficient_disclosure,no exact named-dataset assertion,D1_no_detected_evidence_or_insufficient_disclosure,True,,,False
mi_zero_pubmedbert,MI-Zero PubMedBERT,stanford_lung,D1_no_detected_evidence_or_insufficient_disclosure,no exact named-dataset assertion,D1_no_detected_evidence_or_insufficient_disclosure,True,,,False
mi_zero_pubmedbert,MI-Zero PubMedBERT,hest,D1_no_detected_evidence_or_insufficient_disclosure,no exact named-dataset assertion,D1_no_detected_evidence_or_insufficient_disclosure,True,,,False
mi_zero_pubmedbert,MI-Zero PubMedBERT,gtex,D1_no_detected_evidence_or_insufficient_disclosure,no exact named-dataset assertion,D1_no_detected_evidence_or_insufficient_disclosure,True,,,False
mi_zero_pubmedbert,MI-Zero PubMedBERT,tcia,D1_no_detected_evidence_or_insufficient_disclosure,no exact named-dataset assertion,D1_no_detected_evidence_or_insufficient_disclosure,True,,,False
mi_zero_pubmedbert,MI-Zero PubMedBERT,paip,D3_exact_dataset_exposure,exact named-dataset development assertion,D3_exact_dataset_exposure,True,A0039,https://github.com/mahmoodlab/MI-Zero/tree/047922f2e11b9a2992b12d1d3b6375db7db1e8fb,False
mi_zero_clinicalbert,MI-Zero ClinicalBERT,tcga,D3_exact_dataset_exposure,exact named-dataset development assertion,D3_exact_dataset_exposure,True,A0041,https://github.com/mahmoodlab/MI-Zero/tree/047922f2e11b9a2992b12d1d3b6375db7db1e8fb,False
mi_zero_clinicalbert,MI-Zero ClinicalBERT,tcga_brca,D1_no_detected_evidence_or_insufficient_disclosure,no exact named-dataset assertion,D2_parent_repository_exposure,False,A0041,https://github.com/mahmoodlab/MI-Zero/tree/047922f2e11b9a2992b12d1d3b6375db7db1e8fb,True
mi_zero_clinicalbert,MI-Zero ClinicalBERT,tcga_luad,D1_no_detected_evidence_or_insufficient_disclosure,no exact named-dataset assertion,D2_parent_repository_exposure,False,A0041,https://github.com/mahmoodlab/MI-Zero/tree/047922f2e11b9a2992b12d1d3b6375db7db1e8fb,True
mi_zero_clinicalbert,MI-Zero ClinicalBERT,tcga_lusc,D1_no_detected_evidence_or_insufficient_disclosure,no exact named-dataset assertion,D2_parent_repository_exposure,False,A0041,https://github.com/mahmoodlab/MI-Zero/tree/047922f2e11b9a2992b12d1d3b6375db7db1e8fb,True
mi_zero_clinicalbert,MI-Zero ClinicalBERT,tcga_coad,D1_no_detected_evidence_or_insufficient_disclosure,no exact named-dataset assertion,D2_parent_repository_exposure,False,A0041,https://github.com/mahmoodlab/MI-Zero/tree/047922f2e11b9a2992b12d1d3b6375db7db1e8fb,True
mi_zero_clinicalbert,MI-Zero ClinicalBERT,tcga_read,D1_no_detected_evidence_or_insufficient_disclosure,no exact named-dataset assertion,D2_parent_repository_exposure,False,A0041,https://github.com/mahmoodlab/MI-Zero/tree/047922f2e11b9a2992b12d1d3b6375db7db1e8fb,True
mi_zero_clinicalbert,MI-Zero ClinicalBERT,cptac,D1_no_detected_evidence_or_insufficient_disclosure,no exact named-dataset assertion,D1_no_detected_evidence_or_insufficient_disclosure,True,,,False
mi_zero_clinicalbert,MI-Zero ClinicalBERT,camelyon16,D1_no_detected_evidence_or_insufficient_disclosure,no exact named-dataset assertion,D1_no_detected_evidence_or_insufficient_disclosure,True,,,False
mi_zero_clinicalbert,MI-Zero ClinicalBERT,camelyon17,D1_no_detected_evidence_or_insufficient_disclosure,no exact named-dataset assertion,D1_no_detected_evidence_or_insufficient_disclosure,True,,,False
mi_zero_clinicalbert,MI-Zero ClinicalBERT,pcam,D1_no_detected_evidence_or_insufficient_disclosure,no exact named-dataset assertion,D1_no_detected_evidence_or_insufficient_disclosure,True,,,False
mi_zero_clinicalbert,MI-Zero ClinicalBERT,panda,D1_no_detected_evidence_or_insufficient_disclosure,no exact named-dataset assertion,D1_no_detected_evidence_or_insufficient_disclosure,True,,,False
mi_zero_clinicalbert,MI-Zero ClinicalBERT,bach,D1_no_detected_evidence_or_insufficient_disclosure,no exact named-dataset assertion,D1_no_detected_evidence_or_insufficient_disclosure,True,,,False
mi_zero_clinicalbert,MI-Zero ClinicalBERT,bracs,D1_no_detected_evidence_or_insufficient_disclosure,no exact named-dataset assertion,D1_no_detected_evidence_or_insufficient_disclosure,True,,,False
mi_zero_clinicalbert,MI-Zero ClinicalBERT,breakhis,D1_no_detected_evidence_or_insufficient_disclosure,no exact named-dataset assertion,D1_no_detected_evidence_or_insufficient_disclosure,True,,,False
mi_zero_clinicalbert,MI-Zero ClinicalBERT,nct_crc_he_100k,D1_no_detected_evidence_or_insufficient_disclosure,no exact named-dataset assertion,D1_no_detected_evidence_or_insufficient_disclosure,True,,,False
mi_zero_clinicalbert,MI-Zero ClinicalBERT,crc_val_he_7k,D1_no_detected_evidence_or_insufficient_disclosure,no exact named-dataset assertion,D1_no_detected_evidence_or_insufficient_disclosure,True,,,False
mi_zero_clinicalbert,MI-Zero ClinicalBERT,mhist,D1_no_detected_evidence_or_insufficient_disclosure,no exact named-dataset assertion,D1_no_detected_evidence_or_insufficient_disclosure,True,,,False
mi_zero_clinicalbert,MI-Zero ClinicalBERT,sicapv2,D1_no_detected_evidence_or_insufficient_disclosure,no exact named-dataset assertion,D1_no_detected_evidence_or_insufficient_disclosure,True,,,False
mi_zero_clinicalbert,MI-Zero ClinicalBERT,unitopatho,D1_no_detected_evidence_or_insufficient_disclosure,no exact named-dataset assertion,D1_no_detected_evidence_or_insufficient_disclosure,True,,,False
mi_zero_clinicalbert,MI-Zero ClinicalBERT,lc25000,D1_no_detected_evidence_or_insufficient_disclosure,no exact named-dataset assertion,D1_no_detected_evidence_or_insufficient_disclosure,True,,,False
mi_zero_clinicalbert,MI-Zero ClinicalBERT,nlst,D1_no_detected_evidence_or_insufficient_disclosure,no exact named-dataset assertion,D1_no_detected_evidence_or_insufficient_disclosure,True,,,False
mi_zero_clinicalbert,MI-Zero ClinicalBERT,dhmc_lung,D1_no_detected_evidence_or_insufficient_disclosure,no exact named-dataset assertion,D1_no_detected_evidence_or_insufficient_disclosure,True,,,False
mi_zero_clinicalbert,MI-Zero ClinicalBERT,stanford_gbm,D1_no_detected_evidence_or_insufficient_disclosure,no exact named-dataset assertion,D1_no_detected_evidence_or_insufficient_disclosure,True,,,False
mi_zero_clinicalbert,MI-Zero ClinicalBERT,stanford_lung,D1_no_detected_evidence_or_insufficient_disclosure,no exact named-dataset assertion,D1_no_detected_evidence_or_insufficient_disclosure,True,,,False
mi_zero_clinicalbert,MI-Zero ClinicalBERT,hest,D1_no_detected_evidence_or_insufficient_disclosure,no exact named-dataset assertion,D1_no_detected_evidence_or_insufficient_disclosure,True,,,False
mi_zero_clinicalbert,MI-Zero ClinicalBERT,gtex,D1_no_detected_evidence_or_insufficient_disclosure,no exact named-dataset assertion,D1_no_detected_evidence_or_insufficient_disclosure,True,,,False
mi_zero_clinicalbert,MI-Zero ClinicalBERT,tcia,D1_no_detected_evidence_or_insufficient_disclosure,no exact named-dataset assertion,D1_no_detected_evidence_or_insufficient_disclosure,True,,,False
mi_zero_clinicalbert,MI-Zero ClinicalBERT,paip,D3_exact_dataset_exposure,exact named-dataset development assertion,D3_exact_dataset_exposure,True,A0042,https://github.com/mahmoodlab/MI-Zero/tree/047922f2e11b9a2992b12d1d3b6375db7db1e8fb,False
conch,CONCH,tcga,D1_no_detected_evidence_or_insufficient_disclosure,no exact named-dataset assertion,D1_no_detected_evidence_or_insufficient_disclosure,True,,,False
conch,CONCH,tcga_brca,D1_no_detected_evidence_or_insufficient_disclosure,no exact named-dataset assertion,D1_no_detected_evidence_or_insufficient_disclosure,True,,,False
conch,CONCH,tcga_luad,D1_no_detected_evidence_or_insufficient_disclosure,no exact named-dataset assertion,D1_no_detected_evidence_or_insufficient_disclosure,True,,,False
conch,CONCH,tcga_lusc,D1_no_detected_evidence_or_insufficient_disclosure,no exact named-dataset assertion,D1_no_detected_evidence_or_insufficient_disclosure,True,,,False
conch,CONCH,tcga_coad,D1_no_detected_evidence_or_insufficient_disclosure,no exact named-dataset assertion,D1_no_detected_evidence_or_insufficient_disclosure,True,,,False
conch,CONCH,tcga_read,D1_no_detected_evidence_or_insufficient_disclosure,no exact named-dataset assertion,D1_no_detected_evidence_or_insufficient_disclosure,True,,,False
conch,CONCH,cptac,D1_no_detected_evidence_or_insufficient_disclosure,no exact named-dataset assertion,D1_no_detected_evidence_or_insufficient_disclosure,True,,,False
conch,CONCH,camelyon16,D1_no_detected_evidence_or_insufficient_disclosure,no exact named-dataset assertion,D1_no_detected_evidence_or_insufficient_disclosure,True,,,False
conch,CONCH,camelyon17,D1_no_detected_evidence_or_insufficient_disclosure,no exact named-dataset assertion,D1_no_detected_evidence_or_insufficient_disclosure,True,,,False
conch,CONCH,pcam,D1_no_detected_evidence_or_insufficient_disclosure,no exact named-dataset assertion,D1_no_detected_evidence_or_insufficient_disclosure,True,,,False
conch,CONCH,panda,D1_no_detected_evidence_or_insufficient_disclosure,no exact named-dataset assertion,D1_no_detected_evidence_or_insufficient_disclosure,True,,,False
conch,CONCH,bach,D1_no_detected_evidence_or_insufficient_disclosure,no exact named-dataset assertion,D1_no_detected_evidence_or_insufficient_disclosure,True,,,False
conch,CONCH,bracs,D1_no_detected_evidence_or_insufficient_disclosure,no exact named-dataset assertion,D1_no_detected_evidence_or_insufficient_disclosure,True,,,False
conch,CONCH,breakhis,D1_no_detected_evidence_or_insufficient_disclosure,no exact named-dataset assertion,D1_no_detected_evidence_or_insufficient_disclosure,True,,,False
conch,CONCH,nct_crc_he_100k,D1_no_detected_evidence_or_insufficient_disclosure,no exact named-dataset assertion,D1_no_detected_evidence_or_insufficient_disclosure,True,,,False
conch,CONCH,crc_val_he_7k,D1_no_detected_evidence_or_insufficient_disclosure,no exact named-dataset assertion,D1_no_detected_evidence_or_insufficient_disclosure,True,,,False
conch,CONCH,mhist,D1_no_detected_evidence_or_insufficient_disclosure,no exact named-dataset assertion,D1_no_detected_evidence_or_insufficient_disclosure,True,,,False
conch,CONCH,sicapv2,D1_no_detected_evidence_or_insufficient_disclosure,no exact named-dataset assertion,D1_no_detected_evidence_or_insufficient_disclosure,True,,,False
conch,CONCH,unitopatho,D1_no_detected_evidence_or_insufficient_disclosure,no exact named-dataset assertion,D1_no_detected_evidence_or_insufficient_disclosure,True,,,False
conch,CONCH,lc25000,D1_no_detected_evidence_or_insufficient_disclosure,no exact named-dataset assertion,D1_no_detected_evidence_or_insufficient_disclosure,True,,,False
conch,CONCH,nlst,D1_no_detected_evidence_or_insufficient_disclosure,no exact named-dataset assertion,D1_no_detected_evidence_or_insufficient_disclosure,True,,,False
conch,CONCH,dhmc_lung,D1_no_detected_evidence_or_insufficient_disclosure,no exact named-dataset assertion,D1_no_detected_evidence_or_insufficient_disclosure,True,,,False
conch,CONCH,stanford_gbm,D1_no_detected_evidence_or_insufficient_disclosure,no exact named-dataset assertion,D1_no_detected_evidence_or_insufficient_disclosure,True,,,False
conch,CONCH,stanford_lung,D1_no_detected_evidence_or_insufficient_disclosure,no exact named-dataset assertion,D1_no_detected_evidence_or_insufficient_disclosure,True,,,False
conch,CONCH,hest,D1_no_detected_evidence_or_insufficient_disclosure,no exact named-dataset assertion,D1_no_detected_evidence_or_insufficient_disclosure,True,,,False
conch,CONCH,gtex,D1_no_detected_evidence_or_insufficient_disclosure,no exact named-dataset assertion,D1_no_detected_evidence_or_insufficient_disclosure,True,,,False
conch,CONCH,tcia,D1_no_detected_evidence_or_insufficient_disclosure,no exact named-dataset assertion,D1_no_detected_evidence_or_insufficient_disclosure,True,,,False
conch,CONCH,paip,D1_no_detected_evidence_or_insufficient_disclosure,no exact named-dataset assertion,D1_no_detected_evidence_or_insufficient_disclosure,True,,,False
titan,TITAN,tcga,D0_documented_disjoint,exact named-dataset disjointness assertion,D0_documented_disjoint,True,documented_disjoint,https://github.com/mahmoodlab/TITAN/tree/9e34c66ff66445c6c590da0dbf7acc103d39a40b,False
titan,TITAN,tcga_brca,D1_no_detected_evidence_or_insufficient_disclosure,no exact named-dataset assertion,D1_no_detected_evidence_or_insufficient_disclosure,True,,,False
titan,TITAN,tcga_luad,D1_no_detected_evidence_or_insufficient_disclosure,no exact named-dataset assertion,D1_no_detected_evidence_or_insufficient_disclosure,True,,,False
titan,TITAN,tcga_lusc,D1_no_detected_evidence_or_insufficient_disclosure,no exact named-dataset assertion,D1_no_detected_evidence_or_insufficient_disclosure,True,,,False
titan,TITAN,tcga_coad,D1_no_detected_evidence_or_insufficient_disclosure,no exact named-dataset assertion,D1_no_detected_evidence_or_insufficient_disclosure,True,,,False
titan,TITAN,tcga_read,D1_no_detected_evidence_or_insufficient_disclosure,no exact named-dataset assertion,D1_no_detected_evidence_or_insufficient_disclosure,True,,,False
titan,TITAN,cptac,D0_documented_disjoint,exact named-dataset disjointness assertion,D0_documented_disjoint,True,documented_disjoint,https://github.com/mahmoodlab/TITAN/tree/9e34c66ff66445c6c590da0dbf7acc103d39a40b,False
titan,TITAN,camelyon16,D1_no_detected_evidence_or_insufficient_disclosure,no exact named-dataset assertion,D1_no_detected_evidence_or_insufficient_disclosure,True,,,False
titan,TITAN,camelyon17,D1_no_detected_evidence_or_insufficient_disclosure,no exact named-dataset assertion,D1_no_detected_evidence_or_insufficient_disclosure,True,,,False
titan,TITAN,pcam,D1_no_detected_evidence_or_insufficient_disclosure,no exact named-dataset assertion,D1_no_detected_evidence_or_insufficient_disclosure,True,,,False
titan,TITAN,panda,D0_documented_disjoint,exact named-dataset disjointness assertion,D0_documented_disjoint,True,documented_disjoint,https://github.com/mahmoodlab/TITAN/tree/9e34c66ff66445c6c590da0dbf7acc103d39a40b,False
titan,TITAN,bach,D1_no_detected_evidence_or_insufficient_disclosure,no exact named-dataset assertion,D1_no_detected_evidence_or_insufficient_disclosure,True,,,False
titan,TITAN,bracs,D1_no_detected_evidence_or_insufficient_disclosure,no exact named-dataset assertion,D1_no_detected_evidence_or_insufficient_disclosure,True,,,False
titan,TITAN,breakhis,D1_no_detected_evidence_or_insufficient_disclosure,no exact named-dataset assertion,D1_no_detected_evidence_or_insufficient_disclosure,True,,,False
titan,TITAN,nct_crc_he_100k,D1_no_detected_evidence_or_insufficient_disclosure,no exact named-dataset assertion,D1_no_detected_evidence_or_insufficient_disclosure,True,,,False
titan,TITAN,crc_val_he_7k,D1_no_detected_evidence_or_insufficient_disclosure,no exact named-dataset assertion,D1_no_detected_evidence_or_insufficient_disclosure,True,,,False
titan,TITAN,mhist,D1_no_detected_evidence_or_insufficient_disclosure,no exact named-dataset assertion,D1_no_detected_evidence_or_insufficient_disclosure,True,,,False
titan,TITAN,sicapv2,D1_no_detected_evidence_or_insufficient_disclosure,no exact named-dataset assertion,D1_no_detected_evidence_or_insufficient_disclosure,True,,,False
titan,TITAN,unitopatho,D1_no_detected_evidence_or_insufficient_disclosure,no exact named-dataset assertion,D1_no_detected_evidence_or_insufficient_disclosure,True,,,False
titan,TITAN,lc25000,D1_no_detected_evidence_or_insufficient_disclosure,no exact named-dataset assertion,D1_no_detected_evidence_or_insufficient_disclosure,True,,,False
titan,TITAN,nlst,D1_no_detected_evidence_or_insufficient_disclosure,no exact named-dataset assertion,D1_no_detected_evidence_or_insufficient_disclosure,True,,,False
titan,TITAN,dhmc_lung,D1_no_detected_evidence_or_insufficient_disclosure,no exact named-dataset assertion,D1_no_detected_evidence_or_insufficient_disclosure,True,,,False
titan,TITAN,stanford_gbm,D1_no_detected_evidence_or_insufficient_disclosure,no exact named-dataset assertion,D1_no_detected_evidence_or_insufficient_disclosure,True,,,False
titan,TITAN,stanford_lung,D1_no_detected_evidence_or_insufficient_disclosure,no exact named-dataset assertion,D1_no_detected_evidence_or_insufficient_disclosure,True,,,False
titan,TITAN,hest,D1_no_detected_evidence_or_insufficient_disclosure,no exact named-dataset assertion,D1_no_detected_evidence_or_insufficient_disclosure,True,,,False
titan,TITAN,gtex,D3_exact_dataset_exposure,exact named-dataset development assertion,D3_exact_dataset_exposure,True,A0011,https://www.nature.com/articles/s41591-025-03982-3,False
titan,TITAN,tcia,D1_no_detected_evidence_or_insufficient_disclosure,no exact named-dataset assertion,D1_no_detected_evidence_or_insufficient_disclosure,True,,,False
titan,TITAN,paip,D0_documented_disjoint,exact named-dataset disjointness assertion,D0_documented_disjoint,True,documented_disjoint,https://github.com/mahmoodlab/TITAN/tree/9e34c66ff66445c6c590da0dbf7acc103d39a40b,False
dino_s16,DINO-S16,tcga,D1_no_detected_evidence_or_insufficient_disclosure,no exact named-dataset assertion,D1_no_detected_evidence_or_insufficient_disclosure,True,,,False
dino_s16,DINO-S16,tcga_brca,D1_no_detected_evidence_or_insufficient_disclosure,no exact named-dataset assertion,D1_no_detected_evidence_or_insufficient_disclosure,True,,,False
dino_s16,DINO-S16,tcga_luad,D1_no_detected_evidence_or_insufficient_disclosure,no exact named-dataset assertion,D1_no_detected_evidence_or_insufficient_disclosure,True,,,False
dino_s16,DINO-S16,tcga_lusc,D1_no_detected_evidence_or_insufficient_disclosure,no exact named-dataset assertion,D1_no_detected_evidence_or_insufficient_disclosure,True,,,False
dino_s16,DINO-S16,tcga_coad,D1_no_detected_evidence_or_insufficient_disclosure,no exact named-dataset assertion,D1_no_detected_evidence_or_insufficient_disclosure,True,,,False
dino_s16,DINO-S16,tcga_read,D1_no_detected_evidence_or_insufficient_disclosure,no exact named-dataset assertion,D1_no_detected_evidence_or_insufficient_disclosure,True,,,False
dino_s16,DINO-S16,cptac,D1_no_detected_evidence_or_insufficient_disclosure,no exact named-dataset assertion,D1_no_detected_evidence_or_insufficient_disclosure,True,,,False
dino_s16,DINO-S16,camelyon16,D1_no_detected_evidence_or_insufficient_disclosure,no exact named-dataset assertion,D1_no_detected_evidence_or_insufficient_disclosure,True,,,False
dino_s16,DINO-S16,camelyon17,D1_no_detected_evidence_or_insufficient_disclosure,no exact named-dataset assertion,D1_no_detected_evidence_or_insufficient_disclosure,True,,,False
dino_s16,DINO-S16,pcam,D1_no_detected_evidence_or_insufficient_disclosure,no exact named-dataset assertion,D1_no_detected_evidence_or_insufficient_disclosure,True,,,False
dino_s16,DINO-S16,panda,D1_no_detected_evidence_or_insufficient_disclosure,no exact named-dataset assertion,D1_no_detected_evidence_or_insufficient_disclosure,True,,,False
dino_s16,DINO-S16,bach,D1_no_detected_evidence_or_insufficient_disclosure,no exact named-dataset assertion,D1_no_detected_evidence_or_insufficient_disclosure,True,,,False
dino_s16,DINO-S16,bracs,D1_no_detected_evidence_or_insufficient_disclosure,no exact named-dataset assertion,D1_no_detected_evidence_or_insufficient_disclosure,True,,,False
dino_s16,DINO-S16,breakhis,D1_no_detected_evidence_or_insufficient_disclosure,no exact named-dataset assertion,D1_no_detected_evidence_or_insufficient_disclosure,True,,,False
dino_s16,DINO-S16,nct_crc_he_100k,D1_no_detected_evidence_or_insufficient_disclosure,no exact named-dataset assertion,D1_no_detected_evidence_or_insufficient_disclosure,True,,,False
dino_s16,DINO-S16,crc_val_he_7k,D1_no_detected_evidence_or_insufficient_disclosure,no exact named-dataset assertion,D1_no_detected_evidence_or_insufficient_disclosure,True,,,False
dino_s16,DINO-S16,mhist,D1_no_detected_evidence_or_insufficient_disclosure,no exact named-dataset assertion,D1_no_detected_evidence_or_insufficient_disclosure,True,,,False
dino_s16,DINO-S16,sicapv2,D1_no_detected_evidence_or_insufficient_disclosure,no exact named-dataset assertion,D1_no_detected_evidence_or_insufficient_disclosure,True,,,False
dino_s16,DINO-S16,unitopatho,D1_no_detected_evidence_or_insufficient_disclosure,no exact named-dataset assertion,D1_no_detected_evidence_or_insufficient_disclosure,True,,,False
dino_s16,DINO-S16,lc25000,D1_no_detected_evidence_or_insufficient_disclosure,no exact named-dataset assertion,D1_no_detected_evidence_or_insufficient_disclosure,True,,,False
dino_s16,DINO-S16,nlst,D1_no_detected_evidence_or_insufficient_disclosure,no exact named-dataset assertion,D1_no_detected_evidence_or_insufficient_disclosure,True,,,False
dino_s16,DINO-S16,dhmc_lung,D1_no_detected_evidence_or_insufficient_disclosure,no exact named-dataset assertion,D1_no_detected_evidence_or_insufficient_disclosure,True,,,False
dino_s16,DINO-S16,stanford_gbm,D1_no_detected_evidence_or_insufficient_disclosure,no exact named-dataset assertion,D1_no_detected_evidence_or_insufficient_disclosure,True,,,False
dino_s16,DINO-S16,stanford_lung,D1_no_detected_evidence_or_insufficient_disclosure,no exact named-dataset assertion,D1_no_detected_evidence_or_insufficient_disclosure,True,,,False
dino_s16,DINO-S16,hest,D1_no_detected_evidence_or_insufficient_disclosure,no exact named-dataset assertion,D1_no_detected_evidence_or_insufficient_disclosure,True,,,False
dino_s16,DINO-S16,gtex,D1_no_detected_evidence_or_insufficient_disclosure,no exact named-dataset assertion,D1_no_detected_evidence_or_insufficient_disclosure,True,,,False
dino_s16,DINO-S16,tcia,D1_no_detected_evidence_or_insufficient_disclosure,no exact named-dataset assertion,D1_no_detected_evidence_or_insufficient_disclosure,True,,,False
dino_s16,DINO-S16,paip,D1_no_detected_evidence_or_insufficient_disclosure,no exact named-dataset assertion,D1_no_detected_evidence_or_insufficient_disclosure,True,,,False
dino_b16,DINO-B16,tcga,D1_no_detected_evidence_or_insufficient_disclosure,no exact named-dataset assertion,D1_no_detected_evidence_or_insufficient_disclosure,True,,,False
dino_b16,DINO-B16,tcga_brca,D1_no_detected_evidence_or_insufficient_disclosure,no exact named-dataset assertion,D1_no_detected_evidence_or_insufficient_disclosure,True,,,False
dino_b16,DINO-B16,tcga_luad,D1_no_detected_evidence_or_insufficient_disclosure,no exact named-dataset assertion,D1_no_detected_evidence_or_insufficient_disclosure,True,,,False
dino_b16,DINO-B16,tcga_lusc,D1_no_detected_evidence_or_insufficient_disclosure,no exact named-dataset assertion,D1_no_detected_evidence_or_insufficient_disclosure,True,,,False
dino_b16,DINO-B16,tcga_coad,D1_no_detected_evidence_or_insufficient_disclosure,no exact named-dataset assertion,D1_no_detected_evidence_or_insufficient_disclosure,True,,,False
dino_b16,DINO-B16,tcga_read,D1_no_detected_evidence_or_insufficient_disclosure,no exact named-dataset assertion,D1_no_detected_evidence_or_insufficient_disclosure,True,,,False
dino_b16,DINO-B16,cptac,D1_no_detected_evidence_or_insufficient_disclosure,no exact named-dataset assertion,D1_no_detected_evidence_or_insufficient_disclosure,True,,,False
dino_b16,DINO-B16,camelyon16,D1_no_detected_evidence_or_insufficient_disclosure,no exact named-dataset assertion,D1_no_detected_evidence_or_insufficient_disclosure,True,,,False
dino_b16,DINO-B16,camelyon17,D1_no_detected_evidence_or_insufficient_disclosure,no exact named-dataset assertion,D1_no_detected_evidence_or_insufficient_disclosure,True,,,False
dino_b16,DINO-B16,pcam,D1_no_detected_evidence_or_insufficient_disclosure,no exact named-dataset assertion,D1_no_detected_evidence_or_insufficient_disclosure,True,,,False
dino_b16,DINO-B16,panda,D1_no_detected_evidence_or_insufficient_disclosure,no exact named-dataset assertion,D1_no_detected_evidence_or_insufficient_disclosure,True,,,False
dino_b16,DINO-B16,bach,D1_no_detected_evidence_or_insufficient_disclosure,no exact named-dataset assertion,D1_no_detected_evidence_or_insufficient_disclosure,True,,,False
dino_b16,DINO-B16,bracs,D1_no_detected_evidence_or_insufficient_disclosure,no exact named-dataset assertion,D1_no_detected_evidence_or_insufficient_disclosure,True,,,False
dino_b16,DINO-B16,breakhis,D1_no_detected_evidence_or_insufficient_disclosure,no exact named-dataset assertion,D1_no_detected_evidence_or_insufficient_disclosure,True,,,False
dino_b16,DINO-B16,nct_crc_he_100k,D1_no_detected_evidence_or_insufficient_disclosure,no exact named-dataset assertion,D1_no_detected_evidence_or_insufficient_disclosure,True,,,False
dino_b16,DINO-B16,crc_val_he_7k,D1_no_detected_evidence_or_insufficient_disclosure,no exact named-dataset assertion,D1_no_detected_evidence_or_insufficient_disclosure,True,,,False
dino_b16,DINO-B16,mhist,D1_no_detected_evidence_or_insufficient_disclosure,no exact named-dataset assertion,D1_no_detected_evidence_or_insufficient_disclosure,True,,,False
dino_b16,DINO-B16,sicapv2,D1_no_detected_evidence_or_insufficient_disclosure,no exact named-dataset assertion,D1_no_detected_evidence_or_insufficient_disclosure,True,,,False
dino_b16,DINO-B16,unitopatho,D1_no_detected_evidence_or_insufficient_disclosure,no exact named-dataset assertion,D1_no_detected_evidence_or_insufficient_disclosure,True,,,False
dino_b16,DINO-B16,lc25000,D1_no_detected_evidence_or_insufficient_disclosure,no exact named-dataset assertion,D1_no_detected_evidence_or_insufficient_disclosure,True,,,False
dino_b16,DINO-B16,nlst,D1_no_detected_evidence_or_insufficient_disclosure,no exact named-dataset assertion,D1_no_detected_evidence_or_insufficient_disclosure,True,,,False
dino_b16,DINO-B16,dhmc_lung,D1_no_detected_evidence_or_insufficient_disclosure,no exact named-dataset assertion,D1_no_detected_evidence_or_insufficient_disclosure,True,,,False
dino_b16,DINO-B16,stanford_gbm,D1_no_detected_evidence_or_insufficient_disclosure,no exact named-dataset assertion,D1_no_detected_evidence_or_insufficient_disclosure,True,,,False
dino_b16,DINO-B16,stanford_lung,D1_no_detected_evidence_or_insufficient_disclosure,no exact named-dataset assertion,D1_no_detected_evidence_or_insufficient_disclosure,True,,,False
dino_b16,DINO-B16,hest,D1_no_detected_evidence_or_insufficient_disclosure,no exact named-dataset assertion,D1_no_detected_evidence_or_insufficient_disclosure,True,,,False
dino_b16,DINO-B16,gtex,D1_no_detected_evidence_or_insufficient_disclosure,no exact named-dataset assertion,D1_no_detected_evidence_or_insufficient_disclosure,True,,,False
dino_b16,DINO-B16,tcia,D1_no_detected_evidence_or_insufficient_disclosure,no exact named-dataset assertion,D1_no_detected_evidence_or_insufficient_disclosure,True,,,False
dino_b16,DINO-B16,paip,D1_no_detected_evidence_or_insufficient_disclosure,no exact named-dataset assertion,D1_no_detected_evidence_or_insufficient_disclosure,True,,,False
dinov2_l,DINOv2-L,tcga,D1_no_detected_evidence_or_insufficient_disclosure,no exact named-dataset assertion,D1_no_detected_evidence_or_insufficient_disclosure,True,,,False
dinov2_l,DINOv2-L,tcga_brca,D1_no_detected_evidence_or_insufficient_disclosure,no exact named-dataset assertion,D1_no_detected_evidence_or_insufficient_disclosure,True,,,False
dinov2_l,DINOv2-L,tcga_luad,D1_no_detected_evidence_or_insufficient_disclosure,no exact named-dataset assertion,D1_no_detected_evidence_or_insufficient_disclosure,True,,,False
dinov2_l,DINOv2-L,tcga_lusc,D1_no_detected_evidence_or_insufficient_disclosure,no exact named-dataset assertion,D1_no_detected_evidence_or_insufficient_disclosure,True,,,False
dinov2_l,DINOv2-L,tcga_coad,D1_no_detected_evidence_or_insufficient_disclosure,no exact named-dataset assertion,D1_no_detected_evidence_or_insufficient_disclosure,True,,,False
dinov2_l,DINOv2-L,tcga_read,D1_no_detected_evidence_or_insufficient_disclosure,no exact named-dataset assertion,D1_no_detected_evidence_or_insufficient_disclosure,True,,,False
dinov2_l,DINOv2-L,cptac,D1_no_detected_evidence_or_insufficient_disclosure,no exact named-dataset assertion,D1_no_detected_evidence_or_insufficient_disclosure,True,,,False
dinov2_l,DINOv2-L,camelyon16,D1_no_detected_evidence_or_insufficient_disclosure,no exact named-dataset assertion,D1_no_detected_evidence_or_insufficient_disclosure,True,,,False
dinov2_l,DINOv2-L,camelyon17,D1_no_detected_evidence_or_insufficient_disclosure,no exact named-dataset assertion,D1_no_detected_evidence_or_insufficient_disclosure,True,,,False
dinov2_l,DINOv2-L,pcam,D1_no_detected_evidence_or_insufficient_disclosure,no exact named-dataset assertion,D1_no_detected_evidence_or_insufficient_disclosure,True,,,False
dinov2_l,DINOv2-L,panda,D1_no_detected_evidence_or_insufficient_disclosure,no exact named-dataset assertion,D1_no_detected_evidence_or_insufficient_disclosure,True,,,False
dinov2_l,DINOv2-L,bach,D1_no_detected_evidence_or_insufficient_disclosure,no exact named-dataset assertion,D1_no_detected_evidence_or_insufficient_disclosure,True,,,False
dinov2_l,DINOv2-L,bracs,D1_no_detected_evidence_or_insufficient_disclosure,no exact named-dataset assertion,D1_no_detected_evidence_or_insufficient_disclosure,True,,,False
dinov2_l,DINOv2-L,breakhis,D1_no_detected_evidence_or_insufficient_disclosure,no exact named-dataset assertion,D1_no_detected_evidence_or_insufficient_disclosure,True,,,False
dinov2_l,DINOv2-L,nct_crc_he_100k,D1_no_detected_evidence_or_insufficient_disclosure,no exact named-dataset assertion,D1_no_detected_evidence_or_insufficient_disclosure,True,,,False
dinov2_l,DINOv2-L,crc_val_he_7k,D1_no_detected_evidence_or_insufficient_disclosure,no exact named-dataset assertion,D1_no_detected_evidence_or_insufficient_disclosure,True,,,False
dinov2_l,DINOv2-L,mhist,D1_no_detected_evidence_or_insufficient_disclosure,no exact named-dataset assertion,D1_no_detected_evidence_or_insufficient_disclosure,True,,,False
dinov2_l,DINOv2-L,sicapv2,D1_no_detected_evidence_or_insufficient_disclosure,no exact named-dataset assertion,D1_no_detected_evidence_or_insufficient_disclosure,True,,,False
dinov2_l,DINOv2-L,unitopatho,D1_no_detected_evidence_or_insufficient_disclosure,no exact named-dataset assertion,D1_no_detected_evidence_or_insufficient_disclosure,True,,,False
dinov2_l,DINOv2-L,lc25000,D1_no_detected_evidence_or_insufficient_disclosure,no exact named-dataset assertion,D1_no_detected_evidence_or_insufficient_disclosure,True,,,False
dinov2_l,DINOv2-L,nlst,D1_no_detected_evidence_or_insufficient_disclosure,no exact named-dataset assertion,D1_no_detected_evidence_or_insufficient_disclosure,True,,,False
dinov2_l,DINOv2-L,dhmc_lung,D1_no_detected_evidence_or_insufficient_disclosure,no exact named-dataset assertion,D1_no_detected_evidence_or_insufficient_disclosure,True,,,False
dinov2_l,DINOv2-L,stanford_gbm,D1_no_detected_evidence_or_insufficient_disclosure,no exact named-dataset assertion,D1_no_detected_evidence_or_insufficient_disclosure,True,,,False
dinov2_l,DINOv2-L,stanford_lung,D1_no_detected_evidence_or_insufficient_disclosure,no exact named-dataset assertion,D1_no_detected_evidence_or_insufficient_disclosure,True,,,False
dinov2_l,DINOv2-L,hest,D1_no_detected_evidence_or_insufficient_disclosure,no exact named-dataset assertion,D1_no_detected_evidence_or_insufficient_disclosure,True,,,False
dinov2_l,DINOv2-L,gtex,D1_no_detected_evidence_or_insufficient_disclosure,no exact named-dataset assertion,D1_no_detected_evidence_or_insufficient_disclosure,True,,,False
dinov2_l,DINOv2-L,tcia,D1_no_detected_evidence_or_insufficient_disclosure,no exact named-dataset assertion,D1_no_detected_evidence_or_insufficient_disclosure,True,,,False
dinov2_l,DINOv2-L,paip,D1_no_detected_evidence_or_insufficient_disclosure,no exact named-dataset assertion,D1_no_detected_evidence_or_insufficient_disclosure,True,,,False
ibot_b16,iBOT-B16,tcga,D1_no_detected_evidence_or_insufficient_disclosure,no exact named-dataset assertion,D1_no_detected_evidence_or_insufficient_disclosure,True,,,False
ibot_b16,iBOT-B16,tcga_brca,D1_no_detected_evidence_or_insufficient_disclosure,no exact named-dataset assertion,D1_no_detected_evidence_or_insufficient_disclosure,True,,,False
ibot_b16,iBOT-B16,tcga_luad,D1_no_detected_evidence_or_insufficient_disclosure,no exact named-dataset assertion,D1_no_detected_evidence_or_insufficient_disclosure,True,,,False
ibot_b16,iBOT-B16,tcga_lusc,D1_no_detected_evidence_or_insufficient_disclosure,no exact named-dataset assertion,D1_no_detected_evidence_or_insufficient_disclosure,True,,,False
ibot_b16,iBOT-B16,tcga_coad,D1_no_detected_evidence_or_insufficient_disclosure,no exact named-dataset assertion,D1_no_detected_evidence_or_insufficient_disclosure,True,,,False
ibot_b16,iBOT-B16,tcga_read,D1_no_detected_evidence_or_insufficient_disclosure,no exact named-dataset assertion,D1_no_detected_evidence_or_insufficient_disclosure,True,,,False
ibot_b16,iBOT-B16,cptac,D1_no_detected_evidence_or_insufficient_disclosure,no exact named-dataset assertion,D1_no_detected_evidence_or_insufficient_disclosure,True,,,False
ibot_b16,iBOT-B16,camelyon16,D1_no_detected_evidence_or_insufficient_disclosure,no exact named-dataset assertion,D1_no_detected_evidence_or_insufficient_disclosure,True,,,False
ibot_b16,iBOT-B16,camelyon17,D1_no_detected_evidence_or_insufficient_disclosure,no exact named-dataset assertion,D1_no_detected_evidence_or_insufficient_disclosure,True,,,False
ibot_b16,iBOT-B16,pcam,D1_no_detected_evidence_or_insufficient_disclosure,no exact named-dataset assertion,D1_no_detected_evidence_or_insufficient_disclosure,True,,,False
ibot_b16,iBOT-B16,panda,D1_no_detected_evidence_or_insufficient_disclosure,no exact named-dataset assertion,D1_no_detected_evidence_or_insufficient_disclosure,True,,,False
ibot_b16,iBOT-B16,bach,D1_no_detected_evidence_or_insufficient_disclosure,no exact named-dataset assertion,D1_no_detected_evidence_or_insufficient_disclosure,True,,,False
ibot_b16,iBOT-B16,bracs,D1_no_detected_evidence_or_insufficient_disclosure,no exact named-dataset assertion,D1_no_detected_evidence_or_insufficient_disclosure,True,,,False
ibot_b16,iBOT-B16,breakhis,D1_no_detected_evidence_or_insufficient_disclosure,no exact named-dataset assertion,D1_no_detected_evidence_or_insufficient_disclosure,True,,,False
ibot_b16,iBOT-B16,nct_crc_he_100k,D1_no_detected_evidence_or_insufficient_disclosure,no exact named-dataset assertion,D1_no_detected_evidence_or_insufficient_disclosure,True,,,False
ibot_b16,iBOT-B16,crc_val_he_7k,D1_no_detected_evidence_or_insufficient_disclosure,no exact named-dataset assertion,D1_no_detected_evidence_or_insufficient_disclosure,True,,,False
ibot_b16,iBOT-B16,mhist,D1_no_detected_evidence_or_insufficient_disclosure,no exact named-dataset assertion,D1_no_detected_evidence_or_insufficient_disclosure,True,,,False
ibot_b16,iBOT-B16,sicapv2,D1_no_detected_evidence_or_insufficient_disclosure,no exact named-dataset assertion,D1_no_detected_evidence_or_insufficient_disclosure,True,,,False
ibot_b16,iBOT-B16,unitopatho,D1_no_detected_evidence_or_insufficient_disclosure,no exact named-dataset assertion,D1_no_detected_evidence_or_insufficient_disclosure,True,,,False
ibot_b16,iBOT-B16,lc25000,D1_no_detected_evidence_or_insufficient_disclosure,no exact named-dataset assertion,D1_no_detected_evidence_or_insufficient_disclosure,True,,,False
ibot_b16,iBOT-B16,nlst,D1_no_detected_evidence_or_insufficient_disclosure,no exact named-dataset assertion,D1_no_detected_evidence_or_insufficient_disclosure,True,,,False
ibot_b16,iBOT-B16,dhmc_lung,D1_no_detected_evidence_or_insufficient_disclosure,no exact named-dataset assertion,D1_no_detected_evidence_or_insufficient_disclosure,True,,,False
ibot_b16,iBOT-B16,stanford_gbm,D1_no_detected_evidence_or_insufficient_disclosure,no exact named-dataset assertion,D1_no_detected_evidence_or_insufficient_disclosure,True,,,False
ibot_b16,iBOT-B16,stanford_lung,D1_no_detected_evidence_or_insufficient_disclosure,no exact named-dataset assertion,D1_no_detected_evidence_or_insufficient_disclosure,True,,,False
ibot_b16,iBOT-B16,hest,D1_no_detected_evidence_or_insufficient_disclosure,no exact named-dataset assertion,D1_no_detected_evidence_or_insufficient_disclosure,True,,,False
ibot_b16,iBOT-B16,gtex,D1_no_detected_evidence_or_insufficient_disclosure,no exact named-dataset assertion,D1_no_detected_evidence_or_insufficient_disclosure,True,,,False
ibot_b16,iBOT-B16,tcia,D1_no_detected_evidence_or_insufficient_disclosure,no exact named-dataset assertion,D1_no_detected_evidence_or_insufficient_disclosure,True,,,False
ibot_b16,iBOT-B16,paip,D1_no_detected_evidence_or_insufficient_disclosure,no exact named-dataset assertion,D1_no_detected_evidence_or_insufficient_disclosure,True,,,False
ibot_l16,iBOT-L16,tcga,D1_no_detected_evidence_or_insufficient_disclosure,no exact named-dataset assertion,D1_no_detected_evidence_or_insufficient_disclosure,True,,,False
ibot_l16,iBOT-L16,tcga_brca,D1_no_detected_evidence_or_insufficient_disclosure,no exact named-dataset assertion,D1_no_detected_evidence_or_insufficient_disclosure,True,,,False
ibot_l16,iBOT-L16,tcga_luad,D1_no_detected_evidence_or_insufficient_disclosure,no exact named-dataset assertion,D1_no_detected_evidence_or_insufficient_disclosure,True,,,False
ibot_l16,iBOT-L16,tcga_lusc,D1_no_detected_evidence_or_insufficient_disclosure,no exact named-dataset assertion,D1_no_detected_evidence_or_insufficient_disclosure,True,,,False
ibot_l16,iBOT-L16,tcga_coad,D1_no_detected_evidence_or_insufficient_disclosure,no exact named-dataset assertion,D1_no_detected_evidence_or_insufficient_disclosure,True,,,False
ibot_l16,iBOT-L16,tcga_read,D1_no_detected_evidence_or_insufficient_disclosure,no exact named-dataset assertion,D1_no_detected_evidence_or_insufficient_disclosure,True,,,False
ibot_l16,iBOT-L16,cptac,D1_no_detected_evidence_or_insufficient_disclosure,no exact named-dataset assertion,D1_no_detected_evidence_or_insufficient_disclosure,True,,,False
ibot_l16,iBOT-L16,camelyon16,D1_no_detected_evidence_or_insufficient_disclosure,no exact named-dataset assertion,D1_no_detected_evidence_or_insufficient_disclosure,True,,,False
ibot_l16,iBOT-L16,camelyon17,D1_no_detected_evidence_or_insufficient_disclosure,no exact named-dataset assertion,D1_no_detected_evidence_or_insufficient_disclosure,True,,,False
ibot_l16,iBOT-L16,pcam,D1_no_detected_evidence_or_insufficient_disclosure,no exact named-dataset assertion,D1_no_detected_evidence_or_insufficient_disclosure,True,,,False
ibot_l16,iBOT-L16,panda,D1_no_detected_evidence_or_insufficient_disclosure,no exact named-dataset assertion,D1_no_detected_evidence_or_insufficient_disclosure,True,,,False
ibot_l16,iBOT-L16,bach,D1_no_detected_evidence_or_insufficient_disclosure,no exact named-dataset assertion,D1_no_detected_evidence_or_insufficient_disclosure,True,,,False
ibot_l16,iBOT-L16,bracs,D1_no_detected_evidence_or_insufficient_disclosure,no exact named-dataset assertion,D1_no_detected_evidence_or_insufficient_disclosure,True,,,False
ibot_l16,iBOT-L16,breakhis,D1_no_detected_evidence_or_insufficient_disclosure,no exact named-dataset assertion,D1_no_detected_evidence_or_insufficient_disclosure,True,,,False
ibot_l16,iBOT-L16,nct_crc_he_100k,D1_no_detected_evidence_or_insufficient_disclosure,no exact named-dataset assertion,D1_no_detected_evidence_or_insufficient_disclosure,True,,,False
ibot_l16,iBOT-L16,crc_val_he_7k,D1_no_detected_evidence_or_insufficient_disclosure,no exact named-dataset assertion,D1_no_detected_evidence_or_insufficient_disclosure,True,,,False
ibot_l16,iBOT-L16,mhist,D1_no_detected_evidence_or_insufficient_disclosure,no exact named-dataset assertion,D1_no_detected_evidence_or_insufficient_disclosure,True,,,False
ibot_l16,iBOT-L16,sicapv2,D1_no_detected_evidence_or_insufficient_disclosure,no exact named-dataset assertion,D1_no_detected_evidence_or_insufficient_disclosure,True,,,False
ibot_l16,iBOT-L16,unitopatho,D1_no_detected_evidence_or_insufficient_disclosure,no exact named-dataset assertion,D1_no_detected_evidence_or_insufficient_disclosure,True,,,False
ibot_l16,iBOT-L16,lc25000,D1_no_detected_evidence_or_insufficient_disclosure,no exact named-dataset assertion,D1_no_detected_evidence_or_insufficient_disclosure,True,,,False
ibot_l16,iBOT-L16,nlst,D1_no_detected_evidence_or_insufficient_disclosure,no exact named-dataset assertion,D1_no_detected_evidence_or_insufficient_disclosure,True,,,False
ibot_l16,iBOT-L16,dhmc_lung,D1_no_detected_evidence_or_insufficient_disclosure,no exact named-dataset assertion,D1_no_detected_evidence_or_insufficient_disclosure,True,,,False
ibot_l16,iBOT-L16,stanford_gbm,D1_no_detected_evidence_or_insufficient_disclosure,no exact named-dataset assertion,D1_no_detected_evidence_or_insufficient_disclosure,True,,,False
ibot_l16,iBOT-L16,stanford_lung,D1_no_detected_evidence_or_insufficient_disclosure,no exact named-dataset assertion,D1_no_detected_evidence_or_insufficient_disclosure,True,,,False
ibot_l16,iBOT-L16,hest,D1_no_detected_evidence_or_insufficient_disclosure,no exact named-dataset assertion,D1_no_detected_evidence_or_insufficient_disclosure,True,,,False
ibot_l16,iBOT-L16,gtex,D1_no_detected_evidence_or_insufficient_disclosure,no exact named-dataset assertion,D1_no_detected_evidence_or_insufficient_disclosure,True,,,False
ibot_l16,iBOT-L16,tcia,D1_no_detected_evidence_or_insufficient_disclosure,no exact named-dataset assertion,D1_no_detected_evidence_or_insufficient_disclosure,True,,,False
ibot_l16,iBOT-L16,paip,D1_no_detected_evidence_or_insufficient_disclosure,no exact named-dataset assertion,D1_no_detected_evidence_or_insufficient_disclosure,True,,,False
clip_b16,CLIP-B16,tcga,D1_no_detected_evidence_or_insufficient_disclosure,no exact named-dataset assertion,D1_no_detected_evidence_or_insufficient_disclosure,True,,,False
clip_b16,CLIP-B16,tcga_brca,D1_no_detected_evidence_or_insufficient_disclosure,no exact named-dataset assertion,D1_no_detected_evidence_or_insufficient_disclosure,True,,,False
clip_b16,CLIP-B16,tcga_luad,D1_no_detected_evidence_or_insufficient_disclosure,no exact named-dataset assertion,D1_no_detected_evidence_or_insufficient_disclosure,True,,,False
clip_b16,CLIP-B16,tcga_lusc,D1_no_detected_evidence_or_insufficient_disclosure,no exact named-dataset assertion,D1_no_detected_evidence_or_insufficient_disclosure,True,,,False
clip_b16,CLIP-B16,tcga_coad,D1_no_detected_evidence_or_insufficient_disclosure,no exact named-dataset assertion,D1_no_detected_evidence_or_insufficient_disclosure,True,,,False
clip_b16,CLIP-B16,tcga_read,D1_no_detected_evidence_or_insufficient_disclosure,no exact named-dataset assertion,D1_no_detected_evidence_or_insufficient_disclosure,True,,,False
clip_b16,CLIP-B16,cptac,D1_no_detected_evidence_or_insufficient_disclosure,no exact named-dataset assertion,D1_no_detected_evidence_or_insufficient_disclosure,True,,,False
clip_b16,CLIP-B16,camelyon16,D1_no_detected_evidence_or_insufficient_disclosure,no exact named-dataset assertion,D1_no_detected_evidence_or_insufficient_disclosure,True,,,False
clip_b16,CLIP-B16,camelyon17,D1_no_detected_evidence_or_insufficient_disclosure,no exact named-dataset assertion,D1_no_detected_evidence_or_insufficient_disclosure,True,,,False
clip_b16,CLIP-B16,pcam,D1_no_detected_evidence_or_insufficient_disclosure,no exact named-dataset assertion,D1_no_detected_evidence_or_insufficient_disclosure,True,,,False
clip_b16,CLIP-B16,panda,D1_no_detected_evidence_or_insufficient_disclosure,no exact named-dataset assertion,D1_no_detected_evidence_or_insufficient_disclosure,True,,,False
clip_b16,CLIP-B16,bach,D1_no_detected_evidence_or_insufficient_disclosure,no exact named-dataset assertion,D1_no_detected_evidence_or_insufficient_disclosure,True,,,False
clip_b16,CLIP-B16,bracs,D1_no_detected_evidence_or_insufficient_disclosure,no exact named-dataset assertion,D1_no_detected_evidence_or_insufficient_disclosure,True,,,False
clip_b16,CLIP-B16,breakhis,D1_no_detected_evidence_or_insufficient_disclosure,no exact named-dataset assertion,D1_no_detected_evidence_or_insufficient_disclosure,True,,,False
clip_b16,CLIP-B16,nct_crc_he_100k,D1_no_detected_evidence_or_insufficient_disclosure,no exact named-dataset assertion,D1_no_detected_evidence_or_insufficient_disclosure,True,,,False
clip_b16,CLIP-B16,crc_val_he_7k,D1_no_detected_evidence_or_insufficient_disclosure,no exact named-dataset assertion,D1_no_detected_evidence_or_insufficient_disclosure,True,,,False
clip_b16,CLIP-B16,mhist,D1_no_detected_evidence_or_insufficient_disclosure,no exact named-dataset assertion,D1_no_detected_evidence_or_insufficient_disclosure,True,,,False
clip_b16,CLIP-B16,sicapv2,D1_no_detected_evidence_or_insufficient_disclosure,no exact named-dataset assertion,D1_no_detected_evidence_or_insufficient_disclosure,True,,,False
clip_b16,CLIP-B16,unitopatho,D1_no_detected_evidence_or_insufficient_disclosure,no exact named-dataset assertion,D1_no_detected_evidence_or_insufficient_disclosure,True,,,False
clip_b16,CLIP-B16,lc25000,D1_no_detected_evidence_or_insufficient_disclosure,no exact named-dataset assertion,D1_no_detected_evidence_or_insufficient_disclosure,True,,,False
clip_b16,CLIP-B16,nlst,D1_no_detected_evidence_or_insufficient_disclosure,no exact named-dataset assertion,D1_no_detected_evidence_or_insufficient_disclosure,True,,,False
clip_b16,CLIP-B16,dhmc_lung,D1_no_detected_evidence_or_insufficient_disclosure,no exact named-dataset assertion,D1_no_detected_evidence_or_insufficient_disclosure,True,,,False
clip_b16,CLIP-B16,stanford_gbm,D1_no_detected_evidence_or_insufficient_disclosure,no exact named-dataset assertion,D1_no_detected_evidence_or_insufficient_disclosure,True,,,False
clip_b16,CLIP-B16,stanford_lung,D1_no_detected_evidence_or_insufficient_disclosure,no exact named-dataset assertion,D1_no_detected_evidence_or_insufficient_disclosure,True,,,False
clip_b16,CLIP-B16,hest,D1_no_detected_evidence_or_insufficient_disclosure,no exact named-dataset assertion,D1_no_detected_evidence_or_insufficient_disclosure,True,,,False
clip_b16,CLIP-B16,gtex,D1_no_detected_evidence_or_insufficient_disclosure,no exact named-dataset assertion,D1_no_detected_evidence_or_insufficient_disclosure,True,,,False
clip_b16,CLIP-B16,tcia,D1_no_detected_evidence_or_insufficient_disclosure,no exact named-dataset assertion,D1_no_detected_evidence_or_insufficient_disclosure,True,,,False
clip_b16,CLIP-B16,paip,D1_no_detected_evidence_or_insufficient_disclosure,no exact named-dataset assertion,D1_no_detected_evidence_or_insufficient_disclosure,True,,,False
blip_b16_14m,BLIP-B16-14M,tcga,D1_no_detected_evidence_or_insufficient_disclosure,no exact named-dataset assertion,D1_no_detected_evidence_or_insufficient_disclosure,True,,,False
blip_b16_14m,BLIP-B16-14M,tcga_brca,D1_no_detected_evidence_or_insufficient_disclosure,no exact named-dataset assertion,D1_no_detected_evidence_or_insufficient_disclosure,True,,,False
blip_b16_14m,BLIP-B16-14M,tcga_luad,D1_no_detected_evidence_or_insufficient_disclosure,no exact named-dataset assertion,D1_no_detected_evidence_or_insufficient_disclosure,True,,,False
blip_b16_14m,BLIP-B16-14M,tcga_lusc,D1_no_detected_evidence_or_insufficient_disclosure,no exact named-dataset assertion,D1_no_detected_evidence_or_insufficient_disclosure,True,,,False
blip_b16_14m,BLIP-B16-14M,tcga_coad,D1_no_detected_evidence_or_insufficient_disclosure,no exact named-dataset assertion,D1_no_detected_evidence_or_insufficient_disclosure,True,,,False
blip_b16_14m,BLIP-B16-14M,tcga_read,D1_no_detected_evidence_or_insufficient_disclosure,no exact named-dataset assertion,D1_no_detected_evidence_or_insufficient_disclosure,True,,,False
blip_b16_14m,BLIP-B16-14M,cptac,D1_no_detected_evidence_or_insufficient_disclosure,no exact named-dataset assertion,D1_no_detected_evidence_or_insufficient_disclosure,True,,,False
blip_b16_14m,BLIP-B16-14M,camelyon16,D1_no_detected_evidence_or_insufficient_disclosure,no exact named-dataset assertion,D1_no_detected_evidence_or_insufficient_disclosure,True,,,False
blip_b16_14m,BLIP-B16-14M,camelyon17,D1_no_detected_evidence_or_insufficient_disclosure,no exact named-dataset assertion,D1_no_detected_evidence_or_insufficient_disclosure,True,,,False
blip_b16_14m,BLIP-B16-14M,pcam,D1_no_detected_evidence_or_insufficient_disclosure,no exact named-dataset assertion,D1_no_detected_evidence_or_insufficient_disclosure,True,,,False
blip_b16_14m,BLIP-B16-14M,panda,D1_no_detected_evidence_or_insufficient_disclosure,no exact named-dataset assertion,D1_no_detected_evidence_or_insufficient_disclosure,True,,,False
blip_b16_14m,BLIP-B16-14M,bach,D1_no_detected_evidence_or_insufficient_disclosure,no exact named-dataset assertion,D1_no_detected_evidence_or_insufficient_disclosure,True,,,False
blip_b16_14m,BLIP-B16-14M,bracs,D1_no_detected_evidence_or_insufficient_disclosure,no exact named-dataset assertion,D1_no_detected_evidence_or_insufficient_disclosure,True,,,False
blip_b16_14m,BLIP-B16-14M,breakhis,D1_no_detected_evidence_or_insufficient_disclosure,no exact named-dataset assertion,D1_no_detected_evidence_or_insufficient_disclosure,True,,,False
blip_b16_14m,BLIP-B16-14M,nct_crc_he_100k,D1_no_detected_evidence_or_insufficient_disclosure,no exact named-dataset assertion,D1_no_detected_evidence_or_insufficient_disclosure,True,,,False
blip_b16_14m,BLIP-B16-14M,crc_val_he_7k,D1_no_detected_evidence_or_insufficient_disclosure,no exact named-dataset assertion,D1_no_detected_evidence_or_insufficient_disclosure,True,,,False
blip_b16_14m,BLIP-B16-14M,mhist,D1_no_detected_evidence_or_insufficient_disclosure,no exact named-dataset assertion,D1_no_detected_evidence_or_insufficient_disclosure,True,,,False
blip_b16_14m,BLIP-B16-14M,sicapv2,D1_no_detected_evidence_or_insufficient_disclosure,no exact named-dataset assertion,D1_no_detected_evidence_or_insufficient_disclosure,True,,,False
blip_b16_14m,BLIP-B16-14M,unitopatho,D1_no_detected_evidence_or_insufficient_disclosure,no exact named-dataset assertion,D1_no_detected_evidence_or_insufficient_disclosure,True,,,False
blip_b16_14m,BLIP-B16-14M,lc25000,D1_no_detected_evidence_or_insufficient_disclosure,no exact named-dataset assertion,D1_no_detected_evidence_or_insufficient_disclosure,True,,,False
blip_b16_14m,BLIP-B16-14M,nlst,D1_no_detected_evidence_or_insufficient_disclosure,no exact named-dataset assertion,D1_no_detected_evidence_or_insufficient_disclosure,True,,,False
blip_b16_14m,BLIP-B16-14M,dhmc_lung,D1_no_detected_evidence_or_insufficient_disclosure,no exact named-dataset assertion,D1_no_detected_evidence_or_insufficient_disclosure,True,,,False
blip_b16_14m,BLIP-B16-14M,stanford_gbm,D1_no_detected_evidence_or_insufficient_disclosure,no exact named-dataset assertion,D1_no_detected_evidence_or_insufficient_disclosure,True,,,False
blip_b16_14m,BLIP-B16-14M,stanford_lung,D1_no_detected_evidence_or_insufficient_disclosure,no exact named-dataset assertion,D1_no_detected_evidence_or_insufficient_disclosure,True,,,False
blip_b16_14m,BLIP-B16-14M,hest,D1_no_detected_evidence_or_insufficient_disclosure,no exact named-dataset assertion,D1_no_detected_evidence_or_insufficient_disclosure,True,,,False
blip_b16_14m,BLIP-B16-14M,gtex,D1_no_detected_evidence_or_insufficient_disclosure,no exact named-dataset assertion,D1_no_detected_evidence_or_insufficient_disclosure,True,,,False
blip_b16_14m,BLIP-B16-14M,tcia,D1_no_detected_evidence_or_insufficient_disclosure,no exact named-dataset assertion,D1_no_detected_evidence_or_insufficient_disclosure,True,,,False
blip_b16_14m,BLIP-B16-14M,paip,D1_no_detected_evidence_or_insufficient_disclosure,no exact named-dataset assertion,D1_no_detected_evidence_or_insufficient_disclosure,True,,,False
align_base,ALIGN-base,tcga,D1_no_detected_evidence_or_insufficient_disclosure,no exact named-dataset assertion,D1_no_detected_evidence_or_insufficient_disclosure,True,,,False
align_base,ALIGN-base,tcga_brca,D1_no_detected_evidence_or_insufficient_disclosure,no exact named-dataset assertion,D1_no_detected_evidence_or_insufficient_disclosure,True,,,False
align_base,ALIGN-base,tcga_luad,D1_no_detected_evidence_or_insufficient_disclosure,no exact named-dataset assertion,D1_no_detected_evidence_or_insufficient_disclosure,True,,,False
align_base,ALIGN-base,tcga_lusc,D1_no_detected_evidence_or_insufficient_disclosure,no exact named-dataset assertion,D1_no_detected_evidence_or_insufficient_disclosure,True,,,False
align_base,ALIGN-base,tcga_coad,D1_no_detected_evidence_or_insufficient_disclosure,no exact named-dataset assertion,D1_no_detected_evidence_or_insufficient_disclosure,True,,,False
align_base,ALIGN-base,tcga_read,D1_no_detected_evidence_or_insufficient_disclosure,no exact named-dataset assertion,D1_no_detected_evidence_or_insufficient_disclosure,True,,,False
align_base,ALIGN-base,cptac,D1_no_detected_evidence_or_insufficient_disclosure,no exact named-dataset assertion,D1_no_detected_evidence_or_insufficient_disclosure,True,,,False
align_base,ALIGN-base,camelyon16,D1_no_detected_evidence_or_insufficient_disclosure,no exact named-dataset assertion,D1_no_detected_evidence_or_insufficient_disclosure,True,,,False
align_base,ALIGN-base,camelyon17,D1_no_detected_evidence_or_insufficient_disclosure,no exact named-dataset assertion,D1_no_detected_evidence_or_insufficient_disclosure,True,,,False
align_base,ALIGN-base,pcam,D1_no_detected_evidence_or_insufficient_disclosure,no exact named-dataset assertion,D1_no_detected_evidence_or_insufficient_disclosure,True,,,False
align_base,ALIGN-base,panda,D1_no_detected_evidence_or_insufficient_disclosure,no exact named-dataset assertion,D1_no_detected_evidence_or_insufficient_disclosure,True,,,False
align_base,ALIGN-base,bach,D1_no_detected_evidence_or_insufficient_disclosure,no exact named-dataset assertion,D1_no_detected_evidence_or_insufficient_disclosure,True,,,False
align_base,ALIGN-base,bracs,D1_no_detected_evidence_or_insufficient_disclosure,no exact named-dataset assertion,D1_no_detected_evidence_or_insufficient_disclosure,True,,,False
align_base,ALIGN-base,breakhis,D1_no_detected_evidence_or_insufficient_disclosure,no exact named-dataset assertion,D1_no_detected_evidence_or_insufficient_disclosure,True,,,False
align_base,ALIGN-base,nct_crc_he_100k,D1_no_detected_evidence_or_insufficient_disclosure,no exact named-dataset assertion,D1_no_detected_evidence_or_insufficient_disclosure,True,,,False
align_base,ALIGN-base,crc_val_he_7k,D1_no_detected_evidence_or_insufficient_disclosure,no exact named-dataset assertion,D1_no_detected_evidence_or_insufficient_disclosure,True,,,False
align_base,ALIGN-base,mhist,D1_no_detected_evidence_or_insufficient_disclosure,no exact named-dataset assertion,D1_no_detected_evidence_or_insufficient_disclosure,True,,,False
align_base,ALIGN-base,sicapv2,D1_no_detected_evidence_or_insufficient_disclosure,no exact named-dataset assertion,D1_no_detected_evidence_or_insufficient_disclosure,True,,,False
align_base,ALIGN-base,unitopatho,D1_no_detected_evidence_or_insufficient_disclosure,no exact named-dataset assertion,D1_no_detected_evidence_or_insufficient_disclosure,True,,,False
align_base,ALIGN-base,lc25000,D1_no_detected_evidence_or_insufficient_disclosure,no exact named-dataset assertion,D1_no_detected_evidence_or_insufficient_disclosure,True,,,False
align_base,ALIGN-base,nlst,D1_no_detected_evidence_or_insufficient_disclosure,no exact named-dataset assertion,D1_no_detected_evidence_or_insufficient_disclosure,True,,,False
align_base,ALIGN-base,dhmc_lung,D1_no_detected_evidence_or_insufficient_disclosure,no exact named-dataset assertion,D1_no_detected_evidence_or_insufficient_disclosure,True,,,False
align_base,ALIGN-base,stanford_gbm,D1_no_detected_evidence_or_insufficient_disclosure,no exact named-dataset assertion,D1_no_detected_evidence_or_insufficient_disclosure,True,,,False
align_base,ALIGN-base,stanford_lung,D1_no_detected_evidence_or_insufficient_disclosure,no exact named-dataset assertion,D1_no_detected_evidence_or_insufficient_disclosure,True,,,False
align_base,ALIGN-base,hest,D1_no_detected_evidence_or_insufficient_disclosure,no exact named-dataset assertion,D1_no_detected_evidence_or_insufficient_disclosure,True,,,False
align_base,ALIGN-base,gtex,D1_no_detected_evidence_or_insufficient_disclosure,no exact named-dataset assertion,D1_no_detected_evidence_or_insufficient_disclosure,True,,,False
align_base,ALIGN-base,tcia,D1_no_detected_evidence_or_insufficient_disclosure,no exact named-dataset assertion,D1_no_detected_evidence_or_insufficient_disclosure,True,,,False
align_base,ALIGN-base,paip,D1_no_detected_evidence_or_insufficient_disclosure,no exact named-dataset assertion,D1_no_detected_evidence_or_insufficient_disclosure,True,,,False
beit_3_l16,BEiT-3-L16,tcga,D1_no_detected_evidence_or_insufficient_disclosure,no exact named-dataset assertion,D1_no_detected_evidence_or_insufficient_disclosure,True,,,False
beit_3_l16,BEiT-3-L16,tcga_brca,D1_no_detected_evidence_or_insufficient_disclosure,no exact named-dataset assertion,D1_no_detected_evidence_or_insufficient_disclosure,True,,,False
beit_3_l16,BEiT-3-L16,tcga_luad,D1_no_detected_evidence_or_insufficient_disclosure,no exact named-dataset assertion,D1_no_detected_evidence_or_insufficient_disclosure,True,,,False
beit_3_l16,BEiT-3-L16,tcga_lusc,D1_no_detected_evidence_or_insufficient_disclosure,no exact named-dataset assertion,D1_no_detected_evidence_or_insufficient_disclosure,True,,,False
beit_3_l16,BEiT-3-L16,tcga_coad,D1_no_detected_evidence_or_insufficient_disclosure,no exact named-dataset assertion,D1_no_detected_evidence_or_insufficient_disclosure,True,,,False
beit_3_l16,BEiT-3-L16,tcga_read,D1_no_detected_evidence_or_insufficient_disclosure,no exact named-dataset assertion,D1_no_detected_evidence_or_insufficient_disclosure,True,,,False
beit_3_l16,BEiT-3-L16,cptac,D1_no_detected_evidence_or_insufficient_disclosure,no exact named-dataset assertion,D1_no_detected_evidence_or_insufficient_disclosure,True,,,False
beit_3_l16,BEiT-3-L16,camelyon16,D1_no_detected_evidence_or_insufficient_disclosure,no exact named-dataset assertion,D1_no_detected_evidence_or_insufficient_disclosure,True,,,False
beit_3_l16,BEiT-3-L16,camelyon17,D1_no_detected_evidence_or_insufficient_disclosure,no exact named-dataset assertion,D1_no_detected_evidence_or_insufficient_disclosure,True,,,False
beit_3_l16,BEiT-3-L16,pcam,D1_no_detected_evidence_or_insufficient_disclosure,no exact named-dataset assertion,D1_no_detected_evidence_or_insufficient_disclosure,True,,,False
beit_3_l16,BEiT-3-L16,panda,D1_no_detected_evidence_or_insufficient_disclosure,no exact named-dataset assertion,D1_no_detected_evidence_or_insufficient_disclosure,True,,,False
beit_3_l16,BEiT-3-L16,bach,D1_no_detected_evidence_or_insufficient_disclosure,no exact named-dataset assertion,D1_no_detected_evidence_or_insufficient_disclosure,True,,,False
beit_3_l16,BEiT-3-L16,bracs,D1_no_detected_evidence_or_insufficient_disclosure,no exact named-dataset assertion,D1_no_detected_evidence_or_insufficient_disclosure,True,,,False
beit_3_l16,BEiT-3-L16,breakhis,D1_no_detected_evidence_or_insufficient_disclosure,no exact named-dataset assertion,D1_no_detected_evidence_or_insufficient_disclosure,True,,,False
beit_3_l16,BEiT-3-L16,nct_crc_he_100k,D1_no_detected_evidence_or_insufficient_disclosure,no exact named-dataset assertion,D1_no_detected_evidence_or_insufficient_disclosure,True,,,False
beit_3_l16,BEiT-3-L16,crc_val_he_7k,D1_no_detected_evidence_or_insufficient_disclosure,no exact named-dataset assertion,D1_no_detected_evidence_or_insufficient_disclosure,True,,,False
beit_3_l16,BEiT-3-L16,mhist,D1_no_detected_evidence_or_insufficient_disclosure,no exact named-dataset assertion,D1_no_detected_evidence_or_insufficient_disclosure,True,,,False
beit_3_l16,BEiT-3-L16,sicapv2,D1_no_detected_evidence_or_insufficient_disclosure,no exact named-dataset assertion,D1_no_detected_evidence_or_insufficient_disclosure,True,,,False
beit_3_l16,BEiT-3-L16,unitopatho,D1_no_detected_evidence_or_insufficient_disclosure,no exact named-dataset assertion,D1_no_detected_evidence_or_insufficient_disclosure,True,,,False
beit_3_l16,BEiT-3-L16,lc25000,D1_no_detected_evidence_or_insufficient_disclosure,no exact named-dataset assertion,D1_no_detected_evidence_or_insufficient_disclosure,True,,,False
beit_3_l16,BEiT-3-L16,nlst,D1_no_detected_evidence_or_insufficient_disclosure,no exact named-dataset assertion,D1_no_detected_evidence_or_insufficient_disclosure,True,,,False
beit_3_l16,BEiT-3-L16,dhmc_lung,D1_no_detected_evidence_or_insufficient_disclosure,no exact named-dataset assertion,D1_no_detected_evidence_or_insufficient_disclosure,True,,,False
beit_3_l16,BEiT-3-L16,stanford_gbm,D1_no_detected_evidence_or_insufficient_disclosure,no exact named-dataset assertion,D1_no_detected_evidence_or_insufficient_disclosure,True,,,False
beit_3_l16,BEiT-3-L16,stanford_lung,D1_no_detected_evidence_or_insufficient_disclosure,no exact named-dataset assertion,D1_no_detected_evidence_or_insufficient_disclosure,True,,,False
beit_3_l16,BEiT-3-L16,hest,D1_no_detected_evidence_or_insufficient_disclosure,no exact named-dataset assertion,D1_no_detected_evidence_or_insufficient_disclosure,True,,,False
beit_3_l16,BEiT-3-L16,gtex,D1_no_detected_evidence_or_insufficient_disclosure,no exact named-dataset assertion,D1_no_detected_evidence_or_insufficient_disclosure,True,,,False
beit_3_l16,BEiT-3-L16,tcia,D1_no_detected_evidence_or_insufficient_disclosure,no exact named-dataset assertion,D1_no_detected_evidence_or_insufficient_disclosure,True,,,False
beit_3_l16,BEiT-3-L16,paip,D1_no_detected_evidence_or_insufficient_disclosure,no exact named-dataset assertion,D1_no_detected_evidence_or_insufficient_disclosure,True,,,False
