model_id,model_name,evaluation_dataset_id,exposure_scope,evidence_strength,conflict_flag,independence_statement,evidence_assertion_ids,evidence_url,registry_status
ctranspath,cTransPath,tcga,D3_exact_dataset_exposure,B_explicit_primary_source_statement,False,The named evaluation dataset is reported in model development; independence cannot be assumed.,A0001,https://github.com/Xiyue-Wang/TransPath/tree/26c61940312dbb239351eff46fe08c884e9e5c3e,development_release_not_for_independence_certification
ctranspath,cTransPath,tcga_brca,D2_parent_repository_exposure,C_lineage_inference,False,A parent repository is reported in model development; exact slide exposure is unresolved.,A0001,https://github.com/Xiyue-Wang/TransPath/tree/26c61940312dbb239351eff46fe08c884e9e5c3e,development_release_not_for_independence_certification
ctranspath,cTransPath,tcga_luad,D2_parent_repository_exposure,C_lineage_inference,False,A parent repository is reported in model development; exact slide exposure is unresolved.,A0001,https://github.com/Xiyue-Wang/TransPath/tree/26c61940312dbb239351eff46fe08c884e9e5c3e,development_release_not_for_independence_certification
ctranspath,cTransPath,tcga_lusc,D2_parent_repository_exposure,C_lineage_inference,False,A parent repository is reported in model development; exact slide exposure is unresolved.,A0001,https://github.com/Xiyue-Wang/TransPath/tree/26c61940312dbb239351eff46fe08c884e9e5c3e,development_release_not_for_independence_certification
ctranspath,cTransPath,tcga_coad,D2_parent_repository_exposure,C_lineage_inference,False,A parent repository is reported in model development; exact slide exposure is unresolved.,A0001,https://github.com/Xiyue-Wang/TransPath/tree/26c61940312dbb239351eff46fe08c884e9e5c3e,development_release_not_for_independence_certification
ctranspath,cTransPath,tcga_read,D2_parent_repository_exposure,C_lineage_inference,False,A parent repository is reported in model development; exact slide exposure is unresolved.,A0001,https://github.com/Xiyue-Wang/TransPath/tree/26c61940312dbb239351eff46fe08c884e9e5c3e,development_release_not_for_independence_certification
ctranspath,cTransPath,cptac,D1_no_detected_evidence_or_insufficient_disclosure,D_incomplete_or_ambiguous_disclosure,False,No detected evidence; independence cannot be assumed.,,,development_release_not_for_independence_certification
ctranspath,cTransPath,camelyon16,D1_no_detected_evidence_or_insufficient_disclosure,D_incomplete_or_ambiguous_disclosure,False,No detected evidence; independence cannot be assumed.,,,development_release_not_for_independence_certification
ctranspath,cTransPath,camelyon17,D1_no_detected_evidence_or_insufficient_disclosure,D_incomplete_or_ambiguous_disclosure,False,No detected evidence; independence cannot be assumed.,,,development_release_not_for_independence_certification
ctranspath,cTransPath,pcam,D1_no_detected_evidence_or_insufficient_disclosure,D_incomplete_or_ambiguous_disclosure,False,No detected evidence; independence cannot be assumed.,,,development_release_not_for_independence_certification
ctranspath,cTransPath,panda,D1_no_detected_evidence_or_insufficient_disclosure,D_incomplete_or_ambiguous_disclosure,False,No detected evidence; independence cannot be assumed.,,,development_release_not_for_independence_certification
ctranspath,cTransPath,bach,D1_no_detected_evidence_or_insufficient_disclosure,D_incomplete_or_ambiguous_disclosure,False,No detected evidence; independence cannot be assumed.,,,development_release_not_for_independence_certification
ctranspath,cTransPath,bracs,D1_no_detected_evidence_or_insufficient_disclosure,D_incomplete_or_ambiguous_disclosure,False,No detected evidence; independence cannot be assumed.,,,development_release_not_for_independence_certification
ctranspath,cTransPath,breakhis,D1_no_detected_evidence_or_insufficient_disclosure,D_incomplete_or_ambiguous_disclosure,False,No detected evidence; independence cannot be assumed.,,,development_release_not_for_independence_certification
ctranspath,cTransPath,nct_crc_he_100k,D1_no_detected_evidence_or_insufficient_disclosure,D_incomplete_or_ambiguous_disclosure,False,No detected evidence; independence cannot be assumed.,,,development_release_not_for_independence_certification
ctranspath,cTransPath,crc_val_he_7k,D1_no_detected_evidence_or_insufficient_disclosure,D_incomplete_or_ambiguous_disclosure,False,No detected evidence; independence cannot be assumed.,,,development_release_not_for_independence_certification
ctranspath,cTransPath,mhist,D1_no_detected_evidence_or_insufficient_disclosure,D_incomplete_or_ambiguous_disclosure,False,No detected evidence; independence cannot be assumed.,,,development_release_not_for_independence_certification
ctranspath,cTransPath,sicapv2,D1_no_detected_evidence_or_insufficient_disclosure,D_incomplete_or_ambiguous_disclosure,False,No detected evidence; independence cannot be assumed.,,,development_release_not_for_independence_certification
ctranspath,cTransPath,unitopatho,D1_no_detected_evidence_or_insufficient_disclosure,D_incomplete_or_ambiguous_disclosure,False,No detected evidence; independence cannot be assumed.,,,development_release_not_for_independence_certification
ctranspath,cTransPath,hest,D1_no_detected_evidence_or_insufficient_disclosure,D_incomplete_or_ambiguous_disclosure,False,No detected evidence; independence cannot be assumed.,,,development_release_not_for_independence_certification
ctranspath,cTransPath,gtex,D1_no_detected_evidence_or_insufficient_disclosure,D_incomplete_or_ambiguous_disclosure,False,No detected evidence; independence cannot be assumed.,,,development_release_not_for_independence_certification
ctranspath,cTransPath,tcia,D1_no_detected_evidence_or_insufficient_disclosure,D_incomplete_or_ambiguous_disclosure,False,No detected evidence; independence cannot be assumed.,,,development_release_not_for_independence_certification
ctranspath,cTransPath,paip,D3_exact_dataset_exposure,B_explicit_primary_source_statement,False,The named evaluation dataset is reported in model development; independence cannot be assumed.,A0002,https://github.com/Xiyue-Wang/TransPath/tree/26c61940312dbb239351eff46fe08c884e9e5c3e,development_release_not_for_independence_certification
kaiko,Kaiko,tcga,D1_no_detected_evidence_or_insufficient_disclosure,D_incomplete_or_ambiguous_disclosure,False,No detected evidence; independence cannot be assumed.,,,development_release_not_for_independence_certification
kaiko,Kaiko,tcga_brca,D1_no_detected_evidence_or_insufficient_disclosure,D_incomplete_or_ambiguous_disclosure,False,No detected evidence; independence cannot be assumed.,,,development_release_not_for_independence_certification
kaiko,Kaiko,tcga_luad,D1_no_detected_evidence_or_insufficient_disclosure,D_incomplete_or_ambiguous_disclosure,False,No detected evidence; independence cannot be assumed.,,,development_release_not_for_independence_certification
kaiko,Kaiko,tcga_lusc,D1_no_detected_evidence_or_insufficient_disclosure,D_incomplete_or_ambiguous_disclosure,False,No detected evidence; independence cannot be assumed.,,,development_release_not_for_independence_certification
kaiko,Kaiko,tcga_coad,D1_no_detected_evidence_or_insufficient_disclosure,D_incomplete_or_ambiguous_disclosure,False,No detected evidence; independence cannot be assumed.,,,development_release_not_for_independence_certification
kaiko,Kaiko,tcga_read,D1_no_detected_evidence_or_insufficient_disclosure,D_incomplete_or_ambiguous_disclosure,False,No detected evidence; independence cannot be assumed.,,,development_release_not_for_independence_certification
kaiko,Kaiko,cptac,D1_no_detected_evidence_or_insufficient_disclosure,D_incomplete_or_ambiguous_disclosure,False,No detected evidence; independence cannot be assumed.,,,development_release_not_for_independence_certification
kaiko,Kaiko,camelyon16,D1_no_detected_evidence_or_insufficient_disclosure,D_incomplete_or_ambiguous_disclosure,False,No detected evidence; independence cannot be assumed.,,,development_release_not_for_independence_certification
kaiko,Kaiko,camelyon17,D1_no_detected_evidence_or_insufficient_disclosure,D_incomplete_or_ambiguous_disclosure,False,No detected evidence; independence cannot be assumed.,,,development_release_not_for_independence_certification
kaiko,Kaiko,pcam,D1_no_detected_evidence_or_insufficient_disclosure,D_incomplete_or_ambiguous_disclosure,False,No detected evidence; independence cannot be assumed.,,,development_release_not_for_independence_certification
kaiko,Kaiko,panda,D1_no_detected_evidence_or_insufficient_disclosure,D_incomplete_or_ambiguous_disclosure,False,No detected evidence; independence cannot be assumed.,,,development_release_not_for_independence_certification
kaiko,Kaiko,bach,D1_no_detected_evidence_or_insufficient_disclosure,D_incomplete_or_ambiguous_disclosure,False,No detected evidence; independence cannot be assumed.,,,development_release_not_for_independence_certification
kaiko,Kaiko,bracs,D1_no_detected_evidence_or_insufficient_disclosure,D_incomplete_or_ambiguous_disclosure,False,No detected evidence; independence cannot be assumed.,,,development_release_not_for_independence_certification
kaiko,Kaiko,breakhis,D1_no_detected_evidence_or_insufficient_disclosure,D_incomplete_or_ambiguous_disclosure,False,No detected evidence; independence cannot be assumed.,,,development_release_not_for_independence_certification
kaiko,Kaiko,nct_crc_he_100k,D1_no_detected_evidence_or_insufficient_disclosure,D_incomplete_or_ambiguous_disclosure,False,No detected evidence; independence cannot be assumed.,,,development_release_not_for_independence_certification
kaiko,Kaiko,crc_val_he_7k,D1_no_detected_evidence_or_insufficient_disclosure,D_incomplete_or_ambiguous_disclosure,False,No detected evidence; independence cannot be assumed.,,,development_release_not_for_independence_certification
kaiko,Kaiko,mhist,D1_no_detected_evidence_or_insufficient_disclosure,D_incomplete_or_ambiguous_disclosure,False,No detected evidence; independence cannot be assumed.,,,development_release_not_for_independence_certification
kaiko,Kaiko,sicapv2,D1_no_detected_evidence_or_insufficient_disclosure,D_incomplete_or_ambiguous_disclosure,False,No detected evidence; independence cannot be assumed.,,,development_release_not_for_independence_certification
kaiko,Kaiko,unitopatho,D1_no_detected_evidence_or_insufficient_disclosure,D_incomplete_or_ambiguous_disclosure,False,No detected evidence; independence cannot be assumed.,,,development_release_not_for_independence_certification
kaiko,Kaiko,hest,D1_no_detected_evidence_or_insufficient_disclosure,D_incomplete_or_ambiguous_disclosure,False,No detected evidence; independence cannot be assumed.,,,development_release_not_for_independence_certification
kaiko,Kaiko,gtex,D1_no_detected_evidence_or_insufficient_disclosure,D_incomplete_or_ambiguous_disclosure,False,No detected evidence; independence cannot be assumed.,,,development_release_not_for_independence_certification
kaiko,Kaiko,tcia,D1_no_detected_evidence_or_insufficient_disclosure,D_incomplete_or_ambiguous_disclosure,False,No detected evidence; independence cannot be assumed.,,,development_release_not_for_independence_certification
kaiko,Kaiko,paip,D1_no_detected_evidence_or_insufficient_disclosure,D_incomplete_or_ambiguous_disclosure,False,No detected evidence; independence cannot be assumed.,,,development_release_not_for_independence_certification
hipt,HIPT,tcga,D1_no_detected_evidence_or_insufficient_disclosure,D_incomplete_or_ambiguous_disclosure,False,No detected evidence; independence cannot be assumed.,,,development_release_not_for_independence_certification
hipt,HIPT,tcga_brca,D1_no_detected_evidence_or_insufficient_disclosure,D_incomplete_or_ambiguous_disclosure,False,No detected evidence; independence cannot be assumed.,,,development_release_not_for_independence_certification
hipt,HIPT,tcga_luad,D1_no_detected_evidence_or_insufficient_disclosure,D_incomplete_or_ambiguous_disclosure,False,No detected evidence; independence cannot be assumed.,,,development_release_not_for_independence_certification
hipt,HIPT,tcga_lusc,D1_no_detected_evidence_or_insufficient_disclosure,D_incomplete_or_ambiguous_disclosure,False,No detected evidence; independence cannot be assumed.,,,development_release_not_for_independence_certification
hipt,HIPT,tcga_coad,D1_no_detected_evidence_or_insufficient_disclosure,D_incomplete_or_ambiguous_disclosure,False,No detected evidence; independence cannot be assumed.,,,development_release_not_for_independence_certification
hipt,HIPT,tcga_read,D1_no_detected_evidence_or_insufficient_disclosure,D_incomplete_or_ambiguous_disclosure,False,No detected evidence; independence cannot be assumed.,,,development_release_not_for_independence_certification
hipt,HIPT,cptac,D1_no_detected_evidence_or_insufficient_disclosure,D_incomplete_or_ambiguous_disclosure,False,No detected evidence; independence cannot be assumed.,,,development_release_not_for_independence_certification
hipt,HIPT,camelyon16,D1_no_detected_evidence_or_insufficient_disclosure,D_incomplete_or_ambiguous_disclosure,False,No detected evidence; independence cannot be assumed.,,,development_release_not_for_independence_certification
hipt,HIPT,camelyon17,D1_no_detected_evidence_or_insufficient_disclosure,D_incomplete_or_ambiguous_disclosure,False,No detected evidence; independence cannot be assumed.,,,development_release_not_for_independence_certification
hipt,HIPT,pcam,D1_no_detected_evidence_or_insufficient_disclosure,D_incomplete_or_ambiguous_disclosure,False,No detected evidence; independence cannot be assumed.,,,development_release_not_for_independence_certification
hipt,HIPT,panda,D1_no_detected_evidence_or_insufficient_disclosure,D_incomplete_or_ambiguous_disclosure,False,No detected evidence; independence cannot be assumed.,,,development_release_not_for_independence_certification
hipt,HIPT,bach,D1_no_detected_evidence_or_insufficient_disclosure,D_incomplete_or_ambiguous_disclosure,False,No detected evidence; independence cannot be assumed.,,,development_release_not_for_independence_certification
hipt,HIPT,bracs,D1_no_detected_evidence_or_insufficient_disclosure,D_incomplete_or_ambiguous_disclosure,False,No detected evidence; independence cannot be assumed.,,,development_release_not_for_independence_certification
hipt,HIPT,breakhis,D1_no_detected_evidence_or_insufficient_disclosure,D_incomplete_or_ambiguous_disclosure,False,No detected evidence; independence cannot be assumed.,,,development_release_not_for_independence_certification
hipt,HIPT,nct_crc_he_100k,D1_no_detected_evidence_or_insufficient_disclosure,D_incomplete_or_ambiguous_disclosure,False,No detected evidence; independence cannot be assumed.,,,development_release_not_for_independence_certification
hipt,HIPT,crc_val_he_7k,D1_no_detected_evidence_or_insufficient_disclosure,D_incomplete_or_ambiguous_disclosure,False,No detected evidence; independence cannot be assumed.,,,development_release_not_for_independence_certification
hipt,HIPT,mhist,D1_no_detected_evidence_or_insufficient_disclosure,D_incomplete_or_ambiguous_disclosure,False,No detected evidence; independence cannot be assumed.,,,development_release_not_for_independence_certification
hipt,HIPT,sicapv2,D1_no_detected_evidence_or_insufficient_disclosure,D_incomplete_or_ambiguous_disclosure,False,No detected evidence; independence cannot be assumed.,,,development_release_not_for_independence_certification
hipt,HIPT,unitopatho,D1_no_detected_evidence_or_insufficient_disclosure,D_incomplete_or_ambiguous_disclosure,False,No detected evidence; independence cannot be assumed.,,,development_release_not_for_independence_certification
hipt,HIPT,hest,D1_no_detected_evidence_or_insufficient_disclosure,D_incomplete_or_ambiguous_disclosure,False,No detected evidence; independence cannot be assumed.,,,development_release_not_for_independence_certification
hipt,HIPT,gtex,D1_no_detected_evidence_or_insufficient_disclosure,D_incomplete_or_ambiguous_disclosure,False,No detected evidence; independence cannot be assumed.,,,development_release_not_for_independence_certification
hipt,HIPT,tcia,D1_no_detected_evidence_or_insufficient_disclosure,D_incomplete_or_ambiguous_disclosure,False,No detected evidence; independence cannot be assumed.,,,development_release_not_for_independence_certification
hipt,HIPT,paip,D1_no_detected_evidence_or_insufficient_disclosure,D_incomplete_or_ambiguous_disclosure,False,No detected evidence; independence cannot be assumed.,,,development_release_not_for_independence_certification
virchow,Virchow,tcga,D1_no_detected_evidence_or_insufficient_disclosure,D_incomplete_or_ambiguous_disclosure,False,No detected evidence; independence cannot be assumed.,,,development_release_not_for_independence_certification
virchow,Virchow,tcga_brca,D1_no_detected_evidence_or_insufficient_disclosure,D_incomplete_or_ambiguous_disclosure,False,No detected evidence; independence cannot be assumed.,,,development_release_not_for_independence_certification
virchow,Virchow,tcga_luad,D1_no_detected_evidence_or_insufficient_disclosure,D_incomplete_or_ambiguous_disclosure,False,No detected evidence; independence cannot be assumed.,,,development_release_not_for_independence_certification
virchow,Virchow,tcga_lusc,D1_no_detected_evidence_or_insufficient_disclosure,D_incomplete_or_ambiguous_disclosure,False,No detected evidence; independence cannot be assumed.,,,development_release_not_for_independence_certification
virchow,Virchow,tcga_coad,D1_no_detected_evidence_or_insufficient_disclosure,D_incomplete_or_ambiguous_disclosure,False,No detected evidence; independence cannot be assumed.,,,development_release_not_for_independence_certification
virchow,Virchow,tcga_read,D1_no_detected_evidence_or_insufficient_disclosure,D_incomplete_or_ambiguous_disclosure,False,No detected evidence; independence cannot be assumed.,,,development_release_not_for_independence_certification
virchow,Virchow,cptac,D1_no_detected_evidence_or_insufficient_disclosure,D_incomplete_or_ambiguous_disclosure,False,No detected evidence; independence cannot be assumed.,,,development_release_not_for_independence_certification
virchow,Virchow,camelyon16,D1_no_detected_evidence_or_insufficient_disclosure,D_incomplete_or_ambiguous_disclosure,False,No detected evidence; independence cannot be assumed.,,,development_release_not_for_independence_certification
virchow,Virchow,camelyon17,D1_no_detected_evidence_or_insufficient_disclosure,D_incomplete_or_ambiguous_disclosure,False,No detected evidence; independence cannot be assumed.,,,development_release_not_for_independence_certification
virchow,Virchow,pcam,D1_no_detected_evidence_or_insufficient_disclosure,D_incomplete_or_ambiguous_disclosure,False,No detected evidence; independence cannot be assumed.,,,development_release_not_for_independence_certification
virchow,Virchow,panda,D1_no_detected_evidence_or_insufficient_disclosure,D_incomplete_or_ambiguous_disclosure,False,No detected evidence; independence cannot be assumed.,,,development_release_not_for_independence_certification
virchow,Virchow,bach,D1_no_detected_evidence_or_insufficient_disclosure,D_incomplete_or_ambiguous_disclosure,False,No detected evidence; independence cannot be assumed.,,,development_release_not_for_independence_certification
virchow,Virchow,bracs,D1_no_detected_evidence_or_insufficient_disclosure,D_incomplete_or_ambiguous_disclosure,False,No detected evidence; independence cannot be assumed.,,,development_release_not_for_independence_certification
virchow,Virchow,breakhis,D1_no_detected_evidence_or_insufficient_disclosure,D_incomplete_or_ambiguous_disclosure,False,No detected evidence; independence cannot be assumed.,,,development_release_not_for_independence_certification
virchow,Virchow,nct_crc_he_100k,D1_no_detected_evidence_or_insufficient_disclosure,D_incomplete_or_ambiguous_disclosure,False,No detected evidence; independence cannot be assumed.,,,development_release_not_for_independence_certification
virchow,Virchow,crc_val_he_7k,D1_no_detected_evidence_or_insufficient_disclosure,D_incomplete_or_ambiguous_disclosure,False,No detected evidence; independence cannot be assumed.,,,development_release_not_for_independence_certification
virchow,Virchow,mhist,D1_no_detected_evidence_or_insufficient_disclosure,D_incomplete_or_ambiguous_disclosure,False,No detected evidence; independence cannot be assumed.,,,development_release_not_for_independence_certification
virchow,Virchow,sicapv2,D1_no_detected_evidence_or_insufficient_disclosure,D_incomplete_or_ambiguous_disclosure,False,No detected evidence; independence cannot be assumed.,,,development_release_not_for_independence_certification
virchow,Virchow,unitopatho,D1_no_detected_evidence_or_insufficient_disclosure,D_incomplete_or_ambiguous_disclosure,False,No detected evidence; independence cannot be assumed.,,,development_release_not_for_independence_certification
virchow,Virchow,hest,D1_no_detected_evidence_or_insufficient_disclosure,D_incomplete_or_ambiguous_disclosure,False,No detected evidence; independence cannot be assumed.,,,development_release_not_for_independence_certification
virchow,Virchow,gtex,D1_no_detected_evidence_or_insufficient_disclosure,D_incomplete_or_ambiguous_disclosure,False,No detected evidence; independence cannot be assumed.,,,development_release_not_for_independence_certification
virchow,Virchow,tcia,D1_no_detected_evidence_or_insufficient_disclosure,D_incomplete_or_ambiguous_disclosure,False,No detected evidence; independence cannot be assumed.,,,development_release_not_for_independence_certification
virchow,Virchow,paip,D1_no_detected_evidence_or_insufficient_disclosure,D_incomplete_or_ambiguous_disclosure,False,No detected evidence; independence cannot be assumed.,,,development_release_not_for_independence_certification
lunit_dinosslpath,Lunit / DinoSSLPath,tcga,D1_no_detected_evidence_or_insufficient_disclosure,D_incomplete_or_ambiguous_disclosure,False,No detected evidence; independence cannot be assumed.,,,development_release_not_for_independence_certification
lunit_dinosslpath,Lunit / DinoSSLPath,tcga_brca,D1_no_detected_evidence_or_insufficient_disclosure,D_incomplete_or_ambiguous_disclosure,False,No detected evidence; independence cannot be assumed.,,,development_release_not_for_independence_certification
lunit_dinosslpath,Lunit / DinoSSLPath,tcga_luad,D1_no_detected_evidence_or_insufficient_disclosure,D_incomplete_or_ambiguous_disclosure,False,No detected evidence; independence cannot be assumed.,,,development_release_not_for_independence_certification
lunit_dinosslpath,Lunit / DinoSSLPath,tcga_lusc,D1_no_detected_evidence_or_insufficient_disclosure,D_incomplete_or_ambiguous_disclosure,False,No detected evidence; independence cannot be assumed.,,,development_release_not_for_independence_certification
lunit_dinosslpath,Lunit / DinoSSLPath,tcga_coad,D1_no_detected_evidence_or_insufficient_disclosure,D_incomplete_or_ambiguous_disclosure,False,No detected evidence; independence cannot be assumed.,,,development_release_not_for_independence_certification
lunit_dinosslpath,Lunit / DinoSSLPath,tcga_read,D1_no_detected_evidence_or_insufficient_disclosure,D_incomplete_or_ambiguous_disclosure,False,No detected evidence; independence cannot be assumed.,,,development_release_not_for_independence_certification
lunit_dinosslpath,Lunit / DinoSSLPath,cptac,D1_no_detected_evidence_or_insufficient_disclosure,D_incomplete_or_ambiguous_disclosure,False,No detected evidence; independence cannot be assumed.,,,development_release_not_for_independence_certification
lunit_dinosslpath,Lunit / DinoSSLPath,camelyon16,D1_no_detected_evidence_or_insufficient_disclosure,D_incomplete_or_ambiguous_disclosure,False,No detected evidence; independence cannot be assumed.,,,development_release_not_for_independence_certification
lunit_dinosslpath,Lunit / DinoSSLPath,camelyon17,D1_no_detected_evidence_or_insufficient_disclosure,D_incomplete_or_ambiguous_disclosure,False,No detected evidence; independence cannot be assumed.,,,development_release_not_for_independence_certification
lunit_dinosslpath,Lunit / DinoSSLPath,pcam,D1_no_detected_evidence_or_insufficient_disclosure,D_incomplete_or_ambiguous_disclosure,False,No detected evidence; independence cannot be assumed.,,,development_release_not_for_independence_certification
lunit_dinosslpath,Lunit / DinoSSLPath,panda,D1_no_detected_evidence_or_insufficient_disclosure,D_incomplete_or_ambiguous_disclosure,False,No detected evidence; independence cannot be assumed.,,,development_release_not_for_independence_certification
lunit_dinosslpath,Lunit / DinoSSLPath,bach,D1_no_detected_evidence_or_insufficient_disclosure,D_incomplete_or_ambiguous_disclosure,False,No detected evidence; independence cannot be assumed.,,,development_release_not_for_independence_certification
lunit_dinosslpath,Lunit / DinoSSLPath,bracs,D1_no_detected_evidence_or_insufficient_disclosure,D_incomplete_or_ambiguous_disclosure,False,No detected evidence; independence cannot be assumed.,,,development_release_not_for_independence_certification
lunit_dinosslpath,Lunit / DinoSSLPath,breakhis,D1_no_detected_evidence_or_insufficient_disclosure,D_incomplete_or_ambiguous_disclosure,False,No detected evidence; independence cannot be assumed.,,,development_release_not_for_independence_certification
lunit_dinosslpath,Lunit / DinoSSLPath,nct_crc_he_100k,D1_no_detected_evidence_or_insufficient_disclosure,D_incomplete_or_ambiguous_disclosure,False,No detected evidence; independence cannot be assumed.,,,development_release_not_for_independence_certification
lunit_dinosslpath,Lunit / DinoSSLPath,crc_val_he_7k,D1_no_detected_evidence_or_insufficient_disclosure,D_incomplete_or_ambiguous_disclosure,False,No detected evidence; independence cannot be assumed.,,,development_release_not_for_independence_certification
lunit_dinosslpath,Lunit / DinoSSLPath,mhist,D1_no_detected_evidence_or_insufficient_disclosure,D_incomplete_or_ambiguous_disclosure,False,No detected evidence; independence cannot be assumed.,,,development_release_not_for_independence_certification
lunit_dinosslpath,Lunit / DinoSSLPath,sicapv2,D1_no_detected_evidence_or_insufficient_disclosure,D_incomplete_or_ambiguous_disclosure,False,No detected evidence; independence cannot be assumed.,,,development_release_not_for_independence_certification
lunit_dinosslpath,Lunit / DinoSSLPath,unitopatho,D1_no_detected_evidence_or_insufficient_disclosure,D_incomplete_or_ambiguous_disclosure,False,No detected evidence; independence cannot be assumed.,,,development_release_not_for_independence_certification
lunit_dinosslpath,Lunit / DinoSSLPath,hest,D1_no_detected_evidence_or_insufficient_disclosure,D_incomplete_or_ambiguous_disclosure,False,No detected evidence; independence cannot be assumed.,,,development_release_not_for_independence_certification
lunit_dinosslpath,Lunit / DinoSSLPath,gtex,D1_no_detected_evidence_or_insufficient_disclosure,D_incomplete_or_ambiguous_disclosure,False,No detected evidence; independence cannot be assumed.,,,development_release_not_for_independence_certification
lunit_dinosslpath,Lunit / DinoSSLPath,tcia,D1_no_detected_evidence_or_insufficient_disclosure,D_incomplete_or_ambiguous_disclosure,False,No detected evidence; independence cannot be assumed.,,,development_release_not_for_independence_certification
lunit_dinosslpath,Lunit / DinoSSLPath,paip,D1_no_detected_evidence_or_insufficient_disclosure,D_incomplete_or_ambiguous_disclosure,False,No detected evidence; independence cannot be assumed.,,,development_release_not_for_independence_certification
uni,UNI,tcga,D1_no_detected_evidence_or_insufficient_disclosure,D_incomplete_or_ambiguous_disclosure,False,No detected evidence; independence cannot be assumed.,,,development_release_not_for_independence_certification
uni,UNI,tcga_brca,D1_no_detected_evidence_or_insufficient_disclosure,D_incomplete_or_ambiguous_disclosure,False,No detected evidence; independence cannot be assumed.,,,development_release_not_for_independence_certification
uni,UNI,tcga_luad,D1_no_detected_evidence_or_insufficient_disclosure,D_incomplete_or_ambiguous_disclosure,False,No detected evidence; independence cannot be assumed.,,,development_release_not_for_independence_certification
uni,UNI,tcga_lusc,D1_no_detected_evidence_or_insufficient_disclosure,D_incomplete_or_ambiguous_disclosure,False,No detected evidence; independence cannot be assumed.,,,development_release_not_for_independence_certification
uni,UNI,tcga_coad,D1_no_detected_evidence_or_insufficient_disclosure,D_incomplete_or_ambiguous_disclosure,False,No detected evidence; independence cannot be assumed.,,,development_release_not_for_independence_certification
uni,UNI,tcga_read,D1_no_detected_evidence_or_insufficient_disclosure,D_incomplete_or_ambiguous_disclosure,False,No detected evidence; independence cannot be assumed.,,,development_release_not_for_independence_certification
uni,UNI,cptac,D1_no_detected_evidence_or_insufficient_disclosure,D_incomplete_or_ambiguous_disclosure,False,No detected evidence; independence cannot be assumed.,,,development_release_not_for_independence_certification
uni,UNI,camelyon16,D1_no_detected_evidence_or_insufficient_disclosure,D_incomplete_or_ambiguous_disclosure,False,No detected evidence; independence cannot be assumed.,,,development_release_not_for_independence_certification
uni,UNI,camelyon17,D1_no_detected_evidence_or_insufficient_disclosure,D_incomplete_or_ambiguous_disclosure,False,No detected evidence; independence cannot be assumed.,,,development_release_not_for_independence_certification
uni,UNI,pcam,D1_no_detected_evidence_or_insufficient_disclosure,D_incomplete_or_ambiguous_disclosure,False,No detected evidence; independence cannot be assumed.,,,development_release_not_for_independence_certification
uni,UNI,panda,D1_no_detected_evidence_or_insufficient_disclosure,D_incomplete_or_ambiguous_disclosure,False,No detected evidence; independence cannot be assumed.,,,development_release_not_for_independence_certification
uni,UNI,bach,D1_no_detected_evidence_or_insufficient_disclosure,D_incomplete_or_ambiguous_disclosure,False,No detected evidence; independence cannot be assumed.,,,development_release_not_for_independence_certification
uni,UNI,bracs,D1_no_detected_evidence_or_insufficient_disclosure,D_incomplete_or_ambiguous_disclosure,False,No detected evidence; independence cannot be assumed.,,,development_release_not_for_independence_certification
uni,UNI,breakhis,D1_no_detected_evidence_or_insufficient_disclosure,D_incomplete_or_ambiguous_disclosure,False,No detected evidence; independence cannot be assumed.,,,development_release_not_for_independence_certification
uni,UNI,nct_crc_he_100k,D1_no_detected_evidence_or_insufficient_disclosure,D_incomplete_or_ambiguous_disclosure,False,No detected evidence; independence cannot be assumed.,,,development_release_not_for_independence_certification
uni,UNI,crc_val_he_7k,D1_no_detected_evidence_or_insufficient_disclosure,D_incomplete_or_ambiguous_disclosure,False,No detected evidence; independence cannot be assumed.,,,development_release_not_for_independence_certification
uni,UNI,mhist,D1_no_detected_evidence_or_insufficient_disclosure,D_incomplete_or_ambiguous_disclosure,False,No detected evidence; independence cannot be assumed.,,,development_release_not_for_independence_certification
uni,UNI,sicapv2,D1_no_detected_evidence_or_insufficient_disclosure,D_incomplete_or_ambiguous_disclosure,False,No detected evidence; independence cannot be assumed.,,,development_release_not_for_independence_certification
uni,UNI,unitopatho,D1_no_detected_evidence_or_insufficient_disclosure,D_incomplete_or_ambiguous_disclosure,False,No detected evidence; independence cannot be assumed.,,,development_release_not_for_independence_certification
uni,UNI,hest,D1_no_detected_evidence_or_insufficient_disclosure,D_incomplete_or_ambiguous_disclosure,False,No detected evidence; independence cannot be assumed.,,,development_release_not_for_independence_certification
uni,UNI,gtex,D3_exact_dataset_exposure,B_explicit_primary_source_statement,False,The named evaluation dataset is reported in model development; independence cannot be assumed.,A0009,https://www.nature.com/articles/s41591-024-02857-3,development_release_not_for_independence_certification
uni,UNI,tcia,D1_no_detected_evidence_or_insufficient_disclosure,D_incomplete_or_ambiguous_disclosure,False,No detected evidence; independence cannot be assumed.,,,development_release_not_for_independence_certification
uni,UNI,paip,D1_no_detected_evidence_or_insufficient_disclosure,D_incomplete_or_ambiguous_disclosure,False,No detected evidence; independence cannot be assumed.,,,development_release_not_for_independence_certification
hibou_b,Hibou-B,tcga,D1_no_detected_evidence_or_insufficient_disclosure,D_incomplete_or_ambiguous_disclosure,False,No detected evidence; independence cannot be assumed.,,,development_release_not_for_independence_certification
hibou_b,Hibou-B,tcga_brca,D1_no_detected_evidence_or_insufficient_disclosure,D_incomplete_or_ambiguous_disclosure,False,No detected evidence; independence cannot be assumed.,,,development_release_not_for_independence_certification
hibou_b,Hibou-B,tcga_luad,D1_no_detected_evidence_or_insufficient_disclosure,D_incomplete_or_ambiguous_disclosure,False,No detected evidence; independence cannot be assumed.,,,development_release_not_for_independence_certification
hibou_b,Hibou-B,tcga_lusc,D1_no_detected_evidence_or_insufficient_disclosure,D_incomplete_or_ambiguous_disclosure,False,No detected evidence; independence cannot be assumed.,,,development_release_not_for_independence_certification
hibou_b,Hibou-B,tcga_coad,D1_no_detected_evidence_or_insufficient_disclosure,D_incomplete_or_ambiguous_disclosure,False,No detected evidence; independence cannot be assumed.,,,development_release_not_for_independence_certification
hibou_b,Hibou-B,tcga_read,D1_no_detected_evidence_or_insufficient_disclosure,D_incomplete_or_ambiguous_disclosure,False,No detected evidence; independence cannot be assumed.,,,development_release_not_for_independence_certification
hibou_b,Hibou-B,cptac,D1_no_detected_evidence_or_insufficient_disclosure,D_incomplete_or_ambiguous_disclosure,False,No detected evidence; independence cannot be assumed.,,,development_release_not_for_independence_certification
hibou_b,Hibou-B,camelyon16,D1_no_detected_evidence_or_insufficient_disclosure,D_incomplete_or_ambiguous_disclosure,False,No detected evidence; independence cannot be assumed.,,,development_release_not_for_independence_certification
hibou_b,Hibou-B,camelyon17,D1_no_detected_evidence_or_insufficient_disclosure,D_incomplete_or_ambiguous_disclosure,False,No detected evidence; independence cannot be assumed.,,,development_release_not_for_independence_certification
hibou_b,Hibou-B,pcam,D1_no_detected_evidence_or_insufficient_disclosure,D_incomplete_or_ambiguous_disclosure,False,No detected evidence; independence cannot be assumed.,,,development_release_not_for_independence_certification
hibou_b,Hibou-B,panda,D1_no_detected_evidence_or_insufficient_disclosure,D_incomplete_or_ambiguous_disclosure,False,No detected evidence; independence cannot be assumed.,,,development_release_not_for_independence_certification
hibou_b,Hibou-B,bach,D1_no_detected_evidence_or_insufficient_disclosure,D_incomplete_or_ambiguous_disclosure,False,No detected evidence; independence cannot be assumed.,,,development_release_not_for_independence_certification
hibou_b,Hibou-B,bracs,D1_no_detected_evidence_or_insufficient_disclosure,D_incomplete_or_ambiguous_disclosure,False,No detected evidence; independence cannot be assumed.,,,development_release_not_for_independence_certification
hibou_b,Hibou-B,breakhis,D1_no_detected_evidence_or_insufficient_disclosure,D_incomplete_or_ambiguous_disclosure,False,No detected evidence; independence cannot be assumed.,,,development_release_not_for_independence_certification
hibou_b,Hibou-B,nct_crc_he_100k,D1_no_detected_evidence_or_insufficient_disclosure,D_incomplete_or_ambiguous_disclosure,False,No detected evidence; independence cannot be assumed.,,,development_release_not_for_independence_certification
hibou_b,Hibou-B,crc_val_he_7k,D1_no_detected_evidence_or_insufficient_disclosure,D_incomplete_or_ambiguous_disclosure,False,No detected evidence; independence cannot be assumed.,,,development_release_not_for_independence_certification
hibou_b,Hibou-B,mhist,D1_no_detected_evidence_or_insufficient_disclosure,D_incomplete_or_ambiguous_disclosure,False,No detected evidence; independence cannot be assumed.,,,development_release_not_for_independence_certification
hibou_b,Hibou-B,sicapv2,D1_no_detected_evidence_or_insufficient_disclosure,D_incomplete_or_ambiguous_disclosure,False,No detected evidence; independence cannot be assumed.,,,development_release_not_for_independence_certification
hibou_b,Hibou-B,unitopatho,D1_no_detected_evidence_or_insufficient_disclosure,D_incomplete_or_ambiguous_disclosure,False,No detected evidence; independence cannot be assumed.,,,development_release_not_for_independence_certification
hibou_b,Hibou-B,hest,D1_no_detected_evidence_or_insufficient_disclosure,D_incomplete_or_ambiguous_disclosure,False,No detected evidence; independence cannot be assumed.,,,development_release_not_for_independence_certification
hibou_b,Hibou-B,gtex,D1_no_detected_evidence_or_insufficient_disclosure,D_incomplete_or_ambiguous_disclosure,False,No detected evidence; independence cannot be assumed.,,,development_release_not_for_independence_certification
hibou_b,Hibou-B,tcia,D1_no_detected_evidence_or_insufficient_disclosure,D_incomplete_or_ambiguous_disclosure,False,No detected evidence; independence cannot be assumed.,,,development_release_not_for_independence_certification
hibou_b,Hibou-B,paip,D1_no_detected_evidence_or_insufficient_disclosure,D_incomplete_or_ambiguous_disclosure,False,No detected evidence; independence cannot be assumed.,,,development_release_not_for_independence_certification
phikon,Phikon,tcga,D3_exact_dataset_exposure,B_explicit_primary_source_statement,False,The named evaluation dataset is reported in model development; independence cannot be assumed.,A0003,https://huggingface.co/blog/EazyAl/phikon,development_release_not_for_independence_certification
phikon,Phikon,tcga_brca,D2_parent_repository_exposure,C_lineage_inference,False,A parent repository is reported in model development; exact slide exposure is unresolved.,A0003,https://huggingface.co/blog/EazyAl/phikon,development_release_not_for_independence_certification
phikon,Phikon,tcga_luad,D2_parent_repository_exposure,C_lineage_inference,False,A parent repository is reported in model development; exact slide exposure is unresolved.,A0003,https://huggingface.co/blog/EazyAl/phikon,development_release_not_for_independence_certification
phikon,Phikon,tcga_lusc,D2_parent_repository_exposure,C_lineage_inference,False,A parent repository is reported in model development; exact slide exposure is unresolved.,A0003,https://huggingface.co/blog/EazyAl/phikon,development_release_not_for_independence_certification
phikon,Phikon,tcga_coad,D2_parent_repository_exposure,C_lineage_inference,False,A parent repository is reported in model development; exact slide exposure is unresolved.,A0003,https://huggingface.co/blog/EazyAl/phikon,development_release_not_for_independence_certification
phikon,Phikon,tcga_read,D2_parent_repository_exposure,C_lineage_inference,False,A parent repository is reported in model development; exact slide exposure is unresolved.,A0003,https://huggingface.co/blog/EazyAl/phikon,development_release_not_for_independence_certification
phikon,Phikon,cptac,D1_no_detected_evidence_or_insufficient_disclosure,D_incomplete_or_ambiguous_disclosure,False,No detected evidence; independence cannot be assumed.,,,development_release_not_for_independence_certification
phikon,Phikon,camelyon16,D1_no_detected_evidence_or_insufficient_disclosure,D_incomplete_or_ambiguous_disclosure,False,No detected evidence; independence cannot be assumed.,,,development_release_not_for_independence_certification
phikon,Phikon,camelyon17,D1_no_detected_evidence_or_insufficient_disclosure,D_incomplete_or_ambiguous_disclosure,False,No detected evidence; independence cannot be assumed.,,,development_release_not_for_independence_certification
phikon,Phikon,pcam,D1_no_detected_evidence_or_insufficient_disclosure,D_incomplete_or_ambiguous_disclosure,False,No detected evidence; independence cannot be assumed.,,,development_release_not_for_independence_certification
phikon,Phikon,panda,D1_no_detected_evidence_or_insufficient_disclosure,D_incomplete_or_ambiguous_disclosure,False,No detected evidence; independence cannot be assumed.,,,development_release_not_for_independence_certification
phikon,Phikon,bach,D1_no_detected_evidence_or_insufficient_disclosure,D_incomplete_or_ambiguous_disclosure,False,No detected evidence; independence cannot be assumed.,,,development_release_not_for_independence_certification
phikon,Phikon,bracs,D1_no_detected_evidence_or_insufficient_disclosure,D_incomplete_or_ambiguous_disclosure,False,No detected evidence; independence cannot be assumed.,,,development_release_not_for_independence_certification
phikon,Phikon,breakhis,D1_no_detected_evidence_or_insufficient_disclosure,D_incomplete_or_ambiguous_disclosure,False,No detected evidence; independence cannot be assumed.,,,development_release_not_for_independence_certification
phikon,Phikon,nct_crc_he_100k,D1_no_detected_evidence_or_insufficient_disclosure,D_incomplete_or_ambiguous_disclosure,False,No detected evidence; independence cannot be assumed.,,,development_release_not_for_independence_certification
phikon,Phikon,crc_val_he_7k,D1_no_detected_evidence_or_insufficient_disclosure,D_incomplete_or_ambiguous_disclosure,False,No detected evidence; independence cannot be assumed.,,,development_release_not_for_independence_certification
phikon,Phikon,mhist,D1_no_detected_evidence_or_insufficient_disclosure,D_incomplete_or_ambiguous_disclosure,False,No detected evidence; independence cannot be assumed.,,,development_release_not_for_independence_certification
phikon,Phikon,sicapv2,D1_no_detected_evidence_or_insufficient_disclosure,D_incomplete_or_ambiguous_disclosure,False,No detected evidence; independence cannot be assumed.,,,development_release_not_for_independence_certification
phikon,Phikon,unitopatho,D1_no_detected_evidence_or_insufficient_disclosure,D_incomplete_or_ambiguous_disclosure,False,No detected evidence; independence cannot be assumed.,,,development_release_not_for_independence_certification
phikon,Phikon,hest,D1_no_detected_evidence_or_insufficient_disclosure,D_incomplete_or_ambiguous_disclosure,False,No detected evidence; independence cannot be assumed.,,,development_release_not_for_independence_certification
phikon,Phikon,gtex,D1_no_detected_evidence_or_insufficient_disclosure,D_incomplete_or_ambiguous_disclosure,False,No detected evidence; independence cannot be assumed.,,,development_release_not_for_independence_certification
phikon,Phikon,tcia,D1_no_detected_evidence_or_insufficient_disclosure,D_incomplete_or_ambiguous_disclosure,False,No detected evidence; independence cannot be assumed.,,,development_release_not_for_independence_certification
phikon,Phikon,paip,D1_no_detected_evidence_or_insufficient_disclosure,D_incomplete_or_ambiguous_disclosure,False,No detected evidence; independence cannot be assumed.,,,development_release_not_for_independence_certification
gpfm,GPFM,tcga,D1_no_detected_evidence_or_insufficient_disclosure,D_incomplete_or_ambiguous_disclosure,False,No detected evidence; independence cannot be assumed.,,,development_release_not_for_independence_certification
gpfm,GPFM,tcga_brca,D1_no_detected_evidence_or_insufficient_disclosure,D_incomplete_or_ambiguous_disclosure,False,No detected evidence; independence cannot be assumed.,,,development_release_not_for_independence_certification
gpfm,GPFM,tcga_luad,D1_no_detected_evidence_or_insufficient_disclosure,D_incomplete_or_ambiguous_disclosure,False,No detected evidence; independence cannot be assumed.,,,development_release_not_for_independence_certification
gpfm,GPFM,tcga_lusc,D1_no_detected_evidence_or_insufficient_disclosure,D_incomplete_or_ambiguous_disclosure,False,No detected evidence; independence cannot be assumed.,,,development_release_not_for_independence_certification
gpfm,GPFM,tcga_coad,D1_no_detected_evidence_or_insufficient_disclosure,D_incomplete_or_ambiguous_disclosure,False,No detected evidence; independence cannot be assumed.,,,development_release_not_for_independence_certification
gpfm,GPFM,tcga_read,D1_no_detected_evidence_or_insufficient_disclosure,D_incomplete_or_ambiguous_disclosure,False,No detected evidence; independence cannot be assumed.,,,development_release_not_for_independence_certification
gpfm,GPFM,cptac,D1_no_detected_evidence_or_insufficient_disclosure,D_incomplete_or_ambiguous_disclosure,False,No detected evidence; independence cannot be assumed.,,,development_release_not_for_independence_certification
gpfm,GPFM,camelyon16,D1_no_detected_evidence_or_insufficient_disclosure,D_incomplete_or_ambiguous_disclosure,False,No detected evidence; independence cannot be assumed.,,,development_release_not_for_independence_certification
gpfm,GPFM,camelyon17,D1_no_detected_evidence_or_insufficient_disclosure,D_incomplete_or_ambiguous_disclosure,False,No detected evidence; independence cannot be assumed.,,,development_release_not_for_independence_certification
gpfm,GPFM,pcam,D1_no_detected_evidence_or_insufficient_disclosure,D_incomplete_or_ambiguous_disclosure,False,No detected evidence; independence cannot be assumed.,,,development_release_not_for_independence_certification
gpfm,GPFM,panda,D1_no_detected_evidence_or_insufficient_disclosure,D_incomplete_or_ambiguous_disclosure,False,No detected evidence; independence cannot be assumed.,,,development_release_not_for_independence_certification
gpfm,GPFM,bach,D1_no_detected_evidence_or_insufficient_disclosure,D_incomplete_or_ambiguous_disclosure,False,No detected evidence; independence cannot be assumed.,,,development_release_not_for_independence_certification
gpfm,GPFM,bracs,D1_no_detected_evidence_or_insufficient_disclosure,D_incomplete_or_ambiguous_disclosure,False,No detected evidence; independence cannot be assumed.,,,development_release_not_for_independence_certification
gpfm,GPFM,breakhis,D1_no_detected_evidence_or_insufficient_disclosure,D_incomplete_or_ambiguous_disclosure,False,No detected evidence; independence cannot be assumed.,,,development_release_not_for_independence_certification
gpfm,GPFM,nct_crc_he_100k,D1_no_detected_evidence_or_insufficient_disclosure,D_incomplete_or_ambiguous_disclosure,False,No detected evidence; independence cannot be assumed.,,,development_release_not_for_independence_certification
gpfm,GPFM,crc_val_he_7k,D1_no_detected_evidence_or_insufficient_disclosure,D_incomplete_or_ambiguous_disclosure,False,No detected evidence; independence cannot be assumed.,,,development_release_not_for_independence_certification
gpfm,GPFM,mhist,D1_no_detected_evidence_or_insufficient_disclosure,D_incomplete_or_ambiguous_disclosure,False,No detected evidence; independence cannot be assumed.,,,development_release_not_for_independence_certification
gpfm,GPFM,sicapv2,D1_no_detected_evidence_or_insufficient_disclosure,D_incomplete_or_ambiguous_disclosure,False,No detected evidence; independence cannot be assumed.,,,development_release_not_for_independence_certification
gpfm,GPFM,unitopatho,D1_no_detected_evidence_or_insufficient_disclosure,D_incomplete_or_ambiguous_disclosure,False,No detected evidence; independence cannot be assumed.,,,development_release_not_for_independence_certification
gpfm,GPFM,hest,D1_no_detected_evidence_or_insufficient_disclosure,D_incomplete_or_ambiguous_disclosure,False,No detected evidence; independence cannot be assumed.,,,development_release_not_for_independence_certification
gpfm,GPFM,gtex,D1_no_detected_evidence_or_insufficient_disclosure,D_incomplete_or_ambiguous_disclosure,False,No detected evidence; independence cannot be assumed.,,,development_release_not_for_independence_certification
gpfm,GPFM,tcia,D1_no_detected_evidence_or_insufficient_disclosure,D_incomplete_or_ambiguous_disclosure,False,No detected evidence; independence cannot be assumed.,,,development_release_not_for_independence_certification
gpfm,GPFM,paip,D1_no_detected_evidence_or_insufficient_disclosure,D_incomplete_or_ambiguous_disclosure,False,No detected evidence; independence cannot be assumed.,,,development_release_not_for_independence_certification
h_optimus_0,H-optimus-0,tcga,D1_no_detected_evidence_or_insufficient_disclosure,D_incomplete_or_ambiguous_disclosure,False,No detected evidence; independence cannot be assumed.,,,development_release_not_for_independence_certification
h_optimus_0,H-optimus-0,tcga_brca,D1_no_detected_evidence_or_insufficient_disclosure,D_incomplete_or_ambiguous_disclosure,False,No detected evidence; independence cannot be assumed.,,,development_release_not_for_independence_certification
h_optimus_0,H-optimus-0,tcga_luad,D1_no_detected_evidence_or_insufficient_disclosure,D_incomplete_or_ambiguous_disclosure,False,No detected evidence; independence cannot be assumed.,,,development_release_not_for_independence_certification
h_optimus_0,H-optimus-0,tcga_lusc,D1_no_detected_evidence_or_insufficient_disclosure,D_incomplete_or_ambiguous_disclosure,False,No detected evidence; independence cannot be assumed.,,,development_release_not_for_independence_certification
h_optimus_0,H-optimus-0,tcga_coad,D1_no_detected_evidence_or_insufficient_disclosure,D_incomplete_or_ambiguous_disclosure,False,No detected evidence; independence cannot be assumed.,,,development_release_not_for_independence_certification
h_optimus_0,H-optimus-0,tcga_read,D1_no_detected_evidence_or_insufficient_disclosure,D_incomplete_or_ambiguous_disclosure,False,No detected evidence; independence cannot be assumed.,,,development_release_not_for_independence_certification
h_optimus_0,H-optimus-0,cptac,D1_no_detected_evidence_or_insufficient_disclosure,D_incomplete_or_ambiguous_disclosure,False,No detected evidence; independence cannot be assumed.,,,development_release_not_for_independence_certification
h_optimus_0,H-optimus-0,camelyon16,D1_no_detected_evidence_or_insufficient_disclosure,D_incomplete_or_ambiguous_disclosure,False,No detected evidence; independence cannot be assumed.,,,development_release_not_for_independence_certification
h_optimus_0,H-optimus-0,camelyon17,D1_no_detected_evidence_or_insufficient_disclosure,D_incomplete_or_ambiguous_disclosure,False,No detected evidence; independence cannot be assumed.,,,development_release_not_for_independence_certification
h_optimus_0,H-optimus-0,pcam,D1_no_detected_evidence_or_insufficient_disclosure,D_incomplete_or_ambiguous_disclosure,False,No detected evidence; independence cannot be assumed.,,,development_release_not_for_independence_certification
h_optimus_0,H-optimus-0,panda,D1_no_detected_evidence_or_insufficient_disclosure,D_incomplete_or_ambiguous_disclosure,False,No detected evidence; independence cannot be assumed.,,,development_release_not_for_independence_certification
h_optimus_0,H-optimus-0,bach,D1_no_detected_evidence_or_insufficient_disclosure,D_incomplete_or_ambiguous_disclosure,False,No detected evidence; independence cannot be assumed.,,,development_release_not_for_independence_certification
h_optimus_0,H-optimus-0,bracs,D1_no_detected_evidence_or_insufficient_disclosure,D_incomplete_or_ambiguous_disclosure,False,No detected evidence; independence cannot be assumed.,,,development_release_not_for_independence_certification
h_optimus_0,H-optimus-0,breakhis,D1_no_detected_evidence_or_insufficient_disclosure,D_incomplete_or_ambiguous_disclosure,False,No detected evidence; independence cannot be assumed.,,,development_release_not_for_independence_certification
h_optimus_0,H-optimus-0,nct_crc_he_100k,D1_no_detected_evidence_or_insufficient_disclosure,D_incomplete_or_ambiguous_disclosure,False,No detected evidence; independence cannot be assumed.,,,development_release_not_for_independence_certification
h_optimus_0,H-optimus-0,crc_val_he_7k,D1_no_detected_evidence_or_insufficient_disclosure,D_incomplete_or_ambiguous_disclosure,False,No detected evidence; independence cannot be assumed.,,,development_release_not_for_independence_certification
h_optimus_0,H-optimus-0,mhist,D1_no_detected_evidence_or_insufficient_disclosure,D_incomplete_or_ambiguous_disclosure,False,No detected evidence; independence cannot be assumed.,,,development_release_not_for_independence_certification
h_optimus_0,H-optimus-0,sicapv2,D1_no_detected_evidence_or_insufficient_disclosure,D_incomplete_or_ambiguous_disclosure,False,No detected evidence; independence cannot be assumed.,,,development_release_not_for_independence_certification
h_optimus_0,H-optimus-0,unitopatho,D1_no_detected_evidence_or_insufficient_disclosure,D_incomplete_or_ambiguous_disclosure,False,No detected evidence; independence cannot be assumed.,,,development_release_not_for_independence_certification
h_optimus_0,H-optimus-0,hest,D1_no_detected_evidence_or_insufficient_disclosure,D_incomplete_or_ambiguous_disclosure,False,No detected evidence; independence cannot be assumed.,,,development_release_not_for_independence_certification
h_optimus_0,H-optimus-0,gtex,D1_no_detected_evidence_or_insufficient_disclosure,D_incomplete_or_ambiguous_disclosure,False,No detected evidence; independence cannot be assumed.,,,development_release_not_for_independence_certification
h_optimus_0,H-optimus-0,tcia,D1_no_detected_evidence_or_insufficient_disclosure,D_incomplete_or_ambiguous_disclosure,False,No detected evidence; independence cannot be assumed.,,,development_release_not_for_independence_certification
h_optimus_0,H-optimus-0,paip,D1_no_detected_evidence_or_insufficient_disclosure,D_incomplete_or_ambiguous_disclosure,False,No detected evidence; independence cannot be assumed.,,,development_release_not_for_independence_certification
uni2,UNI2,tcga,D1_no_detected_evidence_or_insufficient_disclosure,D_incomplete_or_ambiguous_disclosure,False,No detected evidence; independence cannot be assumed.,,,development_release_not_for_independence_certification
uni2,UNI2,tcga_brca,D1_no_detected_evidence_or_insufficient_disclosure,D_incomplete_or_ambiguous_disclosure,False,No detected evidence; independence cannot be assumed.,,,development_release_not_for_independence_certification
uni2,UNI2,tcga_luad,D1_no_detected_evidence_or_insufficient_disclosure,D_incomplete_or_ambiguous_disclosure,False,No detected evidence; independence cannot be assumed.,,,development_release_not_for_independence_certification
uni2,UNI2,tcga_lusc,D1_no_detected_evidence_or_insufficient_disclosure,D_incomplete_or_ambiguous_disclosure,False,No detected evidence; independence cannot be assumed.,,,development_release_not_for_independence_certification
uni2,UNI2,tcga_coad,D1_no_detected_evidence_or_insufficient_disclosure,D_incomplete_or_ambiguous_disclosure,False,No detected evidence; independence cannot be assumed.,,,development_release_not_for_independence_certification
uni2,UNI2,tcga_read,D1_no_detected_evidence_or_insufficient_disclosure,D_incomplete_or_ambiguous_disclosure,False,No detected evidence; independence cannot be assumed.,,,development_release_not_for_independence_certification
uni2,UNI2,cptac,D1_no_detected_evidence_or_insufficient_disclosure,D_incomplete_or_ambiguous_disclosure,False,No detected evidence; independence cannot be assumed.,,,development_release_not_for_independence_certification
uni2,UNI2,camelyon16,D1_no_detected_evidence_or_insufficient_disclosure,D_incomplete_or_ambiguous_disclosure,False,No detected evidence; independence cannot be assumed.,,,development_release_not_for_independence_certification
uni2,UNI2,camelyon17,D1_no_detected_evidence_or_insufficient_disclosure,D_incomplete_or_ambiguous_disclosure,False,No detected evidence; independence cannot be assumed.,,,development_release_not_for_independence_certification
uni2,UNI2,pcam,D1_no_detected_evidence_or_insufficient_disclosure,D_incomplete_or_ambiguous_disclosure,False,No detected evidence; independence cannot be assumed.,,,development_release_not_for_independence_certification
uni2,UNI2,panda,D1_no_detected_evidence_or_insufficient_disclosure,D_incomplete_or_ambiguous_disclosure,False,No detected evidence; independence cannot be assumed.,,,development_release_not_for_independence_certification
uni2,UNI2,bach,D1_no_detected_evidence_or_insufficient_disclosure,D_incomplete_or_ambiguous_disclosure,False,No detected evidence; independence cannot be assumed.,,,development_release_not_for_independence_certification
uni2,UNI2,bracs,D1_no_detected_evidence_or_insufficient_disclosure,D_incomplete_or_ambiguous_disclosure,False,No detected evidence; independence cannot be assumed.,,,development_release_not_for_independence_certification
uni2,UNI2,breakhis,D1_no_detected_evidence_or_insufficient_disclosure,D_incomplete_or_ambiguous_disclosure,False,No detected evidence; independence cannot be assumed.,,,development_release_not_for_independence_certification
uni2,UNI2,nct_crc_he_100k,D1_no_detected_evidence_or_insufficient_disclosure,D_incomplete_or_ambiguous_disclosure,False,No detected evidence; independence cannot be assumed.,,,development_release_not_for_independence_certification
uni2,UNI2,crc_val_he_7k,D1_no_detected_evidence_or_insufficient_disclosure,D_incomplete_or_ambiguous_disclosure,False,No detected evidence; independence cannot be assumed.,,,development_release_not_for_independence_certification
uni2,UNI2,mhist,D1_no_detected_evidence_or_insufficient_disclosure,D_incomplete_or_ambiguous_disclosure,False,No detected evidence; independence cannot be assumed.,,,development_release_not_for_independence_certification
uni2,UNI2,sicapv2,D1_no_detected_evidence_or_insufficient_disclosure,D_incomplete_or_ambiguous_disclosure,False,No detected evidence; independence cannot be assumed.,,,development_release_not_for_independence_certification
uni2,UNI2,unitopatho,D1_no_detected_evidence_or_insufficient_disclosure,D_incomplete_or_ambiguous_disclosure,False,No detected evidence; independence cannot be assumed.,,,development_release_not_for_independence_certification
uni2,UNI2,hest,D1_no_detected_evidence_or_insufficient_disclosure,D_incomplete_or_ambiguous_disclosure,False,No detected evidence; independence cannot be assumed.,,,development_release_not_for_independence_certification
uni2,UNI2,gtex,D1_no_detected_evidence_or_insufficient_disclosure,D_incomplete_or_ambiguous_disclosure,False,No detected evidence; independence cannot be assumed.,,,development_release_not_for_independence_certification
uni2,UNI2,tcia,D1_no_detected_evidence_or_insufficient_disclosure,D_incomplete_or_ambiguous_disclosure,False,No detected evidence; independence cannot be assumed.,,,development_release_not_for_independence_certification
uni2,UNI2,paip,D1_no_detected_evidence_or_insufficient_disclosure,D_incomplete_or_ambiguous_disclosure,False,No detected evidence; independence cannot be assumed.,,,development_release_not_for_independence_certification
phikon_v2,Phikon-v2,tcga,D3_exact_dataset_exposure,B_explicit_primary_source_statement,False,The named evaluation dataset is reported in model development; independence cannot be assumed.,A0004,https://huggingface.co/owkin/phikon-v2/blob/2ae989a9c40cffaa27f0a6cb29cc94d1d6f9a5fd/README.md,development_release_not_for_independence_certification
phikon_v2,Phikon-v2,tcga_brca,D2_parent_repository_exposure,C_lineage_inference,False,A parent repository is reported in model development; exact slide exposure is unresolved.,A0004,https://huggingface.co/owkin/phikon-v2/blob/2ae989a9c40cffaa27f0a6cb29cc94d1d6f9a5fd/README.md,development_release_not_for_independence_certification
phikon_v2,Phikon-v2,tcga_luad,D2_parent_repository_exposure,C_lineage_inference,False,A parent repository is reported in model development; exact slide exposure is unresolved.,A0004,https://huggingface.co/owkin/phikon-v2/blob/2ae989a9c40cffaa27f0a6cb29cc94d1d6f9a5fd/README.md,development_release_not_for_independence_certification
phikon_v2,Phikon-v2,tcga_lusc,D2_parent_repository_exposure,C_lineage_inference,False,A parent repository is reported in model development; exact slide exposure is unresolved.,A0004,https://huggingface.co/owkin/phikon-v2/blob/2ae989a9c40cffaa27f0a6cb29cc94d1d6f9a5fd/README.md,development_release_not_for_independence_certification
phikon_v2,Phikon-v2,tcga_coad,D2_parent_repository_exposure,C_lineage_inference,False,A parent repository is reported in model development; exact slide exposure is unresolved.,A0004,https://huggingface.co/owkin/phikon-v2/blob/2ae989a9c40cffaa27f0a6cb29cc94d1d6f9a5fd/README.md,development_release_not_for_independence_certification
phikon_v2,Phikon-v2,tcga_read,D2_parent_repository_exposure,C_lineage_inference,False,A parent repository is reported in model development; exact slide exposure is unresolved.,A0004,https://huggingface.co/owkin/phikon-v2/blob/2ae989a9c40cffaa27f0a6cb29cc94d1d6f9a5fd/README.md,development_release_not_for_independence_certification
phikon_v2,Phikon-v2,cptac,D3_exact_dataset_exposure,B_explicit_primary_source_statement,False,The named evaluation dataset is reported in model development; independence cannot be assumed.,A0005,https://huggingface.co/owkin/phikon-v2/blob/2ae989a9c40cffaa27f0a6cb29cc94d1d6f9a5fd/README.md,development_release_not_for_independence_certification
phikon_v2,Phikon-v2,camelyon16,D1_no_detected_evidence_or_insufficient_disclosure,D_incomplete_or_ambiguous_disclosure,False,No detected evidence; independence cannot be assumed.,,,development_release_not_for_independence_certification
phikon_v2,Phikon-v2,camelyon17,D1_no_detected_evidence_or_insufficient_disclosure,D_incomplete_or_ambiguous_disclosure,False,No detected evidence; independence cannot be assumed.,,,development_release_not_for_independence_certification
phikon_v2,Phikon-v2,pcam,D1_no_detected_evidence_or_insufficient_disclosure,D_incomplete_or_ambiguous_disclosure,False,No detected evidence; independence cannot be assumed.,,,development_release_not_for_independence_certification
phikon_v2,Phikon-v2,panda,D1_no_detected_evidence_or_insufficient_disclosure,D_incomplete_or_ambiguous_disclosure,False,No detected evidence; independence cannot be assumed.,,,development_release_not_for_independence_certification
phikon_v2,Phikon-v2,bach,D1_no_detected_evidence_or_insufficient_disclosure,D_incomplete_or_ambiguous_disclosure,False,No detected evidence; independence cannot be assumed.,,,development_release_not_for_independence_certification
phikon_v2,Phikon-v2,bracs,D1_no_detected_evidence_or_insufficient_disclosure,D_incomplete_or_ambiguous_disclosure,False,No detected evidence; independence cannot be assumed.,,,development_release_not_for_independence_certification
phikon_v2,Phikon-v2,breakhis,D1_no_detected_evidence_or_insufficient_disclosure,D_incomplete_or_ambiguous_disclosure,False,No detected evidence; independence cannot be assumed.,,,development_release_not_for_independence_certification
phikon_v2,Phikon-v2,nct_crc_he_100k,D1_no_detected_evidence_or_insufficient_disclosure,D_incomplete_or_ambiguous_disclosure,False,No detected evidence; independence cannot be assumed.,,,development_release_not_for_independence_certification
phikon_v2,Phikon-v2,crc_val_he_7k,D1_no_detected_evidence_or_insufficient_disclosure,D_incomplete_or_ambiguous_disclosure,False,No detected evidence; independence cannot be assumed.,,,development_release_not_for_independence_certification
phikon_v2,Phikon-v2,mhist,D1_no_detected_evidence_or_insufficient_disclosure,D_incomplete_or_ambiguous_disclosure,False,No detected evidence; independence cannot be assumed.,,,development_release_not_for_independence_certification
phikon_v2,Phikon-v2,sicapv2,D1_no_detected_evidence_or_insufficient_disclosure,D_incomplete_or_ambiguous_disclosure,False,No detected evidence; independence cannot be assumed.,,,development_release_not_for_independence_certification
phikon_v2,Phikon-v2,unitopatho,D1_no_detected_evidence_or_insufficient_disclosure,D_incomplete_or_ambiguous_disclosure,False,No detected evidence; independence cannot be assumed.,,,development_release_not_for_independence_certification
phikon_v2,Phikon-v2,hest,D1_no_detected_evidence_or_insufficient_disclosure,D_incomplete_or_ambiguous_disclosure,False,No detected evidence; independence cannot be assumed.,,,development_release_not_for_independence_certification
phikon_v2,Phikon-v2,gtex,D3_exact_dataset_exposure,B_explicit_primary_source_statement,False,The named evaluation dataset is reported in model development; independence cannot be assumed.,A0006,https://huggingface.co/owkin/phikon-v2/blob/2ae989a9c40cffaa27f0a6cb29cc94d1d6f9a5fd/README.md,development_release_not_for_independence_certification
phikon_v2,Phikon-v2,tcia,D3_exact_dataset_exposure,B_explicit_primary_source_statement,False,The named evaluation dataset is reported in model development; independence cannot be assumed.,A0007,https://huggingface.co/owkin/phikon-v2/blob/2ae989a9c40cffaa27f0a6cb29cc94d1d6f9a5fd/README.md,development_release_not_for_independence_certification
phikon_v2,Phikon-v2,paip,D1_no_detected_evidence_or_insufficient_disclosure,D_incomplete_or_ambiguous_disclosure,False,No detected evidence; independence cannot be assumed.,,,development_release_not_for_independence_certification
virchow2,Virchow2,tcga,D1_no_detected_evidence_or_insufficient_disclosure,D_incomplete_or_ambiguous_disclosure,False,No detected evidence; independence cannot be assumed.,,,development_release_not_for_independence_certification
virchow2,Virchow2,tcga_brca,D1_no_detected_evidence_or_insufficient_disclosure,D_incomplete_or_ambiguous_disclosure,False,No detected evidence; independence cannot be assumed.,,,development_release_not_for_independence_certification
virchow2,Virchow2,tcga_luad,D1_no_detected_evidence_or_insufficient_disclosure,D_incomplete_or_ambiguous_disclosure,False,No detected evidence; independence cannot be assumed.,,,development_release_not_for_independence_certification
virchow2,Virchow2,tcga_lusc,D1_no_detected_evidence_or_insufficient_disclosure,D_incomplete_or_ambiguous_disclosure,False,No detected evidence; independence cannot be assumed.,,,development_release_not_for_independence_certification
virchow2,Virchow2,tcga_coad,D1_no_detected_evidence_or_insufficient_disclosure,D_incomplete_or_ambiguous_disclosure,False,No detected evidence; independence cannot be assumed.,,,development_release_not_for_independence_certification
virchow2,Virchow2,tcga_read,D1_no_detected_evidence_or_insufficient_disclosure,D_incomplete_or_ambiguous_disclosure,False,No detected evidence; independence cannot be assumed.,,,development_release_not_for_independence_certification
virchow2,Virchow2,cptac,D1_no_detected_evidence_or_insufficient_disclosure,D_incomplete_or_ambiguous_disclosure,False,No detected evidence; independence cannot be assumed.,,,development_release_not_for_independence_certification
virchow2,Virchow2,camelyon16,D1_no_detected_evidence_or_insufficient_disclosure,D_incomplete_or_ambiguous_disclosure,False,No detected evidence; independence cannot be assumed.,,,development_release_not_for_independence_certification
virchow2,Virchow2,camelyon17,D1_no_detected_evidence_or_insufficient_disclosure,D_incomplete_or_ambiguous_disclosure,False,No detected evidence; independence cannot be assumed.,,,development_release_not_for_independence_certification
virchow2,Virchow2,pcam,D1_no_detected_evidence_or_insufficient_disclosure,D_incomplete_or_ambiguous_disclosure,False,No detected evidence; independence cannot be assumed.,,,development_release_not_for_independence_certification
virchow2,Virchow2,panda,D1_no_detected_evidence_or_insufficient_disclosure,D_incomplete_or_ambiguous_disclosure,False,No detected evidence; independence cannot be assumed.,,,development_release_not_for_independence_certification
virchow2,Virchow2,bach,D1_no_detected_evidence_or_insufficient_disclosure,D_incomplete_or_ambiguous_disclosure,False,No detected evidence; independence cannot be assumed.,,,development_release_not_for_independence_certification
virchow2,Virchow2,bracs,D1_no_detected_evidence_or_insufficient_disclosure,D_incomplete_or_ambiguous_disclosure,False,No detected evidence; independence cannot be assumed.,,,development_release_not_for_independence_certification
virchow2,Virchow2,breakhis,D1_no_detected_evidence_or_insufficient_disclosure,D_incomplete_or_ambiguous_disclosure,False,No detected evidence; independence cannot be assumed.,,,development_release_not_for_independence_certification
virchow2,Virchow2,nct_crc_he_100k,D1_no_detected_evidence_or_insufficient_disclosure,D_incomplete_or_ambiguous_disclosure,False,No detected evidence; independence cannot be assumed.,,,development_release_not_for_independence_certification
virchow2,Virchow2,crc_val_he_7k,D1_no_detected_evidence_or_insufficient_disclosure,D_incomplete_or_ambiguous_disclosure,False,No detected evidence; independence cannot be assumed.,,,development_release_not_for_independence_certification
virchow2,Virchow2,mhist,D1_no_detected_evidence_or_insufficient_disclosure,D_incomplete_or_ambiguous_disclosure,False,No detected evidence; independence cannot be assumed.,,,development_release_not_for_independence_certification
virchow2,Virchow2,sicapv2,D1_no_detected_evidence_or_insufficient_disclosure,D_incomplete_or_ambiguous_disclosure,False,No detected evidence; independence cannot be assumed.,,,development_release_not_for_independence_certification
virchow2,Virchow2,unitopatho,D1_no_detected_evidence_or_insufficient_disclosure,D_incomplete_or_ambiguous_disclosure,False,No detected evidence; independence cannot be assumed.,,,development_release_not_for_independence_certification
virchow2,Virchow2,hest,D1_no_detected_evidence_or_insufficient_disclosure,D_incomplete_or_ambiguous_disclosure,False,No detected evidence; independence cannot be assumed.,,,development_release_not_for_independence_certification
virchow2,Virchow2,gtex,D1_no_detected_evidence_or_insufficient_disclosure,D_incomplete_or_ambiguous_disclosure,False,No detected evidence; independence cannot be assumed.,,,development_release_not_for_independence_certification
virchow2,Virchow2,tcia,D1_no_detected_evidence_or_insufficient_disclosure,D_incomplete_or_ambiguous_disclosure,False,No detected evidence; independence cannot be assumed.,,,development_release_not_for_independence_certification
virchow2,Virchow2,paip,D1_no_detected_evidence_or_insufficient_disclosure,D_incomplete_or_ambiguous_disclosure,False,No detected evidence; independence cannot be assumed.,,,development_release_not_for_independence_certification
prov_gigapath,Prov-GigaPath,tcga,D1_no_detected_evidence_or_insufficient_disclosure,D_incomplete_or_ambiguous_disclosure,False,No detected evidence; independence cannot be assumed.,,,development_release_not_for_independence_certification
prov_gigapath,Prov-GigaPath,tcga_brca,D1_no_detected_evidence_or_insufficient_disclosure,D_incomplete_or_ambiguous_disclosure,False,No detected evidence; independence cannot be assumed.,,,development_release_not_for_independence_certification
prov_gigapath,Prov-GigaPath,tcga_luad,D1_no_detected_evidence_or_insufficient_disclosure,D_incomplete_or_ambiguous_disclosure,False,No detected evidence; independence cannot be assumed.,,,development_release_not_for_independence_certification
prov_gigapath,Prov-GigaPath,tcga_lusc,D1_no_detected_evidence_or_insufficient_disclosure,D_incomplete_or_ambiguous_disclosure,False,No detected evidence; independence cannot be assumed.,,,development_release_not_for_independence_certification
prov_gigapath,Prov-GigaPath,tcga_coad,D1_no_detected_evidence_or_insufficient_disclosure,D_incomplete_or_ambiguous_disclosure,False,No detected evidence; independence cannot be assumed.,,,development_release_not_for_independence_certification
prov_gigapath,Prov-GigaPath,tcga_read,D1_no_detected_evidence_or_insufficient_disclosure,D_incomplete_or_ambiguous_disclosure,False,No detected evidence; independence cannot be assumed.,,,development_release_not_for_independence_certification
prov_gigapath,Prov-GigaPath,cptac,D1_no_detected_evidence_or_insufficient_disclosure,D_incomplete_or_ambiguous_disclosure,False,No detected evidence; independence cannot be assumed.,,,development_release_not_for_independence_certification
prov_gigapath,Prov-GigaPath,camelyon16,D1_no_detected_evidence_or_insufficient_disclosure,D_incomplete_or_ambiguous_disclosure,False,No detected evidence; independence cannot be assumed.,,,development_release_not_for_independence_certification
prov_gigapath,Prov-GigaPath,camelyon17,D1_no_detected_evidence_or_insufficient_disclosure,D_incomplete_or_ambiguous_disclosure,False,No detected evidence; independence cannot be assumed.,,,development_release_not_for_independence_certification
prov_gigapath,Prov-GigaPath,pcam,D1_no_detected_evidence_or_insufficient_disclosure,D_incomplete_or_ambiguous_disclosure,False,No detected evidence; independence cannot be assumed.,,,development_release_not_for_independence_certification
prov_gigapath,Prov-GigaPath,panda,D1_no_detected_evidence_or_insufficient_disclosure,D_incomplete_or_ambiguous_disclosure,False,No detected evidence; independence cannot be assumed.,,,development_release_not_for_independence_certification
prov_gigapath,Prov-GigaPath,bach,D1_no_detected_evidence_or_insufficient_disclosure,D_incomplete_or_ambiguous_disclosure,False,No detected evidence; independence cannot be assumed.,,,development_release_not_for_independence_certification
prov_gigapath,Prov-GigaPath,bracs,D1_no_detected_evidence_or_insufficient_disclosure,D_incomplete_or_ambiguous_disclosure,False,No detected evidence; independence cannot be assumed.,,,development_release_not_for_independence_certification
prov_gigapath,Prov-GigaPath,breakhis,D1_no_detected_evidence_or_insufficient_disclosure,D_incomplete_or_ambiguous_disclosure,False,No detected evidence; independence cannot be assumed.,,,development_release_not_for_independence_certification
prov_gigapath,Prov-GigaPath,nct_crc_he_100k,D1_no_detected_evidence_or_insufficient_disclosure,D_incomplete_or_ambiguous_disclosure,False,No detected evidence; independence cannot be assumed.,,,development_release_not_for_independence_certification
prov_gigapath,Prov-GigaPath,crc_val_he_7k,D1_no_detected_evidence_or_insufficient_disclosure,D_incomplete_or_ambiguous_disclosure,False,No detected evidence; independence cannot be assumed.,,,development_release_not_for_independence_certification
prov_gigapath,Prov-GigaPath,mhist,D1_no_detected_evidence_or_insufficient_disclosure,D_incomplete_or_ambiguous_disclosure,False,No detected evidence; independence cannot be assumed.,,,development_release_not_for_independence_certification
prov_gigapath,Prov-GigaPath,sicapv2,D1_no_detected_evidence_or_insufficient_disclosure,D_incomplete_or_ambiguous_disclosure,False,No detected evidence; independence cannot be assumed.,,,development_release_not_for_independence_certification
prov_gigapath,Prov-GigaPath,unitopatho,D1_no_detected_evidence_or_insufficient_disclosure,D_incomplete_or_ambiguous_disclosure,False,No detected evidence; independence cannot be assumed.,,,development_release_not_for_independence_certification
prov_gigapath,Prov-GigaPath,hest,D1_no_detected_evidence_or_insufficient_disclosure,D_incomplete_or_ambiguous_disclosure,False,No detected evidence; independence cannot be assumed.,,,development_release_not_for_independence_certification
prov_gigapath,Prov-GigaPath,gtex,D1_no_detected_evidence_or_insufficient_disclosure,D_incomplete_or_ambiguous_disclosure,False,No detected evidence; independence cannot be assumed.,,,development_release_not_for_independence_certification
prov_gigapath,Prov-GigaPath,tcia,D1_no_detected_evidence_or_insufficient_disclosure,D_incomplete_or_ambiguous_disclosure,False,No detected evidence; independence cannot be assumed.,,,development_release_not_for_independence_certification
prov_gigapath,Prov-GigaPath,paip,D1_no_detected_evidence_or_insufficient_disclosure,D_incomplete_or_ambiguous_disclosure,False,No detected evidence; independence cannot be assumed.,,,development_release_not_for_independence_certification
h_optimus_mini_h0_mini,H-optimus-mini / H0-mini,tcga,D1_no_detected_evidence_or_insufficient_disclosure,D_incomplete_or_ambiguous_disclosure,False,No detected evidence; independence cannot be assumed.,,,development_release_not_for_independence_certification
h_optimus_mini_h0_mini,H-optimus-mini / H0-mini,tcga_brca,D1_no_detected_evidence_or_insufficient_disclosure,D_incomplete_or_ambiguous_disclosure,False,No detected evidence; independence cannot be assumed.,,,development_release_not_for_independence_certification
h_optimus_mini_h0_mini,H-optimus-mini / H0-mini,tcga_luad,D1_no_detected_evidence_or_insufficient_disclosure,D_incomplete_or_ambiguous_disclosure,False,No detected evidence; independence cannot be assumed.,,,development_release_not_for_independence_certification
h_optimus_mini_h0_mini,H-optimus-mini / H0-mini,tcga_lusc,D1_no_detected_evidence_or_insufficient_disclosure,D_incomplete_or_ambiguous_disclosure,False,No detected evidence; independence cannot be assumed.,,,development_release_not_for_independence_certification
h_optimus_mini_h0_mini,H-optimus-mini / H0-mini,tcga_coad,D1_no_detected_evidence_or_insufficient_disclosure,D_incomplete_or_ambiguous_disclosure,False,No detected evidence; independence cannot be assumed.,,,development_release_not_for_independence_certification
h_optimus_mini_h0_mini,H-optimus-mini / H0-mini,tcga_read,D1_no_detected_evidence_or_insufficient_disclosure,D_incomplete_or_ambiguous_disclosure,False,No detected evidence; independence cannot be assumed.,,,development_release_not_for_independence_certification
h_optimus_mini_h0_mini,H-optimus-mini / H0-mini,cptac,D1_no_detected_evidence_or_insufficient_disclosure,D_incomplete_or_ambiguous_disclosure,False,No detected evidence; independence cannot be assumed.,,,development_release_not_for_independence_certification
h_optimus_mini_h0_mini,H-optimus-mini / H0-mini,camelyon16,D1_no_detected_evidence_or_insufficient_disclosure,D_incomplete_or_ambiguous_disclosure,False,No detected evidence; independence cannot be assumed.,,,development_release_not_for_independence_certification
h_optimus_mini_h0_mini,H-optimus-mini / H0-mini,camelyon17,D1_no_detected_evidence_or_insufficient_disclosure,D_incomplete_or_ambiguous_disclosure,False,No detected evidence; independence cannot be assumed.,,,development_release_not_for_independence_certification
h_optimus_mini_h0_mini,H-optimus-mini / H0-mini,pcam,D1_no_detected_evidence_or_insufficient_disclosure,D_incomplete_or_ambiguous_disclosure,False,No detected evidence; independence cannot be assumed.,,,development_release_not_for_independence_certification
h_optimus_mini_h0_mini,H-optimus-mini / H0-mini,panda,D1_no_detected_evidence_or_insufficient_disclosure,D_incomplete_or_ambiguous_disclosure,False,No detected evidence; independence cannot be assumed.,,,development_release_not_for_independence_certification
h_optimus_mini_h0_mini,H-optimus-mini / H0-mini,bach,D1_no_detected_evidence_or_insufficient_disclosure,D_incomplete_or_ambiguous_disclosure,False,No detected evidence; independence cannot be assumed.,,,development_release_not_for_independence_certification
h_optimus_mini_h0_mini,H-optimus-mini / H0-mini,bracs,D1_no_detected_evidence_or_insufficient_disclosure,D_incomplete_or_ambiguous_disclosure,False,No detected evidence; independence cannot be assumed.,,,development_release_not_for_independence_certification
h_optimus_mini_h0_mini,H-optimus-mini / H0-mini,breakhis,D1_no_detected_evidence_or_insufficient_disclosure,D_incomplete_or_ambiguous_disclosure,False,No detected evidence; independence cannot be assumed.,,,development_release_not_for_independence_certification
h_optimus_mini_h0_mini,H-optimus-mini / H0-mini,nct_crc_he_100k,D1_no_detected_evidence_or_insufficient_disclosure,D_incomplete_or_ambiguous_disclosure,False,No detected evidence; independence cannot be assumed.,,,development_release_not_for_independence_certification
h_optimus_mini_h0_mini,H-optimus-mini / H0-mini,crc_val_he_7k,D1_no_detected_evidence_or_insufficient_disclosure,D_incomplete_or_ambiguous_disclosure,False,No detected evidence; independence cannot be assumed.,,,development_release_not_for_independence_certification
h_optimus_mini_h0_mini,H-optimus-mini / H0-mini,mhist,D1_no_detected_evidence_or_insufficient_disclosure,D_incomplete_or_ambiguous_disclosure,False,No detected evidence; independence cannot be assumed.,,,development_release_not_for_independence_certification
h_optimus_mini_h0_mini,H-optimus-mini / H0-mini,sicapv2,D1_no_detected_evidence_or_insufficient_disclosure,D_incomplete_or_ambiguous_disclosure,False,No detected evidence; independence cannot be assumed.,,,development_release_not_for_independence_certification
h_optimus_mini_h0_mini,H-optimus-mini / H0-mini,unitopatho,D1_no_detected_evidence_or_insufficient_disclosure,D_incomplete_or_ambiguous_disclosure,False,No detected evidence; independence cannot be assumed.,,,development_release_not_for_independence_certification
h_optimus_mini_h0_mini,H-optimus-mini / H0-mini,hest,D1_no_detected_evidence_or_insufficient_disclosure,D_incomplete_or_ambiguous_disclosure,False,No detected evidence; independence cannot be assumed.,,,development_release_not_for_independence_certification
h_optimus_mini_h0_mini,H-optimus-mini / H0-mini,gtex,D1_no_detected_evidence_or_insufficient_disclosure,D_incomplete_or_ambiguous_disclosure,False,No detected evidence; independence cannot be assumed.,,,development_release_not_for_independence_certification
h_optimus_mini_h0_mini,H-optimus-mini / H0-mini,tcia,D1_no_detected_evidence_or_insufficient_disclosure,D_incomplete_or_ambiguous_disclosure,False,No detected evidence; independence cannot be assumed.,,,development_release_not_for_independence_certification
h_optimus_mini_h0_mini,H-optimus-mini / H0-mini,paip,D1_no_detected_evidence_or_insufficient_disclosure,D_incomplete_or_ambiguous_disclosure,False,No detected evidence; independence cannot be assumed.,,,development_release_not_for_independence_certification
exaonepath,EXAONEPath,tcga,D1_no_detected_evidence_or_insufficient_disclosure,D_incomplete_or_ambiguous_disclosure,False,No detected evidence; independence cannot be assumed.,,,development_release_not_for_independence_certification
exaonepath,EXAONEPath,tcga_brca,D1_no_detected_evidence_or_insufficient_disclosure,D_incomplete_or_ambiguous_disclosure,False,No detected evidence; independence cannot be assumed.,,,development_release_not_for_independence_certification
exaonepath,EXAONEPath,tcga_luad,D1_no_detected_evidence_or_insufficient_disclosure,D_incomplete_or_ambiguous_disclosure,False,No detected evidence; independence cannot be assumed.,,,development_release_not_for_independence_certification
exaonepath,EXAONEPath,tcga_lusc,D1_no_detected_evidence_or_insufficient_disclosure,D_incomplete_or_ambiguous_disclosure,False,No detected evidence; independence cannot be assumed.,,,development_release_not_for_independence_certification
exaonepath,EXAONEPath,tcga_coad,D1_no_detected_evidence_or_insufficient_disclosure,D_incomplete_or_ambiguous_disclosure,False,No detected evidence; independence cannot be assumed.,,,development_release_not_for_independence_certification
exaonepath,EXAONEPath,tcga_read,D1_no_detected_evidence_or_insufficient_disclosure,D_incomplete_or_ambiguous_disclosure,False,No detected evidence; independence cannot be assumed.,,,development_release_not_for_independence_certification
exaonepath,EXAONEPath,cptac,D1_no_detected_evidence_or_insufficient_disclosure,D_incomplete_or_ambiguous_disclosure,False,No detected evidence; independence cannot be assumed.,,,development_release_not_for_independence_certification
exaonepath,EXAONEPath,camelyon16,D1_no_detected_evidence_or_insufficient_disclosure,D_incomplete_or_ambiguous_disclosure,False,No detected evidence; independence cannot be assumed.,,,development_release_not_for_independence_certification
exaonepath,EXAONEPath,camelyon17,D1_no_detected_evidence_or_insufficient_disclosure,D_incomplete_or_ambiguous_disclosure,False,No detected evidence; independence cannot be assumed.,,,development_release_not_for_independence_certification
exaonepath,EXAONEPath,pcam,D1_no_detected_evidence_or_insufficient_disclosure,D_incomplete_or_ambiguous_disclosure,False,No detected evidence; independence cannot be assumed.,,,development_release_not_for_independence_certification
exaonepath,EXAONEPath,panda,D1_no_detected_evidence_or_insufficient_disclosure,D_incomplete_or_ambiguous_disclosure,False,No detected evidence; independence cannot be assumed.,,,development_release_not_for_independence_certification
exaonepath,EXAONEPath,bach,D1_no_detected_evidence_or_insufficient_disclosure,D_incomplete_or_ambiguous_disclosure,False,No detected evidence; independence cannot be assumed.,,,development_release_not_for_independence_certification
exaonepath,EXAONEPath,bracs,D1_no_detected_evidence_or_insufficient_disclosure,D_incomplete_or_ambiguous_disclosure,False,No detected evidence; independence cannot be assumed.,,,development_release_not_for_independence_certification
exaonepath,EXAONEPath,breakhis,D1_no_detected_evidence_or_insufficient_disclosure,D_incomplete_or_ambiguous_disclosure,False,No detected evidence; independence cannot be assumed.,,,development_release_not_for_independence_certification
exaonepath,EXAONEPath,nct_crc_he_100k,D1_no_detected_evidence_or_insufficient_disclosure,D_incomplete_or_ambiguous_disclosure,False,No detected evidence; independence cannot be assumed.,,,development_release_not_for_independence_certification
exaonepath,EXAONEPath,crc_val_he_7k,D1_no_detected_evidence_or_insufficient_disclosure,D_incomplete_or_ambiguous_disclosure,False,No detected evidence; independence cannot be assumed.,,,development_release_not_for_independence_certification
exaonepath,EXAONEPath,mhist,D1_no_detected_evidence_or_insufficient_disclosure,D_incomplete_or_ambiguous_disclosure,False,No detected evidence; independence cannot be assumed.,,,development_release_not_for_independence_certification
exaonepath,EXAONEPath,sicapv2,D1_no_detected_evidence_or_insufficient_disclosure,D_incomplete_or_ambiguous_disclosure,False,No detected evidence; independence cannot be assumed.,,,development_release_not_for_independence_certification
exaonepath,EXAONEPath,unitopatho,D1_no_detected_evidence_or_insufficient_disclosure,D_incomplete_or_ambiguous_disclosure,False,No detected evidence; independence cannot be assumed.,,,development_release_not_for_independence_certification
exaonepath,EXAONEPath,hest,D1_no_detected_evidence_or_insufficient_disclosure,D_incomplete_or_ambiguous_disclosure,False,No detected evidence; independence cannot be assumed.,,,development_release_not_for_independence_certification
exaonepath,EXAONEPath,gtex,D1_no_detected_evidence_or_insufficient_disclosure,D_incomplete_or_ambiguous_disclosure,False,No detected evidence; independence cannot be assumed.,,,development_release_not_for_independence_certification
exaonepath,EXAONEPath,tcia,D1_no_detected_evidence_or_insufficient_disclosure,D_incomplete_or_ambiguous_disclosure,False,No detected evidence; independence cannot be assumed.,,,development_release_not_for_independence_certification
exaonepath,EXAONEPath,paip,D1_no_detected_evidence_or_insufficient_disclosure,D_incomplete_or_ambiguous_disclosure,False,No detected evidence; independence cannot be assumed.,,,development_release_not_for_independence_certification
plip,PLIP,tcga,D1_no_detected_evidence_or_insufficient_disclosure,D_incomplete_or_ambiguous_disclosure,False,No detected evidence; independence cannot be assumed.,,,development_release_not_for_independence_certification
plip,PLIP,tcga_brca,D1_no_detected_evidence_or_insufficient_disclosure,D_incomplete_or_ambiguous_disclosure,False,No detected evidence; independence cannot be assumed.,,,development_release_not_for_independence_certification
plip,PLIP,tcga_luad,D1_no_detected_evidence_or_insufficient_disclosure,D_incomplete_or_ambiguous_disclosure,False,No detected evidence; independence cannot be assumed.,,,development_release_not_for_independence_certification
plip,PLIP,tcga_lusc,D1_no_detected_evidence_or_insufficient_disclosure,D_incomplete_or_ambiguous_disclosure,False,No detected evidence; independence cannot be assumed.,,,development_release_not_for_independence_certification
plip,PLIP,tcga_coad,D1_no_detected_evidence_or_insufficient_disclosure,D_incomplete_or_ambiguous_disclosure,False,No detected evidence; independence cannot be assumed.,,,development_release_not_for_independence_certification
plip,PLIP,tcga_read,D1_no_detected_evidence_or_insufficient_disclosure,D_incomplete_or_ambiguous_disclosure,False,No detected evidence; independence cannot be assumed.,,,development_release_not_for_independence_certification
plip,PLIP,cptac,D1_no_detected_evidence_or_insufficient_disclosure,D_incomplete_or_ambiguous_disclosure,False,No detected evidence; independence cannot be assumed.,,,development_release_not_for_independence_certification
plip,PLIP,camelyon16,D1_no_detected_evidence_or_insufficient_disclosure,D_incomplete_or_ambiguous_disclosure,False,No detected evidence; independence cannot be assumed.,,,development_release_not_for_independence_certification
plip,PLIP,camelyon17,D1_no_detected_evidence_or_insufficient_disclosure,D_incomplete_or_ambiguous_disclosure,False,No detected evidence; independence cannot be assumed.,,,development_release_not_for_independence_certification
plip,PLIP,pcam,D1_no_detected_evidence_or_insufficient_disclosure,D_incomplete_or_ambiguous_disclosure,False,No detected evidence; independence cannot be assumed.,,,development_release_not_for_independence_certification
plip,PLIP,panda,D1_no_detected_evidence_or_insufficient_disclosure,D_incomplete_or_ambiguous_disclosure,False,No detected evidence; independence cannot be assumed.,,,development_release_not_for_independence_certification
plip,PLIP,bach,D1_no_detected_evidence_or_insufficient_disclosure,D_incomplete_or_ambiguous_disclosure,False,No detected evidence; independence cannot be assumed.,,,development_release_not_for_independence_certification
plip,PLIP,bracs,D1_no_detected_evidence_or_insufficient_disclosure,D_incomplete_or_ambiguous_disclosure,False,No detected evidence; independence cannot be assumed.,,,development_release_not_for_independence_certification
plip,PLIP,breakhis,D1_no_detected_evidence_or_insufficient_disclosure,D_incomplete_or_ambiguous_disclosure,False,No detected evidence; independence cannot be assumed.,,,development_release_not_for_independence_certification
plip,PLIP,nct_crc_he_100k,D1_no_detected_evidence_or_insufficient_disclosure,D_incomplete_or_ambiguous_disclosure,False,No detected evidence; independence cannot be assumed.,,,development_release_not_for_independence_certification
plip,PLIP,crc_val_he_7k,D1_no_detected_evidence_or_insufficient_disclosure,D_incomplete_or_ambiguous_disclosure,False,No detected evidence; independence cannot be assumed.,,,development_release_not_for_independence_certification
plip,PLIP,mhist,D1_no_detected_evidence_or_insufficient_disclosure,D_incomplete_or_ambiguous_disclosure,False,No detected evidence; independence cannot be assumed.,,,development_release_not_for_independence_certification
plip,PLIP,sicapv2,D1_no_detected_evidence_or_insufficient_disclosure,D_incomplete_or_ambiguous_disclosure,False,No detected evidence; independence cannot be assumed.,,,development_release_not_for_independence_certification
plip,PLIP,unitopatho,D1_no_detected_evidence_or_insufficient_disclosure,D_incomplete_or_ambiguous_disclosure,False,No detected evidence; independence cannot be assumed.,,,development_release_not_for_independence_certification
plip,PLIP,hest,D1_no_detected_evidence_or_insufficient_disclosure,D_incomplete_or_ambiguous_disclosure,False,No detected evidence; independence cannot be assumed.,,,development_release_not_for_independence_certification
plip,PLIP,gtex,D1_no_detected_evidence_or_insufficient_disclosure,D_incomplete_or_ambiguous_disclosure,False,No detected evidence; independence cannot be assumed.,,,development_release_not_for_independence_certification
plip,PLIP,tcia,D1_no_detected_evidence_or_insufficient_disclosure,D_incomplete_or_ambiguous_disclosure,False,No detected evidence; independence cannot be assumed.,,,development_release_not_for_independence_certification
plip,PLIP,paip,D1_no_detected_evidence_or_insufficient_disclosure,D_incomplete_or_ambiguous_disclosure,False,No detected evidence; independence cannot be assumed.,,,development_release_not_for_independence_certification
quiltnet_b16,QuiltNet-B16,tcga,D1_no_detected_evidence_or_insufficient_disclosure,D_incomplete_or_ambiguous_disclosure,False,No detected evidence; independence cannot be assumed.,,,development_release_not_for_independence_certification
quiltnet_b16,QuiltNet-B16,tcga_brca,D1_no_detected_evidence_or_insufficient_disclosure,D_incomplete_or_ambiguous_disclosure,False,No detected evidence; independence cannot be assumed.,,,development_release_not_for_independence_certification
quiltnet_b16,QuiltNet-B16,tcga_luad,D1_no_detected_evidence_or_insufficient_disclosure,D_incomplete_or_ambiguous_disclosure,False,No detected evidence; independence cannot be assumed.,,,development_release_not_for_independence_certification
quiltnet_b16,QuiltNet-B16,tcga_lusc,D1_no_detected_evidence_or_insufficient_disclosure,D_incomplete_or_ambiguous_disclosure,False,No detected evidence; independence cannot be assumed.,,,development_release_not_for_independence_certification
quiltnet_b16,QuiltNet-B16,tcga_coad,D1_no_detected_evidence_or_insufficient_disclosure,D_incomplete_or_ambiguous_disclosure,False,No detected evidence; independence cannot be assumed.,,,development_release_not_for_independence_certification
quiltnet_b16,QuiltNet-B16,tcga_read,D1_no_detected_evidence_or_insufficient_disclosure,D_incomplete_or_ambiguous_disclosure,False,No detected evidence; independence cannot be assumed.,,,development_release_not_for_independence_certification
quiltnet_b16,QuiltNet-B16,cptac,D1_no_detected_evidence_or_insufficient_disclosure,D_incomplete_or_ambiguous_disclosure,False,No detected evidence; independence cannot be assumed.,,,development_release_not_for_independence_certification
quiltnet_b16,QuiltNet-B16,camelyon16,D1_no_detected_evidence_or_insufficient_disclosure,D_incomplete_or_ambiguous_disclosure,False,No detected evidence; independence cannot be assumed.,,,development_release_not_for_independence_certification
quiltnet_b16,QuiltNet-B16,camelyon17,D1_no_detected_evidence_or_insufficient_disclosure,D_incomplete_or_ambiguous_disclosure,False,No detected evidence; independence cannot be assumed.,,,development_release_not_for_independence_certification
quiltnet_b16,QuiltNet-B16,pcam,D1_no_detected_evidence_or_insufficient_disclosure,D_incomplete_or_ambiguous_disclosure,False,No detected evidence; independence cannot be assumed.,,,development_release_not_for_independence_certification
quiltnet_b16,QuiltNet-B16,panda,D1_no_detected_evidence_or_insufficient_disclosure,D_incomplete_or_ambiguous_disclosure,False,No detected evidence; independence cannot be assumed.,,,development_release_not_for_independence_certification
quiltnet_b16,QuiltNet-B16,bach,D1_no_detected_evidence_or_insufficient_disclosure,D_incomplete_or_ambiguous_disclosure,False,No detected evidence; independence cannot be assumed.,,,development_release_not_for_independence_certification
quiltnet_b16,QuiltNet-B16,bracs,D1_no_detected_evidence_or_insufficient_disclosure,D_incomplete_or_ambiguous_disclosure,False,No detected evidence; independence cannot be assumed.,,,development_release_not_for_independence_certification
quiltnet_b16,QuiltNet-B16,breakhis,D1_no_detected_evidence_or_insufficient_disclosure,D_incomplete_or_ambiguous_disclosure,False,No detected evidence; independence cannot be assumed.,,,development_release_not_for_independence_certification
quiltnet_b16,QuiltNet-B16,nct_crc_he_100k,D1_no_detected_evidence_or_insufficient_disclosure,D_incomplete_or_ambiguous_disclosure,False,No detected evidence; independence cannot be assumed.,,,development_release_not_for_independence_certification
quiltnet_b16,QuiltNet-B16,crc_val_he_7k,D1_no_detected_evidence_or_insufficient_disclosure,D_incomplete_or_ambiguous_disclosure,False,No detected evidence; independence cannot be assumed.,,,development_release_not_for_independence_certification
quiltnet_b16,QuiltNet-B16,mhist,D1_no_detected_evidence_or_insufficient_disclosure,D_incomplete_or_ambiguous_disclosure,False,No detected evidence; independence cannot be assumed.,,,development_release_not_for_independence_certification
quiltnet_b16,QuiltNet-B16,sicapv2,D1_no_detected_evidence_or_insufficient_disclosure,D_incomplete_or_ambiguous_disclosure,False,No detected evidence; independence cannot be assumed.,,,development_release_not_for_independence_certification
quiltnet_b16,QuiltNet-B16,unitopatho,D1_no_detected_evidence_or_insufficient_disclosure,D_incomplete_or_ambiguous_disclosure,False,No detected evidence; independence cannot be assumed.,,,development_release_not_for_independence_certification
quiltnet_b16,QuiltNet-B16,hest,D1_no_detected_evidence_or_insufficient_disclosure,D_incomplete_or_ambiguous_disclosure,False,No detected evidence; independence cannot be assumed.,,,development_release_not_for_independence_certification
quiltnet_b16,QuiltNet-B16,gtex,D1_no_detected_evidence_or_insufficient_disclosure,D_incomplete_or_ambiguous_disclosure,False,No detected evidence; independence cannot be assumed.,,,development_release_not_for_independence_certification
quiltnet_b16,QuiltNet-B16,tcia,D1_no_detected_evidence_or_insufficient_disclosure,D_incomplete_or_ambiguous_disclosure,False,No detected evidence; independence cannot be assumed.,,,development_release_not_for_independence_certification
quiltnet_b16,QuiltNet-B16,paip,D1_no_detected_evidence_or_insufficient_disclosure,D_incomplete_or_ambiguous_disclosure,False,No detected evidence; independence cannot be assumed.,,,development_release_not_for_independence_certification
biomedclip,BiomedCLIP,tcga,D1_no_detected_evidence_or_insufficient_disclosure,D_incomplete_or_ambiguous_disclosure,False,No detected evidence; independence cannot be assumed.,,,development_release_not_for_independence_certification
biomedclip,BiomedCLIP,tcga_brca,D1_no_detected_evidence_or_insufficient_disclosure,D_incomplete_or_ambiguous_disclosure,False,No detected evidence; independence cannot be assumed.,,,development_release_not_for_independence_certification
biomedclip,BiomedCLIP,tcga_luad,D1_no_detected_evidence_or_insufficient_disclosure,D_incomplete_or_ambiguous_disclosure,False,No detected evidence; independence cannot be assumed.,,,development_release_not_for_independence_certification
biomedclip,BiomedCLIP,tcga_lusc,D1_no_detected_evidence_or_insufficient_disclosure,D_incomplete_or_ambiguous_disclosure,False,No detected evidence; independence cannot be assumed.,,,development_release_not_for_independence_certification
biomedclip,BiomedCLIP,tcga_coad,D1_no_detected_evidence_or_insufficient_disclosure,D_incomplete_or_ambiguous_disclosure,False,No detected evidence; independence cannot be assumed.,,,development_release_not_for_independence_certification
biomedclip,BiomedCLIP,tcga_read,D1_no_detected_evidence_or_insufficient_disclosure,D_incomplete_or_ambiguous_disclosure,False,No detected evidence; independence cannot be assumed.,,,development_release_not_for_independence_certification
biomedclip,BiomedCLIP,cptac,D1_no_detected_evidence_or_insufficient_disclosure,D_incomplete_or_ambiguous_disclosure,False,No detected evidence; independence cannot be assumed.,,,development_release_not_for_independence_certification
biomedclip,BiomedCLIP,camelyon16,D1_no_detected_evidence_or_insufficient_disclosure,D_incomplete_or_ambiguous_disclosure,False,No detected evidence; independence cannot be assumed.,,,development_release_not_for_independence_certification
biomedclip,BiomedCLIP,camelyon17,D1_no_detected_evidence_or_insufficient_disclosure,D_incomplete_or_ambiguous_disclosure,False,No detected evidence; independence cannot be assumed.,,,development_release_not_for_independence_certification
biomedclip,BiomedCLIP,pcam,D1_no_detected_evidence_or_insufficient_disclosure,D_incomplete_or_ambiguous_disclosure,False,No detected evidence; independence cannot be assumed.,,,development_release_not_for_independence_certification
biomedclip,BiomedCLIP,panda,D1_no_detected_evidence_or_insufficient_disclosure,D_incomplete_or_ambiguous_disclosure,False,No detected evidence; independence cannot be assumed.,,,development_release_not_for_independence_certification
biomedclip,BiomedCLIP,bach,D1_no_detected_evidence_or_insufficient_disclosure,D_incomplete_or_ambiguous_disclosure,False,No detected evidence; independence cannot be assumed.,,,development_release_not_for_independence_certification
biomedclip,BiomedCLIP,bracs,D1_no_detected_evidence_or_insufficient_disclosure,D_incomplete_or_ambiguous_disclosure,False,No detected evidence; independence cannot be assumed.,,,development_release_not_for_independence_certification
biomedclip,BiomedCLIP,breakhis,D1_no_detected_evidence_or_insufficient_disclosure,D_incomplete_or_ambiguous_disclosure,False,No detected evidence; independence cannot be assumed.,,,development_release_not_for_independence_certification
biomedclip,BiomedCLIP,nct_crc_he_100k,D1_no_detected_evidence_or_insufficient_disclosure,D_incomplete_or_ambiguous_disclosure,False,No detected evidence; independence cannot be assumed.,,,development_release_not_for_independence_certification
biomedclip,BiomedCLIP,crc_val_he_7k,D1_no_detected_evidence_or_insufficient_disclosure,D_incomplete_or_ambiguous_disclosure,False,No detected evidence; independence cannot be assumed.,,,development_release_not_for_independence_certification
biomedclip,BiomedCLIP,mhist,D1_no_detected_evidence_or_insufficient_disclosure,D_incomplete_or_ambiguous_disclosure,False,No detected evidence; independence cannot be assumed.,,,development_release_not_for_independence_certification
biomedclip,BiomedCLIP,sicapv2,D1_no_detected_evidence_or_insufficient_disclosure,D_incomplete_or_ambiguous_disclosure,False,No detected evidence; independence cannot be assumed.,,,development_release_not_for_independence_certification
biomedclip,BiomedCLIP,unitopatho,D1_no_detected_evidence_or_insufficient_disclosure,D_incomplete_or_ambiguous_disclosure,False,No detected evidence; independence cannot be assumed.,,,development_release_not_for_independence_certification
biomedclip,BiomedCLIP,hest,D1_no_detected_evidence_or_insufficient_disclosure,D_incomplete_or_ambiguous_disclosure,False,No detected evidence; independence cannot be assumed.,,,development_release_not_for_independence_certification
biomedclip,BiomedCLIP,gtex,D1_no_detected_evidence_or_insufficient_disclosure,D_incomplete_or_ambiguous_disclosure,False,No detected evidence; independence cannot be assumed.,,,development_release_not_for_independence_certification
biomedclip,BiomedCLIP,tcia,D1_no_detected_evidence_or_insufficient_disclosure,D_incomplete_or_ambiguous_disclosure,False,No detected evidence; independence cannot be assumed.,,,development_release_not_for_independence_certification
biomedclip,BiomedCLIP,paip,D1_no_detected_evidence_or_insufficient_disclosure,D_incomplete_or_ambiguous_disclosure,False,No detected evidence; independence cannot be assumed.,,,development_release_not_for_independence_certification
mi_zero_pubmedbert,MI-Zero PubMedBERT,tcga,D1_no_detected_evidence_or_insufficient_disclosure,D_incomplete_or_ambiguous_disclosure,False,No detected evidence; independence cannot be assumed.,,,development_release_not_for_independence_certification
mi_zero_pubmedbert,MI-Zero PubMedBERT,tcga_brca,D1_no_detected_evidence_or_insufficient_disclosure,D_incomplete_or_ambiguous_disclosure,False,No detected evidence; independence cannot be assumed.,,,development_release_not_for_independence_certification
mi_zero_pubmedbert,MI-Zero PubMedBERT,tcga_luad,D1_no_detected_evidence_or_insufficient_disclosure,D_incomplete_or_ambiguous_disclosure,False,No detected evidence; independence cannot be assumed.,,,development_release_not_for_independence_certification
mi_zero_pubmedbert,MI-Zero PubMedBERT,tcga_lusc,D1_no_detected_evidence_or_insufficient_disclosure,D_incomplete_or_ambiguous_disclosure,False,No detected evidence; independence cannot be assumed.,,,development_release_not_for_independence_certification
mi_zero_pubmedbert,MI-Zero PubMedBERT,tcga_coad,D1_no_detected_evidence_or_insufficient_disclosure,D_incomplete_or_ambiguous_disclosure,False,No detected evidence; independence cannot be assumed.,,,development_release_not_for_independence_certification
mi_zero_pubmedbert,MI-Zero PubMedBERT,tcga_read,D1_no_detected_evidence_or_insufficient_disclosure,D_incomplete_or_ambiguous_disclosure,False,No detected evidence; independence cannot be assumed.,,,development_release_not_for_independence_certification
mi_zero_pubmedbert,MI-Zero PubMedBERT,cptac,D1_no_detected_evidence_or_insufficient_disclosure,D_incomplete_or_ambiguous_disclosure,False,No detected evidence; independence cannot be assumed.,,,development_release_not_for_independence_certification
mi_zero_pubmedbert,MI-Zero PubMedBERT,camelyon16,D1_no_detected_evidence_or_insufficient_disclosure,D_incomplete_or_ambiguous_disclosure,False,No detected evidence; independence cannot be assumed.,,,development_release_not_for_independence_certification
mi_zero_pubmedbert,MI-Zero PubMedBERT,camelyon17,D1_no_detected_evidence_or_insufficient_disclosure,D_incomplete_or_ambiguous_disclosure,False,No detected evidence; independence cannot be assumed.,,,development_release_not_for_independence_certification
mi_zero_pubmedbert,MI-Zero PubMedBERT,pcam,D1_no_detected_evidence_or_insufficient_disclosure,D_incomplete_or_ambiguous_disclosure,False,No detected evidence; independence cannot be assumed.,,,development_release_not_for_independence_certification
mi_zero_pubmedbert,MI-Zero PubMedBERT,panda,D1_no_detected_evidence_or_insufficient_disclosure,D_incomplete_or_ambiguous_disclosure,False,No detected evidence; independence cannot be assumed.,,,development_release_not_for_independence_certification
mi_zero_pubmedbert,MI-Zero PubMedBERT,bach,D1_no_detected_evidence_or_insufficient_disclosure,D_incomplete_or_ambiguous_disclosure,False,No detected evidence; independence cannot be assumed.,,,development_release_not_for_independence_certification
mi_zero_pubmedbert,MI-Zero PubMedBERT,bracs,D1_no_detected_evidence_or_insufficient_disclosure,D_incomplete_or_ambiguous_disclosure,False,No detected evidence; independence cannot be assumed.,,,development_release_not_for_independence_certification
mi_zero_pubmedbert,MI-Zero PubMedBERT,breakhis,D1_no_detected_evidence_or_insufficient_disclosure,D_incomplete_or_ambiguous_disclosure,False,No detected evidence; independence cannot be assumed.,,,development_release_not_for_independence_certification
mi_zero_pubmedbert,MI-Zero PubMedBERT,nct_crc_he_100k,D1_no_detected_evidence_or_insufficient_disclosure,D_incomplete_or_ambiguous_disclosure,False,No detected evidence; independence cannot be assumed.,,,development_release_not_for_independence_certification
mi_zero_pubmedbert,MI-Zero PubMedBERT,crc_val_he_7k,D1_no_detected_evidence_or_insufficient_disclosure,D_incomplete_or_ambiguous_disclosure,False,No detected evidence; independence cannot be assumed.,,,development_release_not_for_independence_certification
mi_zero_pubmedbert,MI-Zero PubMedBERT,mhist,D1_no_detected_evidence_or_insufficient_disclosure,D_incomplete_or_ambiguous_disclosure,False,No detected evidence; independence cannot be assumed.,,,development_release_not_for_independence_certification
mi_zero_pubmedbert,MI-Zero PubMedBERT,sicapv2,D1_no_detected_evidence_or_insufficient_disclosure,D_incomplete_or_ambiguous_disclosure,False,No detected evidence; independence cannot be assumed.,,,development_release_not_for_independence_certification
mi_zero_pubmedbert,MI-Zero PubMedBERT,unitopatho,D1_no_detected_evidence_or_insufficient_disclosure,D_incomplete_or_ambiguous_disclosure,False,No detected evidence; independence cannot be assumed.,,,development_release_not_for_independence_certification
mi_zero_pubmedbert,MI-Zero PubMedBERT,hest,D1_no_detected_evidence_or_insufficient_disclosure,D_incomplete_or_ambiguous_disclosure,False,No detected evidence; independence cannot be assumed.,,,development_release_not_for_independence_certification
mi_zero_pubmedbert,MI-Zero PubMedBERT,gtex,D1_no_detected_evidence_or_insufficient_disclosure,D_incomplete_or_ambiguous_disclosure,False,No detected evidence; independence cannot be assumed.,,,development_release_not_for_independence_certification
mi_zero_pubmedbert,MI-Zero PubMedBERT,tcia,D1_no_detected_evidence_or_insufficient_disclosure,D_incomplete_or_ambiguous_disclosure,False,No detected evidence; independence cannot be assumed.,,,development_release_not_for_independence_certification
mi_zero_pubmedbert,MI-Zero PubMedBERT,paip,D1_no_detected_evidence_or_insufficient_disclosure,D_incomplete_or_ambiguous_disclosure,False,No detected evidence; independence cannot be assumed.,,,development_release_not_for_independence_certification
mi_zero_clinicalbert,MI-Zero ClinicalBERT,tcga,D1_no_detected_evidence_or_insufficient_disclosure,D_incomplete_or_ambiguous_disclosure,False,No detected evidence; independence cannot be assumed.,,,development_release_not_for_independence_certification
mi_zero_clinicalbert,MI-Zero ClinicalBERT,tcga_brca,D1_no_detected_evidence_or_insufficient_disclosure,D_incomplete_or_ambiguous_disclosure,False,No detected evidence; independence cannot be assumed.,,,development_release_not_for_independence_certification
mi_zero_clinicalbert,MI-Zero ClinicalBERT,tcga_luad,D1_no_detected_evidence_or_insufficient_disclosure,D_incomplete_or_ambiguous_disclosure,False,No detected evidence; independence cannot be assumed.,,,development_release_not_for_independence_certification
mi_zero_clinicalbert,MI-Zero ClinicalBERT,tcga_lusc,D1_no_detected_evidence_or_insufficient_disclosure,D_incomplete_or_ambiguous_disclosure,False,No detected evidence; independence cannot be assumed.,,,development_release_not_for_independence_certification
mi_zero_clinicalbert,MI-Zero ClinicalBERT,tcga_coad,D1_no_detected_evidence_or_insufficient_disclosure,D_incomplete_or_ambiguous_disclosure,False,No detected evidence; independence cannot be assumed.,,,development_release_not_for_independence_certification
mi_zero_clinicalbert,MI-Zero ClinicalBERT,tcga_read,D1_no_detected_evidence_or_insufficient_disclosure,D_incomplete_or_ambiguous_disclosure,False,No detected evidence; independence cannot be assumed.,,,development_release_not_for_independence_certification
mi_zero_clinicalbert,MI-Zero ClinicalBERT,cptac,D1_no_detected_evidence_or_insufficient_disclosure,D_incomplete_or_ambiguous_disclosure,False,No detected evidence; independence cannot be assumed.,,,development_release_not_for_independence_certification
mi_zero_clinicalbert,MI-Zero ClinicalBERT,camelyon16,D1_no_detected_evidence_or_insufficient_disclosure,D_incomplete_or_ambiguous_disclosure,False,No detected evidence; independence cannot be assumed.,,,development_release_not_for_independence_certification
mi_zero_clinicalbert,MI-Zero ClinicalBERT,camelyon17,D1_no_detected_evidence_or_insufficient_disclosure,D_incomplete_or_ambiguous_disclosure,False,No detected evidence; independence cannot be assumed.,,,development_release_not_for_independence_certification
mi_zero_clinicalbert,MI-Zero ClinicalBERT,pcam,D1_no_detected_evidence_or_insufficient_disclosure,D_incomplete_or_ambiguous_disclosure,False,No detected evidence; independence cannot be assumed.,,,development_release_not_for_independence_certification
mi_zero_clinicalbert,MI-Zero ClinicalBERT,panda,D1_no_detected_evidence_or_insufficient_disclosure,D_incomplete_or_ambiguous_disclosure,False,No detected evidence; independence cannot be assumed.,,,development_release_not_for_independence_certification
mi_zero_clinicalbert,MI-Zero ClinicalBERT,bach,D1_no_detected_evidence_or_insufficient_disclosure,D_incomplete_or_ambiguous_disclosure,False,No detected evidence; independence cannot be assumed.,,,development_release_not_for_independence_certification
mi_zero_clinicalbert,MI-Zero ClinicalBERT,bracs,D1_no_detected_evidence_or_insufficient_disclosure,D_incomplete_or_ambiguous_disclosure,False,No detected evidence; independence cannot be assumed.,,,development_release_not_for_independence_certification
mi_zero_clinicalbert,MI-Zero ClinicalBERT,breakhis,D1_no_detected_evidence_or_insufficient_disclosure,D_incomplete_or_ambiguous_disclosure,False,No detected evidence; independence cannot be assumed.,,,development_release_not_for_independence_certification
mi_zero_clinicalbert,MI-Zero ClinicalBERT,nct_crc_he_100k,D1_no_detected_evidence_or_insufficient_disclosure,D_incomplete_or_ambiguous_disclosure,False,No detected evidence; independence cannot be assumed.,,,development_release_not_for_independence_certification
mi_zero_clinicalbert,MI-Zero ClinicalBERT,crc_val_he_7k,D1_no_detected_evidence_or_insufficient_disclosure,D_incomplete_or_ambiguous_disclosure,False,No detected evidence; independence cannot be assumed.,,,development_release_not_for_independence_certification
mi_zero_clinicalbert,MI-Zero ClinicalBERT,mhist,D1_no_detected_evidence_or_insufficient_disclosure,D_incomplete_or_ambiguous_disclosure,False,No detected evidence; independence cannot be assumed.,,,development_release_not_for_independence_certification
mi_zero_clinicalbert,MI-Zero ClinicalBERT,sicapv2,D1_no_detected_evidence_or_insufficient_disclosure,D_incomplete_or_ambiguous_disclosure,False,No detected evidence; independence cannot be assumed.,,,development_release_not_for_independence_certification
mi_zero_clinicalbert,MI-Zero ClinicalBERT,unitopatho,D1_no_detected_evidence_or_insufficient_disclosure,D_incomplete_or_ambiguous_disclosure,False,No detected evidence; independence cannot be assumed.,,,development_release_not_for_independence_certification
mi_zero_clinicalbert,MI-Zero ClinicalBERT,hest,D1_no_detected_evidence_or_insufficient_disclosure,D_incomplete_or_ambiguous_disclosure,False,No detected evidence; independence cannot be assumed.,,,development_release_not_for_independence_certification
mi_zero_clinicalbert,MI-Zero ClinicalBERT,gtex,D1_no_detected_evidence_or_insufficient_disclosure,D_incomplete_or_ambiguous_disclosure,False,No detected evidence; independence cannot be assumed.,,,development_release_not_for_independence_certification
mi_zero_clinicalbert,MI-Zero ClinicalBERT,tcia,D1_no_detected_evidence_or_insufficient_disclosure,D_incomplete_or_ambiguous_disclosure,False,No detected evidence; independence cannot be assumed.,,,development_release_not_for_independence_certification
mi_zero_clinicalbert,MI-Zero ClinicalBERT,paip,D1_no_detected_evidence_or_insufficient_disclosure,D_incomplete_or_ambiguous_disclosure,False,No detected evidence; independence cannot be assumed.,,,development_release_not_for_independence_certification
conch,CONCH,tcga,D1_no_detected_evidence_or_insufficient_disclosure,D_incomplete_or_ambiguous_disclosure,False,No detected evidence; independence cannot be assumed.,,,development_release_not_for_independence_certification
conch,CONCH,tcga_brca,D1_no_detected_evidence_or_insufficient_disclosure,D_incomplete_or_ambiguous_disclosure,False,No detected evidence; independence cannot be assumed.,,,development_release_not_for_independence_certification
conch,CONCH,tcga_luad,D1_no_detected_evidence_or_insufficient_disclosure,D_incomplete_or_ambiguous_disclosure,False,No detected evidence; independence cannot be assumed.,,,development_release_not_for_independence_certification
conch,CONCH,tcga_lusc,D1_no_detected_evidence_or_insufficient_disclosure,D_incomplete_or_ambiguous_disclosure,False,No detected evidence; independence cannot be assumed.,,,development_release_not_for_independence_certification
conch,CONCH,tcga_coad,D1_no_detected_evidence_or_insufficient_disclosure,D_incomplete_or_ambiguous_disclosure,False,No detected evidence; independence cannot be assumed.,,,development_release_not_for_independence_certification
conch,CONCH,tcga_read,D1_no_detected_evidence_or_insufficient_disclosure,D_incomplete_or_ambiguous_disclosure,False,No detected evidence; independence cannot be assumed.,,,development_release_not_for_independence_certification
conch,CONCH,cptac,D1_no_detected_evidence_or_insufficient_disclosure,D_incomplete_or_ambiguous_disclosure,False,No detected evidence; independence cannot be assumed.,,,development_release_not_for_independence_certification
conch,CONCH,camelyon16,D1_no_detected_evidence_or_insufficient_disclosure,D_incomplete_or_ambiguous_disclosure,False,No detected evidence; independence cannot be assumed.,,,development_release_not_for_independence_certification
conch,CONCH,camelyon17,D1_no_detected_evidence_or_insufficient_disclosure,D_incomplete_or_ambiguous_disclosure,False,No detected evidence; independence cannot be assumed.,,,development_release_not_for_independence_certification
conch,CONCH,pcam,D1_no_detected_evidence_or_insufficient_disclosure,D_incomplete_or_ambiguous_disclosure,False,No detected evidence; independence cannot be assumed.,,,development_release_not_for_independence_certification
conch,CONCH,panda,D1_no_detected_evidence_or_insufficient_disclosure,D_incomplete_or_ambiguous_disclosure,False,No detected evidence; independence cannot be assumed.,,,development_release_not_for_independence_certification
conch,CONCH,bach,D1_no_detected_evidence_or_insufficient_disclosure,D_incomplete_or_ambiguous_disclosure,False,No detected evidence; independence cannot be assumed.,,,development_release_not_for_independence_certification
conch,CONCH,bracs,D1_no_detected_evidence_or_insufficient_disclosure,D_incomplete_or_ambiguous_disclosure,False,No detected evidence; independence cannot be assumed.,,,development_release_not_for_independence_certification
conch,CONCH,breakhis,D1_no_detected_evidence_or_insufficient_disclosure,D_incomplete_or_ambiguous_disclosure,False,No detected evidence; independence cannot be assumed.,,,development_release_not_for_independence_certification
conch,CONCH,nct_crc_he_100k,D1_no_detected_evidence_or_insufficient_disclosure,D_incomplete_or_ambiguous_disclosure,False,No detected evidence; independence cannot be assumed.,,,development_release_not_for_independence_certification
conch,CONCH,crc_val_he_7k,D1_no_detected_evidence_or_insufficient_disclosure,D_incomplete_or_ambiguous_disclosure,False,No detected evidence; independence cannot be assumed.,,,development_release_not_for_independence_certification
conch,CONCH,mhist,D1_no_detected_evidence_or_insufficient_disclosure,D_incomplete_or_ambiguous_disclosure,False,No detected evidence; independence cannot be assumed.,,,development_release_not_for_independence_certification
conch,CONCH,sicapv2,D1_no_detected_evidence_or_insufficient_disclosure,D_incomplete_or_ambiguous_disclosure,False,No detected evidence; independence cannot be assumed.,,,development_release_not_for_independence_certification
conch,CONCH,unitopatho,D1_no_detected_evidence_or_insufficient_disclosure,D_incomplete_or_ambiguous_disclosure,False,No detected evidence; independence cannot be assumed.,,,development_release_not_for_independence_certification
conch,CONCH,hest,D1_no_detected_evidence_or_insufficient_disclosure,D_incomplete_or_ambiguous_disclosure,False,No detected evidence; independence cannot be assumed.,,,development_release_not_for_independence_certification
conch,CONCH,gtex,D1_no_detected_evidence_or_insufficient_disclosure,D_incomplete_or_ambiguous_disclosure,False,No detected evidence; independence cannot be assumed.,,,development_release_not_for_independence_certification
conch,CONCH,tcia,D1_no_detected_evidence_or_insufficient_disclosure,D_incomplete_or_ambiguous_disclosure,False,No detected evidence; independence cannot be assumed.,,,development_release_not_for_independence_certification
conch,CONCH,paip,D1_no_detected_evidence_or_insufficient_disclosure,D_incomplete_or_ambiguous_disclosure,False,No detected evidence; independence cannot be assumed.,,,development_release_not_for_independence_certification
titan,TITAN,tcga,D1_no_detected_evidence_or_insufficient_disclosure,D_incomplete_or_ambiguous_disclosure,False,No detected evidence; independence cannot be assumed.,,,development_release_not_for_independence_certification
titan,TITAN,tcga_brca,D1_no_detected_evidence_or_insufficient_disclosure,D_incomplete_or_ambiguous_disclosure,False,No detected evidence; independence cannot be assumed.,,,development_release_not_for_independence_certification
titan,TITAN,tcga_luad,D1_no_detected_evidence_or_insufficient_disclosure,D_incomplete_or_ambiguous_disclosure,False,No detected evidence; independence cannot be assumed.,,,development_release_not_for_independence_certification
titan,TITAN,tcga_lusc,D1_no_detected_evidence_or_insufficient_disclosure,D_incomplete_or_ambiguous_disclosure,False,No detected evidence; independence cannot be assumed.,,,development_release_not_for_independence_certification
titan,TITAN,tcga_coad,D1_no_detected_evidence_or_insufficient_disclosure,D_incomplete_or_ambiguous_disclosure,False,No detected evidence; independence cannot be assumed.,,,development_release_not_for_independence_certification
titan,TITAN,tcga_read,D1_no_detected_evidence_or_insufficient_disclosure,D_incomplete_or_ambiguous_disclosure,False,No detected evidence; independence cannot be assumed.,,,development_release_not_for_independence_certification
titan,TITAN,cptac,D1_no_detected_evidence_or_insufficient_disclosure,D_incomplete_or_ambiguous_disclosure,False,No detected evidence; independence cannot be assumed.,,,development_release_not_for_independence_certification
titan,TITAN,camelyon16,D1_no_detected_evidence_or_insufficient_disclosure,D_incomplete_or_ambiguous_disclosure,False,No detected evidence; independence cannot be assumed.,,,development_release_not_for_independence_certification
titan,TITAN,camelyon17,D1_no_detected_evidence_or_insufficient_disclosure,D_incomplete_or_ambiguous_disclosure,False,No detected evidence; independence cannot be assumed.,,,development_release_not_for_independence_certification
titan,TITAN,pcam,D1_no_detected_evidence_or_insufficient_disclosure,D_incomplete_or_ambiguous_disclosure,False,No detected evidence; independence cannot be assumed.,,,development_release_not_for_independence_certification
titan,TITAN,panda,D1_no_detected_evidence_or_insufficient_disclosure,D_incomplete_or_ambiguous_disclosure,False,No detected evidence; independence cannot be assumed.,,,development_release_not_for_independence_certification
titan,TITAN,bach,D1_no_detected_evidence_or_insufficient_disclosure,D_incomplete_or_ambiguous_disclosure,False,No detected evidence; independence cannot be assumed.,,,development_release_not_for_independence_certification
titan,TITAN,bracs,D1_no_detected_evidence_or_insufficient_disclosure,D_incomplete_or_ambiguous_disclosure,False,No detected evidence; independence cannot be assumed.,,,development_release_not_for_independence_certification
titan,TITAN,breakhis,D1_no_detected_evidence_or_insufficient_disclosure,D_incomplete_or_ambiguous_disclosure,False,No detected evidence; independence cannot be assumed.,,,development_release_not_for_independence_certification
titan,TITAN,nct_crc_he_100k,D1_no_detected_evidence_or_insufficient_disclosure,D_incomplete_or_ambiguous_disclosure,False,No detected evidence; independence cannot be assumed.,,,development_release_not_for_independence_certification
titan,TITAN,crc_val_he_7k,D1_no_detected_evidence_or_insufficient_disclosure,D_incomplete_or_ambiguous_disclosure,False,No detected evidence; independence cannot be assumed.,,,development_release_not_for_independence_certification
titan,TITAN,mhist,D1_no_detected_evidence_or_insufficient_disclosure,D_incomplete_or_ambiguous_disclosure,False,No detected evidence; independence cannot be assumed.,,,development_release_not_for_independence_certification
titan,TITAN,sicapv2,D1_no_detected_evidence_or_insufficient_disclosure,D_incomplete_or_ambiguous_disclosure,False,No detected evidence; independence cannot be assumed.,,,development_release_not_for_independence_certification
titan,TITAN,unitopatho,D1_no_detected_evidence_or_insufficient_disclosure,D_incomplete_or_ambiguous_disclosure,False,No detected evidence; independence cannot be assumed.,,,development_release_not_for_independence_certification
titan,TITAN,hest,D1_no_detected_evidence_or_insufficient_disclosure,D_incomplete_or_ambiguous_disclosure,False,No detected evidence; independence cannot be assumed.,,,development_release_not_for_independence_certification
titan,TITAN,gtex,D3_exact_dataset_exposure,B_explicit_primary_source_statement,False,The named evaluation dataset is reported in model development; independence cannot be assumed.,A0011,https://www.nature.com/articles/s41591-025-03982-3,development_release_not_for_independence_certification
titan,TITAN,tcia,D1_no_detected_evidence_or_insufficient_disclosure,D_incomplete_or_ambiguous_disclosure,False,No detected evidence; independence cannot be assumed.,,,development_release_not_for_independence_certification
titan,TITAN,paip,D1_no_detected_evidence_or_insufficient_disclosure,D_incomplete_or_ambiguous_disclosure,False,No detected evidence; independence cannot be assumed.,,,development_release_not_for_independence_certification
dino_s16,DINO-S16,tcga,D1_no_detected_evidence_or_insufficient_disclosure,D_incomplete_or_ambiguous_disclosure,False,No detected evidence; independence cannot be assumed.,,,development_release_not_for_independence_certification
dino_s16,DINO-S16,tcga_brca,D1_no_detected_evidence_or_insufficient_disclosure,D_incomplete_or_ambiguous_disclosure,False,No detected evidence; independence cannot be assumed.,,,development_release_not_for_independence_certification
dino_s16,DINO-S16,tcga_luad,D1_no_detected_evidence_or_insufficient_disclosure,D_incomplete_or_ambiguous_disclosure,False,No detected evidence; independence cannot be assumed.,,,development_release_not_for_independence_certification
dino_s16,DINO-S16,tcga_lusc,D1_no_detected_evidence_or_insufficient_disclosure,D_incomplete_or_ambiguous_disclosure,False,No detected evidence; independence cannot be assumed.,,,development_release_not_for_independence_certification
dino_s16,DINO-S16,tcga_coad,D1_no_detected_evidence_or_insufficient_disclosure,D_incomplete_or_ambiguous_disclosure,False,No detected evidence; independence cannot be assumed.,,,development_release_not_for_independence_certification
dino_s16,DINO-S16,tcga_read,D1_no_detected_evidence_or_insufficient_disclosure,D_incomplete_or_ambiguous_disclosure,False,No detected evidence; independence cannot be assumed.,,,development_release_not_for_independence_certification
dino_s16,DINO-S16,cptac,D1_no_detected_evidence_or_insufficient_disclosure,D_incomplete_or_ambiguous_disclosure,False,No detected evidence; independence cannot be assumed.,,,development_release_not_for_independence_certification
dino_s16,DINO-S16,camelyon16,D1_no_detected_evidence_or_insufficient_disclosure,D_incomplete_or_ambiguous_disclosure,False,No detected evidence; independence cannot be assumed.,,,development_release_not_for_independence_certification
dino_s16,DINO-S16,camelyon17,D1_no_detected_evidence_or_insufficient_disclosure,D_incomplete_or_ambiguous_disclosure,False,No detected evidence; independence cannot be assumed.,,,development_release_not_for_independence_certification
dino_s16,DINO-S16,pcam,D1_no_detected_evidence_or_insufficient_disclosure,D_incomplete_or_ambiguous_disclosure,False,No detected evidence; independence cannot be assumed.,,,development_release_not_for_independence_certification
dino_s16,DINO-S16,panda,D1_no_detected_evidence_or_insufficient_disclosure,D_incomplete_or_ambiguous_disclosure,False,No detected evidence; independence cannot be assumed.,,,development_release_not_for_independence_certification
dino_s16,DINO-S16,bach,D1_no_detected_evidence_or_insufficient_disclosure,D_incomplete_or_ambiguous_disclosure,False,No detected evidence; independence cannot be assumed.,,,development_release_not_for_independence_certification
dino_s16,DINO-S16,bracs,D1_no_detected_evidence_or_insufficient_disclosure,D_incomplete_or_ambiguous_disclosure,False,No detected evidence; independence cannot be assumed.,,,development_release_not_for_independence_certification
dino_s16,DINO-S16,breakhis,D1_no_detected_evidence_or_insufficient_disclosure,D_incomplete_or_ambiguous_disclosure,False,No detected evidence; independence cannot be assumed.,,,development_release_not_for_independence_certification
dino_s16,DINO-S16,nct_crc_he_100k,D1_no_detected_evidence_or_insufficient_disclosure,D_incomplete_or_ambiguous_disclosure,False,No detected evidence; independence cannot be assumed.,,,development_release_not_for_independence_certification
dino_s16,DINO-S16,crc_val_he_7k,D1_no_detected_evidence_or_insufficient_disclosure,D_incomplete_or_ambiguous_disclosure,False,No detected evidence; independence cannot be assumed.,,,development_release_not_for_independence_certification
dino_s16,DINO-S16,mhist,D1_no_detected_evidence_or_insufficient_disclosure,D_incomplete_or_ambiguous_disclosure,False,No detected evidence; independence cannot be assumed.,,,development_release_not_for_independence_certification
dino_s16,DINO-S16,sicapv2,D1_no_detected_evidence_or_insufficient_disclosure,D_incomplete_or_ambiguous_disclosure,False,No detected evidence; independence cannot be assumed.,,,development_release_not_for_independence_certification
dino_s16,DINO-S16,unitopatho,D1_no_detected_evidence_or_insufficient_disclosure,D_incomplete_or_ambiguous_disclosure,False,No detected evidence; independence cannot be assumed.,,,development_release_not_for_independence_certification
dino_s16,DINO-S16,hest,D1_no_detected_evidence_or_insufficient_disclosure,D_incomplete_or_ambiguous_disclosure,False,No detected evidence; independence cannot be assumed.,,,development_release_not_for_independence_certification
dino_s16,DINO-S16,gtex,D1_no_detected_evidence_or_insufficient_disclosure,D_incomplete_or_ambiguous_disclosure,False,No detected evidence; independence cannot be assumed.,,,development_release_not_for_independence_certification
dino_s16,DINO-S16,tcia,D1_no_detected_evidence_or_insufficient_disclosure,D_incomplete_or_ambiguous_disclosure,False,No detected evidence; independence cannot be assumed.,,,development_release_not_for_independence_certification
dino_s16,DINO-S16,paip,D1_no_detected_evidence_or_insufficient_disclosure,D_incomplete_or_ambiguous_disclosure,False,No detected evidence; independence cannot be assumed.,,,development_release_not_for_independence_certification
dino_b16,DINO-B16,tcga,D1_no_detected_evidence_or_insufficient_disclosure,D_incomplete_or_ambiguous_disclosure,False,No detected evidence; independence cannot be assumed.,,,development_release_not_for_independence_certification
dino_b16,DINO-B16,tcga_brca,D1_no_detected_evidence_or_insufficient_disclosure,D_incomplete_or_ambiguous_disclosure,False,No detected evidence; independence cannot be assumed.,,,development_release_not_for_independence_certification
dino_b16,DINO-B16,tcga_luad,D1_no_detected_evidence_or_insufficient_disclosure,D_incomplete_or_ambiguous_disclosure,False,No detected evidence; independence cannot be assumed.,,,development_release_not_for_independence_certification
dino_b16,DINO-B16,tcga_lusc,D1_no_detected_evidence_or_insufficient_disclosure,D_incomplete_or_ambiguous_disclosure,False,No detected evidence; independence cannot be assumed.,,,development_release_not_for_independence_certification
dino_b16,DINO-B16,tcga_coad,D1_no_detected_evidence_or_insufficient_disclosure,D_incomplete_or_ambiguous_disclosure,False,No detected evidence; independence cannot be assumed.,,,development_release_not_for_independence_certification
dino_b16,DINO-B16,tcga_read,D1_no_detected_evidence_or_insufficient_disclosure,D_incomplete_or_ambiguous_disclosure,False,No detected evidence; independence cannot be assumed.,,,development_release_not_for_independence_certification
dino_b16,DINO-B16,cptac,D1_no_detected_evidence_or_insufficient_disclosure,D_incomplete_or_ambiguous_disclosure,False,No detected evidence; independence cannot be assumed.,,,development_release_not_for_independence_certification
dino_b16,DINO-B16,camelyon16,D1_no_detected_evidence_or_insufficient_disclosure,D_incomplete_or_ambiguous_disclosure,False,No detected evidence; independence cannot be assumed.,,,development_release_not_for_independence_certification
dino_b16,DINO-B16,camelyon17,D1_no_detected_evidence_or_insufficient_disclosure,D_incomplete_or_ambiguous_disclosure,False,No detected evidence; independence cannot be assumed.,,,development_release_not_for_independence_certification
dino_b16,DINO-B16,pcam,D1_no_detected_evidence_or_insufficient_disclosure,D_incomplete_or_ambiguous_disclosure,False,No detected evidence; independence cannot be assumed.,,,development_release_not_for_independence_certification
dino_b16,DINO-B16,panda,D1_no_detected_evidence_or_insufficient_disclosure,D_incomplete_or_ambiguous_disclosure,False,No detected evidence; independence cannot be assumed.,,,development_release_not_for_independence_certification
dino_b16,DINO-B16,bach,D1_no_detected_evidence_or_insufficient_disclosure,D_incomplete_or_ambiguous_disclosure,False,No detected evidence; independence cannot be assumed.,,,development_release_not_for_independence_certification
dino_b16,DINO-B16,bracs,D1_no_detected_evidence_or_insufficient_disclosure,D_incomplete_or_ambiguous_disclosure,False,No detected evidence; independence cannot be assumed.,,,development_release_not_for_independence_certification
dino_b16,DINO-B16,breakhis,D1_no_detected_evidence_or_insufficient_disclosure,D_incomplete_or_ambiguous_disclosure,False,No detected evidence; independence cannot be assumed.,,,development_release_not_for_independence_certification
dino_b16,DINO-B16,nct_crc_he_100k,D1_no_detected_evidence_or_insufficient_disclosure,D_incomplete_or_ambiguous_disclosure,False,No detected evidence; independence cannot be assumed.,,,development_release_not_for_independence_certification
dino_b16,DINO-B16,crc_val_he_7k,D1_no_detected_evidence_or_insufficient_disclosure,D_incomplete_or_ambiguous_disclosure,False,No detected evidence; independence cannot be assumed.,,,development_release_not_for_independence_certification
dino_b16,DINO-B16,mhist,D1_no_detected_evidence_or_insufficient_disclosure,D_incomplete_or_ambiguous_disclosure,False,No detected evidence; independence cannot be assumed.,,,development_release_not_for_independence_certification
dino_b16,DINO-B16,sicapv2,D1_no_detected_evidence_or_insufficient_disclosure,D_incomplete_or_ambiguous_disclosure,False,No detected evidence; independence cannot be assumed.,,,development_release_not_for_independence_certification
dino_b16,DINO-B16,unitopatho,D1_no_detected_evidence_or_insufficient_disclosure,D_incomplete_or_ambiguous_disclosure,False,No detected evidence; independence cannot be assumed.,,,development_release_not_for_independence_certification
dino_b16,DINO-B16,hest,D1_no_detected_evidence_or_insufficient_disclosure,D_incomplete_or_ambiguous_disclosure,False,No detected evidence; independence cannot be assumed.,,,development_release_not_for_independence_certification
dino_b16,DINO-B16,gtex,D1_no_detected_evidence_or_insufficient_disclosure,D_incomplete_or_ambiguous_disclosure,False,No detected evidence; independence cannot be assumed.,,,development_release_not_for_independence_certification
dino_b16,DINO-B16,tcia,D1_no_detected_evidence_or_insufficient_disclosure,D_incomplete_or_ambiguous_disclosure,False,No detected evidence; independence cannot be assumed.,,,development_release_not_for_independence_certification
dino_b16,DINO-B16,paip,D1_no_detected_evidence_or_insufficient_disclosure,D_incomplete_or_ambiguous_disclosure,False,No detected evidence; independence cannot be assumed.,,,development_release_not_for_independence_certification
dinov2_l,DINOv2-L,tcga,D1_no_detected_evidence_or_insufficient_disclosure,D_incomplete_or_ambiguous_disclosure,False,No detected evidence; independence cannot be assumed.,,,development_release_not_for_independence_certification
dinov2_l,DINOv2-L,tcga_brca,D1_no_detected_evidence_or_insufficient_disclosure,D_incomplete_or_ambiguous_disclosure,False,No detected evidence; independence cannot be assumed.,,,development_release_not_for_independence_certification
dinov2_l,DINOv2-L,tcga_luad,D1_no_detected_evidence_or_insufficient_disclosure,D_incomplete_or_ambiguous_disclosure,False,No detected evidence; independence cannot be assumed.,,,development_release_not_for_independence_certification
dinov2_l,DINOv2-L,tcga_lusc,D1_no_detected_evidence_or_insufficient_disclosure,D_incomplete_or_ambiguous_disclosure,False,No detected evidence; independence cannot be assumed.,,,development_release_not_for_independence_certification
dinov2_l,DINOv2-L,tcga_coad,D1_no_detected_evidence_or_insufficient_disclosure,D_incomplete_or_ambiguous_disclosure,False,No detected evidence; independence cannot be assumed.,,,development_release_not_for_independence_certification
dinov2_l,DINOv2-L,tcga_read,D1_no_detected_evidence_or_insufficient_disclosure,D_incomplete_or_ambiguous_disclosure,False,No detected evidence; independence cannot be assumed.,,,development_release_not_for_independence_certification
dinov2_l,DINOv2-L,cptac,D1_no_detected_evidence_or_insufficient_disclosure,D_incomplete_or_ambiguous_disclosure,False,No detected evidence; independence cannot be assumed.,,,development_release_not_for_independence_certification
dinov2_l,DINOv2-L,camelyon16,D1_no_detected_evidence_or_insufficient_disclosure,D_incomplete_or_ambiguous_disclosure,False,No detected evidence; independence cannot be assumed.,,,development_release_not_for_independence_certification
dinov2_l,DINOv2-L,camelyon17,D1_no_detected_evidence_or_insufficient_disclosure,D_incomplete_or_ambiguous_disclosure,False,No detected evidence; independence cannot be assumed.,,,development_release_not_for_independence_certification
dinov2_l,DINOv2-L,pcam,D1_no_detected_evidence_or_insufficient_disclosure,D_incomplete_or_ambiguous_disclosure,False,No detected evidence; independence cannot be assumed.,,,development_release_not_for_independence_certification
dinov2_l,DINOv2-L,panda,D1_no_detected_evidence_or_insufficient_disclosure,D_incomplete_or_ambiguous_disclosure,False,No detected evidence; independence cannot be assumed.,,,development_release_not_for_independence_certification
dinov2_l,DINOv2-L,bach,D1_no_detected_evidence_or_insufficient_disclosure,D_incomplete_or_ambiguous_disclosure,False,No detected evidence; independence cannot be assumed.,,,development_release_not_for_independence_certification
dinov2_l,DINOv2-L,bracs,D1_no_detected_evidence_or_insufficient_disclosure,D_incomplete_or_ambiguous_disclosure,False,No detected evidence; independence cannot be assumed.,,,development_release_not_for_independence_certification
dinov2_l,DINOv2-L,breakhis,D1_no_detected_evidence_or_insufficient_disclosure,D_incomplete_or_ambiguous_disclosure,False,No detected evidence; independence cannot be assumed.,,,development_release_not_for_independence_certification
dinov2_l,DINOv2-L,nct_crc_he_100k,D1_no_detected_evidence_or_insufficient_disclosure,D_incomplete_or_ambiguous_disclosure,False,No detected evidence; independence cannot be assumed.,,,development_release_not_for_independence_certification
dinov2_l,DINOv2-L,crc_val_he_7k,D1_no_detected_evidence_or_insufficient_disclosure,D_incomplete_or_ambiguous_disclosure,False,No detected evidence; independence cannot be assumed.,,,development_release_not_for_independence_certification
dinov2_l,DINOv2-L,mhist,D1_no_detected_evidence_or_insufficient_disclosure,D_incomplete_or_ambiguous_disclosure,False,No detected evidence; independence cannot be assumed.,,,development_release_not_for_independence_certification
dinov2_l,DINOv2-L,sicapv2,D1_no_detected_evidence_or_insufficient_disclosure,D_incomplete_or_ambiguous_disclosure,False,No detected evidence; independence cannot be assumed.,,,development_release_not_for_independence_certification
dinov2_l,DINOv2-L,unitopatho,D1_no_detected_evidence_or_insufficient_disclosure,D_incomplete_or_ambiguous_disclosure,False,No detected evidence; independence cannot be assumed.,,,development_release_not_for_independence_certification
dinov2_l,DINOv2-L,hest,D1_no_detected_evidence_or_insufficient_disclosure,D_incomplete_or_ambiguous_disclosure,False,No detected evidence; independence cannot be assumed.,,,development_release_not_for_independence_certification
dinov2_l,DINOv2-L,gtex,D1_no_detected_evidence_or_insufficient_disclosure,D_incomplete_or_ambiguous_disclosure,False,No detected evidence; independence cannot be assumed.,,,development_release_not_for_independence_certification
dinov2_l,DINOv2-L,tcia,D1_no_detected_evidence_or_insufficient_disclosure,D_incomplete_or_ambiguous_disclosure,False,No detected evidence; independence cannot be assumed.,,,development_release_not_for_independence_certification
dinov2_l,DINOv2-L,paip,D1_no_detected_evidence_or_insufficient_disclosure,D_incomplete_or_ambiguous_disclosure,False,No detected evidence; independence cannot be assumed.,,,development_release_not_for_independence_certification
ibot_b16,iBOT-B16,tcga,D1_no_detected_evidence_or_insufficient_disclosure,D_incomplete_or_ambiguous_disclosure,False,No detected evidence; independence cannot be assumed.,,,development_release_not_for_independence_certification
ibot_b16,iBOT-B16,tcga_brca,D1_no_detected_evidence_or_insufficient_disclosure,D_incomplete_or_ambiguous_disclosure,False,No detected evidence; independence cannot be assumed.,,,development_release_not_for_independence_certification
ibot_b16,iBOT-B16,tcga_luad,D1_no_detected_evidence_or_insufficient_disclosure,D_incomplete_or_ambiguous_disclosure,False,No detected evidence; independence cannot be assumed.,,,development_release_not_for_independence_certification
ibot_b16,iBOT-B16,tcga_lusc,D1_no_detected_evidence_or_insufficient_disclosure,D_incomplete_or_ambiguous_disclosure,False,No detected evidence; independence cannot be assumed.,,,development_release_not_for_independence_certification
ibot_b16,iBOT-B16,tcga_coad,D1_no_detected_evidence_or_insufficient_disclosure,D_incomplete_or_ambiguous_disclosure,False,No detected evidence; independence cannot be assumed.,,,development_release_not_for_independence_certification
ibot_b16,iBOT-B16,tcga_read,D1_no_detected_evidence_or_insufficient_disclosure,D_incomplete_or_ambiguous_disclosure,False,No detected evidence; independence cannot be assumed.,,,development_release_not_for_independence_certification
ibot_b16,iBOT-B16,cptac,D1_no_detected_evidence_or_insufficient_disclosure,D_incomplete_or_ambiguous_disclosure,False,No detected evidence; independence cannot be assumed.,,,development_release_not_for_independence_certification
ibot_b16,iBOT-B16,camelyon16,D1_no_detected_evidence_or_insufficient_disclosure,D_incomplete_or_ambiguous_disclosure,False,No detected evidence; independence cannot be assumed.,,,development_release_not_for_independence_certification
ibot_b16,iBOT-B16,camelyon17,D1_no_detected_evidence_or_insufficient_disclosure,D_incomplete_or_ambiguous_disclosure,False,No detected evidence; independence cannot be assumed.,,,development_release_not_for_independence_certification
ibot_b16,iBOT-B16,pcam,D1_no_detected_evidence_or_insufficient_disclosure,D_incomplete_or_ambiguous_disclosure,False,No detected evidence; independence cannot be assumed.,,,development_release_not_for_independence_certification
ibot_b16,iBOT-B16,panda,D1_no_detected_evidence_or_insufficient_disclosure,D_incomplete_or_ambiguous_disclosure,False,No detected evidence; independence cannot be assumed.,,,development_release_not_for_independence_certification
ibot_b16,iBOT-B16,bach,D1_no_detected_evidence_or_insufficient_disclosure,D_incomplete_or_ambiguous_disclosure,False,No detected evidence; independence cannot be assumed.,,,development_release_not_for_independence_certification
ibot_b16,iBOT-B16,bracs,D1_no_detected_evidence_or_insufficient_disclosure,D_incomplete_or_ambiguous_disclosure,False,No detected evidence; independence cannot be assumed.,,,development_release_not_for_independence_certification
ibot_b16,iBOT-B16,breakhis,D1_no_detected_evidence_or_insufficient_disclosure,D_incomplete_or_ambiguous_disclosure,False,No detected evidence; independence cannot be assumed.,,,development_release_not_for_independence_certification
ibot_b16,iBOT-B16,nct_crc_he_100k,D1_no_detected_evidence_or_insufficient_disclosure,D_incomplete_or_ambiguous_disclosure,False,No detected evidence; independence cannot be assumed.,,,development_release_not_for_independence_certification
ibot_b16,iBOT-B16,crc_val_he_7k,D1_no_detected_evidence_or_insufficient_disclosure,D_incomplete_or_ambiguous_disclosure,False,No detected evidence; independence cannot be assumed.,,,development_release_not_for_independence_certification
ibot_b16,iBOT-B16,mhist,D1_no_detected_evidence_or_insufficient_disclosure,D_incomplete_or_ambiguous_disclosure,False,No detected evidence; independence cannot be assumed.,,,development_release_not_for_independence_certification
ibot_b16,iBOT-B16,sicapv2,D1_no_detected_evidence_or_insufficient_disclosure,D_incomplete_or_ambiguous_disclosure,False,No detected evidence; independence cannot be assumed.,,,development_release_not_for_independence_certification
ibot_b16,iBOT-B16,unitopatho,D1_no_detected_evidence_or_insufficient_disclosure,D_incomplete_or_ambiguous_disclosure,False,No detected evidence; independence cannot be assumed.,,,development_release_not_for_independence_certification
ibot_b16,iBOT-B16,hest,D1_no_detected_evidence_or_insufficient_disclosure,D_incomplete_or_ambiguous_disclosure,False,No detected evidence; independence cannot be assumed.,,,development_release_not_for_independence_certification
ibot_b16,iBOT-B16,gtex,D1_no_detected_evidence_or_insufficient_disclosure,D_incomplete_or_ambiguous_disclosure,False,No detected evidence; independence cannot be assumed.,,,development_release_not_for_independence_certification
ibot_b16,iBOT-B16,tcia,D1_no_detected_evidence_or_insufficient_disclosure,D_incomplete_or_ambiguous_disclosure,False,No detected evidence; independence cannot be assumed.,,,development_release_not_for_independence_certification
ibot_b16,iBOT-B16,paip,D1_no_detected_evidence_or_insufficient_disclosure,D_incomplete_or_ambiguous_disclosure,False,No detected evidence; independence cannot be assumed.,,,development_release_not_for_independence_certification
ibot_l16,iBOT-L16,tcga,D1_no_detected_evidence_or_insufficient_disclosure,D_incomplete_or_ambiguous_disclosure,False,No detected evidence; independence cannot be assumed.,,,development_release_not_for_independence_certification
ibot_l16,iBOT-L16,tcga_brca,D1_no_detected_evidence_or_insufficient_disclosure,D_incomplete_or_ambiguous_disclosure,False,No detected evidence; independence cannot be assumed.,,,development_release_not_for_independence_certification
ibot_l16,iBOT-L16,tcga_luad,D1_no_detected_evidence_or_insufficient_disclosure,D_incomplete_or_ambiguous_disclosure,False,No detected evidence; independence cannot be assumed.,,,development_release_not_for_independence_certification
ibot_l16,iBOT-L16,tcga_lusc,D1_no_detected_evidence_or_insufficient_disclosure,D_incomplete_or_ambiguous_disclosure,False,No detected evidence; independence cannot be assumed.,,,development_release_not_for_independence_certification
ibot_l16,iBOT-L16,tcga_coad,D1_no_detected_evidence_or_insufficient_disclosure,D_incomplete_or_ambiguous_disclosure,False,No detected evidence; independence cannot be assumed.,,,development_release_not_for_independence_certification
ibot_l16,iBOT-L16,tcga_read,D1_no_detected_evidence_or_insufficient_disclosure,D_incomplete_or_ambiguous_disclosure,False,No detected evidence; independence cannot be assumed.,,,development_release_not_for_independence_certification
ibot_l16,iBOT-L16,cptac,D1_no_detected_evidence_or_insufficient_disclosure,D_incomplete_or_ambiguous_disclosure,False,No detected evidence; independence cannot be assumed.,,,development_release_not_for_independence_certification
ibot_l16,iBOT-L16,camelyon16,D1_no_detected_evidence_or_insufficient_disclosure,D_incomplete_or_ambiguous_disclosure,False,No detected evidence; independence cannot be assumed.,,,development_release_not_for_independence_certification
ibot_l16,iBOT-L16,camelyon17,D1_no_detected_evidence_or_insufficient_disclosure,D_incomplete_or_ambiguous_disclosure,False,No detected evidence; independence cannot be assumed.,,,development_release_not_for_independence_certification
ibot_l16,iBOT-L16,pcam,D1_no_detected_evidence_or_insufficient_disclosure,D_incomplete_or_ambiguous_disclosure,False,No detected evidence; independence cannot be assumed.,,,development_release_not_for_independence_certification
ibot_l16,iBOT-L16,panda,D1_no_detected_evidence_or_insufficient_disclosure,D_incomplete_or_ambiguous_disclosure,False,No detected evidence; independence cannot be assumed.,,,development_release_not_for_independence_certification
ibot_l16,iBOT-L16,bach,D1_no_detected_evidence_or_insufficient_disclosure,D_incomplete_or_ambiguous_disclosure,False,No detected evidence; independence cannot be assumed.,,,development_release_not_for_independence_certification
ibot_l16,iBOT-L16,bracs,D1_no_detected_evidence_or_insufficient_disclosure,D_incomplete_or_ambiguous_disclosure,False,No detected evidence; independence cannot be assumed.,,,development_release_not_for_independence_certification
ibot_l16,iBOT-L16,breakhis,D1_no_detected_evidence_or_insufficient_disclosure,D_incomplete_or_ambiguous_disclosure,False,No detected evidence; independence cannot be assumed.,,,development_release_not_for_independence_certification
ibot_l16,iBOT-L16,nct_crc_he_100k,D1_no_detected_evidence_or_insufficient_disclosure,D_incomplete_or_ambiguous_disclosure,False,No detected evidence; independence cannot be assumed.,,,development_release_not_for_independence_certification
ibot_l16,iBOT-L16,crc_val_he_7k,D1_no_detected_evidence_or_insufficient_disclosure,D_incomplete_or_ambiguous_disclosure,False,No detected evidence; independence cannot be assumed.,,,development_release_not_for_independence_certification
ibot_l16,iBOT-L16,mhist,D1_no_detected_evidence_or_insufficient_disclosure,D_incomplete_or_ambiguous_disclosure,False,No detected evidence; independence cannot be assumed.,,,development_release_not_for_independence_certification
ibot_l16,iBOT-L16,sicapv2,D1_no_detected_evidence_or_insufficient_disclosure,D_incomplete_or_ambiguous_disclosure,False,No detected evidence; independence cannot be assumed.,,,development_release_not_for_independence_certification
ibot_l16,iBOT-L16,unitopatho,D1_no_detected_evidence_or_insufficient_disclosure,D_incomplete_or_ambiguous_disclosure,False,No detected evidence; independence cannot be assumed.,,,development_release_not_for_independence_certification
ibot_l16,iBOT-L16,hest,D1_no_detected_evidence_or_insufficient_disclosure,D_incomplete_or_ambiguous_disclosure,False,No detected evidence; independence cannot be assumed.,,,development_release_not_for_independence_certification
ibot_l16,iBOT-L16,gtex,D1_no_detected_evidence_or_insufficient_disclosure,D_incomplete_or_ambiguous_disclosure,False,No detected evidence; independence cannot be assumed.,,,development_release_not_for_independence_certification
ibot_l16,iBOT-L16,tcia,D1_no_detected_evidence_or_insufficient_disclosure,D_incomplete_or_ambiguous_disclosure,False,No detected evidence; independence cannot be assumed.,,,development_release_not_for_independence_certification
ibot_l16,iBOT-L16,paip,D1_no_detected_evidence_or_insufficient_disclosure,D_incomplete_or_ambiguous_disclosure,False,No detected evidence; independence cannot be assumed.,,,development_release_not_for_independence_certification
clip_b16,CLIP-B16,tcga,D1_no_detected_evidence_or_insufficient_disclosure,D_incomplete_or_ambiguous_disclosure,False,No detected evidence; independence cannot be assumed.,,,development_release_not_for_independence_certification
clip_b16,CLIP-B16,tcga_brca,D1_no_detected_evidence_or_insufficient_disclosure,D_incomplete_or_ambiguous_disclosure,False,No detected evidence; independence cannot be assumed.,,,development_release_not_for_independence_certification
clip_b16,CLIP-B16,tcga_luad,D1_no_detected_evidence_or_insufficient_disclosure,D_incomplete_or_ambiguous_disclosure,False,No detected evidence; independence cannot be assumed.,,,development_release_not_for_independence_certification
clip_b16,CLIP-B16,tcga_lusc,D1_no_detected_evidence_or_insufficient_disclosure,D_incomplete_or_ambiguous_disclosure,False,No detected evidence; independence cannot be assumed.,,,development_release_not_for_independence_certification
clip_b16,CLIP-B16,tcga_coad,D1_no_detected_evidence_or_insufficient_disclosure,D_incomplete_or_ambiguous_disclosure,False,No detected evidence; independence cannot be assumed.,,,development_release_not_for_independence_certification
clip_b16,CLIP-B16,tcga_read,D1_no_detected_evidence_or_insufficient_disclosure,D_incomplete_or_ambiguous_disclosure,False,No detected evidence; independence cannot be assumed.,,,development_release_not_for_independence_certification
clip_b16,CLIP-B16,cptac,D1_no_detected_evidence_or_insufficient_disclosure,D_incomplete_or_ambiguous_disclosure,False,No detected evidence; independence cannot be assumed.,,,development_release_not_for_independence_certification
clip_b16,CLIP-B16,camelyon16,D1_no_detected_evidence_or_insufficient_disclosure,D_incomplete_or_ambiguous_disclosure,False,No detected evidence; independence cannot be assumed.,,,development_release_not_for_independence_certification
clip_b16,CLIP-B16,camelyon17,D1_no_detected_evidence_or_insufficient_disclosure,D_incomplete_or_ambiguous_disclosure,False,No detected evidence; independence cannot be assumed.,,,development_release_not_for_independence_certification
clip_b16,CLIP-B16,pcam,D1_no_detected_evidence_or_insufficient_disclosure,D_incomplete_or_ambiguous_disclosure,False,No detected evidence; independence cannot be assumed.,,,development_release_not_for_independence_certification
clip_b16,CLIP-B16,panda,D1_no_detected_evidence_or_insufficient_disclosure,D_incomplete_or_ambiguous_disclosure,False,No detected evidence; independence cannot be assumed.,,,development_release_not_for_independence_certification
clip_b16,CLIP-B16,bach,D1_no_detected_evidence_or_insufficient_disclosure,D_incomplete_or_ambiguous_disclosure,False,No detected evidence; independence cannot be assumed.,,,development_release_not_for_independence_certification
clip_b16,CLIP-B16,bracs,D1_no_detected_evidence_or_insufficient_disclosure,D_incomplete_or_ambiguous_disclosure,False,No detected evidence; independence cannot be assumed.,,,development_release_not_for_independence_certification
clip_b16,CLIP-B16,breakhis,D1_no_detected_evidence_or_insufficient_disclosure,D_incomplete_or_ambiguous_disclosure,False,No detected evidence; independence cannot be assumed.,,,development_release_not_for_independence_certification
clip_b16,CLIP-B16,nct_crc_he_100k,D1_no_detected_evidence_or_insufficient_disclosure,D_incomplete_or_ambiguous_disclosure,False,No detected evidence; independence cannot be assumed.,,,development_release_not_for_independence_certification
clip_b16,CLIP-B16,crc_val_he_7k,D1_no_detected_evidence_or_insufficient_disclosure,D_incomplete_or_ambiguous_disclosure,False,No detected evidence; independence cannot be assumed.,,,development_release_not_for_independence_certification
clip_b16,CLIP-B16,mhist,D1_no_detected_evidence_or_insufficient_disclosure,D_incomplete_or_ambiguous_disclosure,False,No detected evidence; independence cannot be assumed.,,,development_release_not_for_independence_certification
clip_b16,CLIP-B16,sicapv2,D1_no_detected_evidence_or_insufficient_disclosure,D_incomplete_or_ambiguous_disclosure,False,No detected evidence; independence cannot be assumed.,,,development_release_not_for_independence_certification
clip_b16,CLIP-B16,unitopatho,D1_no_detected_evidence_or_insufficient_disclosure,D_incomplete_or_ambiguous_disclosure,False,No detected evidence; independence cannot be assumed.,,,development_release_not_for_independence_certification
clip_b16,CLIP-B16,hest,D1_no_detected_evidence_or_insufficient_disclosure,D_incomplete_or_ambiguous_disclosure,False,No detected evidence; independence cannot be assumed.,,,development_release_not_for_independence_certification
clip_b16,CLIP-B16,gtex,D1_no_detected_evidence_or_insufficient_disclosure,D_incomplete_or_ambiguous_disclosure,False,No detected evidence; independence cannot be assumed.,,,development_release_not_for_independence_certification
clip_b16,CLIP-B16,tcia,D1_no_detected_evidence_or_insufficient_disclosure,D_incomplete_or_ambiguous_disclosure,False,No detected evidence; independence cannot be assumed.,,,development_release_not_for_independence_certification
clip_b16,CLIP-B16,paip,D1_no_detected_evidence_or_insufficient_disclosure,D_incomplete_or_ambiguous_disclosure,False,No detected evidence; independence cannot be assumed.,,,development_release_not_for_independence_certification
blip_b16_14m,BLIP-B16-14M,tcga,D1_no_detected_evidence_or_insufficient_disclosure,D_incomplete_or_ambiguous_disclosure,False,No detected evidence; independence cannot be assumed.,,,development_release_not_for_independence_certification
blip_b16_14m,BLIP-B16-14M,tcga_brca,D1_no_detected_evidence_or_insufficient_disclosure,D_incomplete_or_ambiguous_disclosure,False,No detected evidence; independence cannot be assumed.,,,development_release_not_for_independence_certification
blip_b16_14m,BLIP-B16-14M,tcga_luad,D1_no_detected_evidence_or_insufficient_disclosure,D_incomplete_or_ambiguous_disclosure,False,No detected evidence; independence cannot be assumed.,,,development_release_not_for_independence_certification
blip_b16_14m,BLIP-B16-14M,tcga_lusc,D1_no_detected_evidence_or_insufficient_disclosure,D_incomplete_or_ambiguous_disclosure,False,No detected evidence; independence cannot be assumed.,,,development_release_not_for_independence_certification
blip_b16_14m,BLIP-B16-14M,tcga_coad,D1_no_detected_evidence_or_insufficient_disclosure,D_incomplete_or_ambiguous_disclosure,False,No detected evidence; independence cannot be assumed.,,,development_release_not_for_independence_certification
blip_b16_14m,BLIP-B16-14M,tcga_read,D1_no_detected_evidence_or_insufficient_disclosure,D_incomplete_or_ambiguous_disclosure,False,No detected evidence; independence cannot be assumed.,,,development_release_not_for_independence_certification
blip_b16_14m,BLIP-B16-14M,cptac,D1_no_detected_evidence_or_insufficient_disclosure,D_incomplete_or_ambiguous_disclosure,False,No detected evidence; independence cannot be assumed.,,,development_release_not_for_independence_certification
blip_b16_14m,BLIP-B16-14M,camelyon16,D1_no_detected_evidence_or_insufficient_disclosure,D_incomplete_or_ambiguous_disclosure,False,No detected evidence; independence cannot be assumed.,,,development_release_not_for_independence_certification
blip_b16_14m,BLIP-B16-14M,camelyon17,D1_no_detected_evidence_or_insufficient_disclosure,D_incomplete_or_ambiguous_disclosure,False,No detected evidence; independence cannot be assumed.,,,development_release_not_for_independence_certification
blip_b16_14m,BLIP-B16-14M,pcam,D1_no_detected_evidence_or_insufficient_disclosure,D_incomplete_or_ambiguous_disclosure,False,No detected evidence; independence cannot be assumed.,,,development_release_not_for_independence_certification
blip_b16_14m,BLIP-B16-14M,panda,D1_no_detected_evidence_or_insufficient_disclosure,D_incomplete_or_ambiguous_disclosure,False,No detected evidence; independence cannot be assumed.,,,development_release_not_for_independence_certification
blip_b16_14m,BLIP-B16-14M,bach,D1_no_detected_evidence_or_insufficient_disclosure,D_incomplete_or_ambiguous_disclosure,False,No detected evidence; independence cannot be assumed.,,,development_release_not_for_independence_certification
blip_b16_14m,BLIP-B16-14M,bracs,D1_no_detected_evidence_or_insufficient_disclosure,D_incomplete_or_ambiguous_disclosure,False,No detected evidence; independence cannot be assumed.,,,development_release_not_for_independence_certification
blip_b16_14m,BLIP-B16-14M,breakhis,D1_no_detected_evidence_or_insufficient_disclosure,D_incomplete_or_ambiguous_disclosure,False,No detected evidence; independence cannot be assumed.,,,development_release_not_for_independence_certification
blip_b16_14m,BLIP-B16-14M,nct_crc_he_100k,D1_no_detected_evidence_or_insufficient_disclosure,D_incomplete_or_ambiguous_disclosure,False,No detected evidence; independence cannot be assumed.,,,development_release_not_for_independence_certification
blip_b16_14m,BLIP-B16-14M,crc_val_he_7k,D1_no_detected_evidence_or_insufficient_disclosure,D_incomplete_or_ambiguous_disclosure,False,No detected evidence; independence cannot be assumed.,,,development_release_not_for_independence_certification
blip_b16_14m,BLIP-B16-14M,mhist,D1_no_detected_evidence_or_insufficient_disclosure,D_incomplete_or_ambiguous_disclosure,False,No detected evidence; independence cannot be assumed.,,,development_release_not_for_independence_certification
blip_b16_14m,BLIP-B16-14M,sicapv2,D1_no_detected_evidence_or_insufficient_disclosure,D_incomplete_or_ambiguous_disclosure,False,No detected evidence; independence cannot be assumed.,,,development_release_not_for_independence_certification
blip_b16_14m,BLIP-B16-14M,unitopatho,D1_no_detected_evidence_or_insufficient_disclosure,D_incomplete_or_ambiguous_disclosure,False,No detected evidence; independence cannot be assumed.,,,development_release_not_for_independence_certification
blip_b16_14m,BLIP-B16-14M,hest,D1_no_detected_evidence_or_insufficient_disclosure,D_incomplete_or_ambiguous_disclosure,False,No detected evidence; independence cannot be assumed.,,,development_release_not_for_independence_certification
blip_b16_14m,BLIP-B16-14M,gtex,D1_no_detected_evidence_or_insufficient_disclosure,D_incomplete_or_ambiguous_disclosure,False,No detected evidence; independence cannot be assumed.,,,development_release_not_for_independence_certification
blip_b16_14m,BLIP-B16-14M,tcia,D1_no_detected_evidence_or_insufficient_disclosure,D_incomplete_or_ambiguous_disclosure,False,No detected evidence; independence cannot be assumed.,,,development_release_not_for_independence_certification
blip_b16_14m,BLIP-B16-14M,paip,D1_no_detected_evidence_or_insufficient_disclosure,D_incomplete_or_ambiguous_disclosure,False,No detected evidence; independence cannot be assumed.,,,development_release_not_for_independence_certification
align_base,ALIGN-base,tcga,D1_no_detected_evidence_or_insufficient_disclosure,D_incomplete_or_ambiguous_disclosure,False,No detected evidence; independence cannot be assumed.,,,development_release_not_for_independence_certification
align_base,ALIGN-base,tcga_brca,D1_no_detected_evidence_or_insufficient_disclosure,D_incomplete_or_ambiguous_disclosure,False,No detected evidence; independence cannot be assumed.,,,development_release_not_for_independence_certification
align_base,ALIGN-base,tcga_luad,D1_no_detected_evidence_or_insufficient_disclosure,D_incomplete_or_ambiguous_disclosure,False,No detected evidence; independence cannot be assumed.,,,development_release_not_for_independence_certification
align_base,ALIGN-base,tcga_lusc,D1_no_detected_evidence_or_insufficient_disclosure,D_incomplete_or_ambiguous_disclosure,False,No detected evidence; independence cannot be assumed.,,,development_release_not_for_independence_certification
align_base,ALIGN-base,tcga_coad,D1_no_detected_evidence_or_insufficient_disclosure,D_incomplete_or_ambiguous_disclosure,False,No detected evidence; independence cannot be assumed.,,,development_release_not_for_independence_certification
align_base,ALIGN-base,tcga_read,D1_no_detected_evidence_or_insufficient_disclosure,D_incomplete_or_ambiguous_disclosure,False,No detected evidence; independence cannot be assumed.,,,development_release_not_for_independence_certification
align_base,ALIGN-base,cptac,D1_no_detected_evidence_or_insufficient_disclosure,D_incomplete_or_ambiguous_disclosure,False,No detected evidence; independence cannot be assumed.,,,development_release_not_for_independence_certification
align_base,ALIGN-base,camelyon16,D1_no_detected_evidence_or_insufficient_disclosure,D_incomplete_or_ambiguous_disclosure,False,No detected evidence; independence cannot be assumed.,,,development_release_not_for_independence_certification
align_base,ALIGN-base,camelyon17,D1_no_detected_evidence_or_insufficient_disclosure,D_incomplete_or_ambiguous_disclosure,False,No detected evidence; independence cannot be assumed.,,,development_release_not_for_independence_certification
align_base,ALIGN-base,pcam,D1_no_detected_evidence_or_insufficient_disclosure,D_incomplete_or_ambiguous_disclosure,False,No detected evidence; independence cannot be assumed.,,,development_release_not_for_independence_certification
align_base,ALIGN-base,panda,D1_no_detected_evidence_or_insufficient_disclosure,D_incomplete_or_ambiguous_disclosure,False,No detected evidence; independence cannot be assumed.,,,development_release_not_for_independence_certification
align_base,ALIGN-base,bach,D1_no_detected_evidence_or_insufficient_disclosure,D_incomplete_or_ambiguous_disclosure,False,No detected evidence; independence cannot be assumed.,,,development_release_not_for_independence_certification
align_base,ALIGN-base,bracs,D1_no_detected_evidence_or_insufficient_disclosure,D_incomplete_or_ambiguous_disclosure,False,No detected evidence; independence cannot be assumed.,,,development_release_not_for_independence_certification
align_base,ALIGN-base,breakhis,D1_no_detected_evidence_or_insufficient_disclosure,D_incomplete_or_ambiguous_disclosure,False,No detected evidence; independence cannot be assumed.,,,development_release_not_for_independence_certification
align_base,ALIGN-base,nct_crc_he_100k,D1_no_detected_evidence_or_insufficient_disclosure,D_incomplete_or_ambiguous_disclosure,False,No detected evidence; independence cannot be assumed.,,,development_release_not_for_independence_certification
align_base,ALIGN-base,crc_val_he_7k,D1_no_detected_evidence_or_insufficient_disclosure,D_incomplete_or_ambiguous_disclosure,False,No detected evidence; independence cannot be assumed.,,,development_release_not_for_independence_certification
align_base,ALIGN-base,mhist,D1_no_detected_evidence_or_insufficient_disclosure,D_incomplete_or_ambiguous_disclosure,False,No detected evidence; independence cannot be assumed.,,,development_release_not_for_independence_certification
align_base,ALIGN-base,sicapv2,D1_no_detected_evidence_or_insufficient_disclosure,D_incomplete_or_ambiguous_disclosure,False,No detected evidence; independence cannot be assumed.,,,development_release_not_for_independence_certification
align_base,ALIGN-base,unitopatho,D1_no_detected_evidence_or_insufficient_disclosure,D_incomplete_or_ambiguous_disclosure,False,No detected evidence; independence cannot be assumed.,,,development_release_not_for_independence_certification
align_base,ALIGN-base,hest,D1_no_detected_evidence_or_insufficient_disclosure,D_incomplete_or_ambiguous_disclosure,False,No detected evidence; independence cannot be assumed.,,,development_release_not_for_independence_certification
align_base,ALIGN-base,gtex,D1_no_detected_evidence_or_insufficient_disclosure,D_incomplete_or_ambiguous_disclosure,False,No detected evidence; independence cannot be assumed.,,,development_release_not_for_independence_certification
align_base,ALIGN-base,tcia,D1_no_detected_evidence_or_insufficient_disclosure,D_incomplete_or_ambiguous_disclosure,False,No detected evidence; independence cannot be assumed.,,,development_release_not_for_independence_certification
align_base,ALIGN-base,paip,D1_no_detected_evidence_or_insufficient_disclosure,D_incomplete_or_ambiguous_disclosure,False,No detected evidence; independence cannot be assumed.,,,development_release_not_for_independence_certification
beit_3_l16,BEiT-3-L16,tcga,D1_no_detected_evidence_or_insufficient_disclosure,D_incomplete_or_ambiguous_disclosure,False,No detected evidence; independence cannot be assumed.,,,development_release_not_for_independence_certification
beit_3_l16,BEiT-3-L16,tcga_brca,D1_no_detected_evidence_or_insufficient_disclosure,D_incomplete_or_ambiguous_disclosure,False,No detected evidence; independence cannot be assumed.,,,development_release_not_for_independence_certification
beit_3_l16,BEiT-3-L16,tcga_luad,D1_no_detected_evidence_or_insufficient_disclosure,D_incomplete_or_ambiguous_disclosure,False,No detected evidence; independence cannot be assumed.,,,development_release_not_for_independence_certification
beit_3_l16,BEiT-3-L16,tcga_lusc,D1_no_detected_evidence_or_insufficient_disclosure,D_incomplete_or_ambiguous_disclosure,False,No detected evidence; independence cannot be assumed.,,,development_release_not_for_independence_certification
beit_3_l16,BEiT-3-L16,tcga_coad,D1_no_detected_evidence_or_insufficient_disclosure,D_incomplete_or_ambiguous_disclosure,False,No detected evidence; independence cannot be assumed.,,,development_release_not_for_independence_certification
beit_3_l16,BEiT-3-L16,tcga_read,D1_no_detected_evidence_or_insufficient_disclosure,D_incomplete_or_ambiguous_disclosure,False,No detected evidence; independence cannot be assumed.,,,development_release_not_for_independence_certification
beit_3_l16,BEiT-3-L16,cptac,D1_no_detected_evidence_or_insufficient_disclosure,D_incomplete_or_ambiguous_disclosure,False,No detected evidence; independence cannot be assumed.,,,development_release_not_for_independence_certification
beit_3_l16,BEiT-3-L16,camelyon16,D1_no_detected_evidence_or_insufficient_disclosure,D_incomplete_or_ambiguous_disclosure,False,No detected evidence; independence cannot be assumed.,,,development_release_not_for_independence_certification
beit_3_l16,BEiT-3-L16,camelyon17,D1_no_detected_evidence_or_insufficient_disclosure,D_incomplete_or_ambiguous_disclosure,False,No detected evidence; independence cannot be assumed.,,,development_release_not_for_independence_certification
beit_3_l16,BEiT-3-L16,pcam,D1_no_detected_evidence_or_insufficient_disclosure,D_incomplete_or_ambiguous_disclosure,False,No detected evidence; independence cannot be assumed.,,,development_release_not_for_independence_certification
beit_3_l16,BEiT-3-L16,panda,D1_no_detected_evidence_or_insufficient_disclosure,D_incomplete_or_ambiguous_disclosure,False,No detected evidence; independence cannot be assumed.,,,development_release_not_for_independence_certification
beit_3_l16,BEiT-3-L16,bach,D1_no_detected_evidence_or_insufficient_disclosure,D_incomplete_or_ambiguous_disclosure,False,No detected evidence; independence cannot be assumed.,,,development_release_not_for_independence_certification
beit_3_l16,BEiT-3-L16,bracs,D1_no_detected_evidence_or_insufficient_disclosure,D_incomplete_or_ambiguous_disclosure,False,No detected evidence; independence cannot be assumed.,,,development_release_not_for_independence_certification
beit_3_l16,BEiT-3-L16,breakhis,D1_no_detected_evidence_or_insufficient_disclosure,D_incomplete_or_ambiguous_disclosure,False,No detected evidence; independence cannot be assumed.,,,development_release_not_for_independence_certification
beit_3_l16,BEiT-3-L16,nct_crc_he_100k,D1_no_detected_evidence_or_insufficient_disclosure,D_incomplete_or_ambiguous_disclosure,False,No detected evidence; independence cannot be assumed.,,,development_release_not_for_independence_certification
beit_3_l16,BEiT-3-L16,crc_val_he_7k,D1_no_detected_evidence_or_insufficient_disclosure,D_incomplete_or_ambiguous_disclosure,False,No detected evidence; independence cannot be assumed.,,,development_release_not_for_independence_certification
beit_3_l16,BEiT-3-L16,mhist,D1_no_detected_evidence_or_insufficient_disclosure,D_incomplete_or_ambiguous_disclosure,False,No detected evidence; independence cannot be assumed.,,,development_release_not_for_independence_certification
beit_3_l16,BEiT-3-L16,sicapv2,D1_no_detected_evidence_or_insufficient_disclosure,D_incomplete_or_ambiguous_disclosure,False,No detected evidence; independence cannot be assumed.,,,development_release_not_for_independence_certification
beit_3_l16,BEiT-3-L16,unitopatho,D1_no_detected_evidence_or_insufficient_disclosure,D_incomplete_or_ambiguous_disclosure,False,No detected evidence; independence cannot be assumed.,,,development_release_not_for_independence_certification
beit_3_l16,BEiT-3-L16,hest,D1_no_detected_evidence_or_insufficient_disclosure,D_incomplete_or_ambiguous_disclosure,False,No detected evidence; independence cannot be assumed.,,,development_release_not_for_independence_certification
beit_3_l16,BEiT-3-L16,gtex,D1_no_detected_evidence_or_insufficient_disclosure,D_incomplete_or_ambiguous_disclosure,False,No detected evidence; independence cannot be assumed.,,,development_release_not_for_independence_certification
beit_3_l16,BEiT-3-L16,tcia,D1_no_detected_evidence_or_insufficient_disclosure,D_incomplete_or_ambiguous_disclosure,False,No detected evidence; independence cannot be assumed.,,,development_release_not_for_independence_certification
beit_3_l16,BEiT-3-L16,paip,D1_no_detected_evidence_or_insufficient_disclosure,D_incomplete_or_ambiguous_disclosure,False,No detected evidence; independence cannot be assumed.,,,development_release_not_for_independence_certification
