model_label,model_id,task_id,canonical_evaluation_dataset_id,direct_source_baseline_class,registry_class,agreement
Kaiko,kaiko,lung_exp_subtype_tcga_lusc_luad_lung_gene_expression_subtype_prediction_slide,tcga,D2_parent_repository_exposure,D2_parent_repository_exposure,True
Lunit,lunit_dinosslpath,lung_exp_subtype_tcga_lusc_luad_lung_gene_expression_subtype_prediction_slide,tcga,D2_parent_repository_exposure,D2_parent_repository_exposure,True
Phikon,phikon,lung_exp_subtype_tcga_lusc_luad_lung_gene_expression_subtype_prediction_slide,tcga,D2_parent_repository_exposure,D2_parent_repository_exposure,True
HIPT,hipt,lung_exp_subtype_tcga_lusc_luad_lung_gene_expression_subtype_prediction_slide,tcga,D2_parent_repository_exposure,D2_parent_repository_exposure,True
iBot-B16,ibot_b16,lung_exp_subtype_tcga_lusc_luad_lung_gene_expression_subtype_prediction_slide,tcga,D1_no_detected_evidence_or_insufficient_disclosure,D1_no_detected_evidence_or_insufficient_disclosure,True
iBot-L16,ibot_l16,lung_exp_subtype_tcga_lusc_luad_lung_gene_expression_subtype_prediction_slide,tcga,D1_no_detected_evidence_or_insufficient_disclosure,D1_no_detected_evidence_or_insufficient_disclosure,True
Dino-S16,dino_s16,lung_exp_subtype_tcga_lusc_luad_lung_gene_expression_subtype_prediction_slide,tcga,D1_no_detected_evidence_or_insufficient_disclosure,D1_no_detected_evidence_or_insufficient_disclosure,True
Dino-B16,dino_b16,lung_exp_subtype_tcga_lusc_luad_lung_gene_expression_subtype_prediction_slide,tcga,D1_no_detected_evidence_or_insufficient_disclosure,D1_no_detected_evidence_or_insufficient_disclosure,True
Kaiko,kaiko,lusc_vs_luad_tcga_lusc_luad_lung_diagnostic_histologic_subtyping_slide,tcga,D2_parent_repository_exposure,D2_parent_repository_exposure,True
Lunit,lunit_dinosslpath,lusc_vs_luad_tcga_lusc_luad_lung_diagnostic_histologic_subtyping_slide,tcga,D2_parent_repository_exposure,D2_parent_repository_exposure,True
Phikon,phikon,lusc_vs_luad_tcga_lusc_luad_lung_diagnostic_histologic_subtyping_slide,tcga,D2_parent_repository_exposure,D2_parent_repository_exposure,True
HIPT,hipt,lusc_vs_luad_tcga_lusc_luad_lung_diagnostic_histologic_subtyping_slide,tcga,D2_parent_repository_exposure,D2_parent_repository_exposure,True
iBot-B16,ibot_b16,lusc_vs_luad_tcga_lusc_luad_lung_diagnostic_histologic_subtyping_slide,tcga,D1_no_detected_evidence_or_insufficient_disclosure,D1_no_detected_evidence_or_insufficient_disclosure,True
iBot-L16,ibot_l16,lusc_vs_luad_tcga_lusc_luad_lung_diagnostic_histologic_subtyping_slide,tcga,D1_no_detected_evidence_or_insufficient_disclosure,D1_no_detected_evidence_or_insufficient_disclosure,True
Dino-S16,dino_s16,lusc_vs_luad_tcga_lusc_luad_lung_diagnostic_histologic_subtyping_slide,tcga,D1_no_detected_evidence_or_insufficient_disclosure,D1_no_detected_evidence_or_insufficient_disclosure,True
Dino-B16,dino_b16,lusc_vs_luad_tcga_lusc_luad_lung_diagnostic_histologic_subtyping_slide,tcga,D1_no_detected_evidence_or_insufficient_disclosure,D1_no_detected_evidence_or_insufficient_disclosure,True
Kaiko,kaiko,cptac_myc_cptac_pan_cancer_pan_cancer_pathway_activation_status_prediction_slide,cptac,D1_no_detected_evidence_or_insufficient_disclosure,D1_no_detected_evidence_or_insufficient_disclosure,True
Lunit,lunit_dinosslpath,cptac_myc_cptac_pan_cancer_pan_cancer_pathway_activation_status_prediction_slide,cptac,D1_no_detected_evidence_or_insufficient_disclosure,D1_no_detected_evidence_or_insufficient_disclosure,True
Phikon,phikon,cptac_myc_cptac_pan_cancer_pan_cancer_pathway_activation_status_prediction_slide,cptac,D1_no_detected_evidence_or_insufficient_disclosure,D1_no_detected_evidence_or_insufficient_disclosure,True
HIPT,hipt,cptac_myc_cptac_pan_cancer_pan_cancer_pathway_activation_status_prediction_slide,cptac,D1_no_detected_evidence_or_insufficient_disclosure,D1_no_detected_evidence_or_insufficient_disclosure,True
iBot-B16,ibot_b16,cptac_myc_cptac_pan_cancer_pan_cancer_pathway_activation_status_prediction_slide,cptac,D1_no_detected_evidence_or_insufficient_disclosure,D1_no_detected_evidence_or_insufficient_disclosure,True
iBot-L16,ibot_l16,cptac_myc_cptac_pan_cancer_pan_cancer_pathway_activation_status_prediction_slide,cptac,D1_no_detected_evidence_or_insufficient_disclosure,D1_no_detected_evidence_or_insufficient_disclosure,True
Dino-S16,dino_s16,cptac_myc_cptac_pan_cancer_pan_cancer_pathway_activation_status_prediction_slide,cptac,D1_no_detected_evidence_or_insufficient_disclosure,D1_no_detected_evidence_or_insufficient_disclosure,True
Dino-B16,dino_b16,cptac_myc_cptac_pan_cancer_pan_cancer_pathway_activation_status_prediction_slide,cptac,D1_no_detected_evidence_or_insufficient_disclosure,D1_no_detected_evidence_or_insufficient_disclosure,True
Kaiko,kaiko,chrom_cptac_pan_cancer_pan_cancer_pathway_activation_status_prediction_slide,cptac,D1_no_detected_evidence_or_insufficient_disclosure,D1_no_detected_evidence_or_insufficient_disclosure,True
Lunit,lunit_dinosslpath,chrom_cptac_pan_cancer_pan_cancer_pathway_activation_status_prediction_slide,cptac,D1_no_detected_evidence_or_insufficient_disclosure,D1_no_detected_evidence_or_insufficient_disclosure,True
Phikon,phikon,chrom_cptac_pan_cancer_pan_cancer_pathway_activation_status_prediction_slide,cptac,D1_no_detected_evidence_or_insufficient_disclosure,D1_no_detected_evidence_or_insufficient_disclosure,True
HIPT,hipt,chrom_cptac_pan_cancer_pan_cancer_pathway_activation_status_prediction_slide,cptac,D1_no_detected_evidence_or_insufficient_disclosure,D1_no_detected_evidence_or_insufficient_disclosure,True
iBot-B16,ibot_b16,chrom_cptac_pan_cancer_pan_cancer_pathway_activation_status_prediction_slide,cptac,D1_no_detected_evidence_or_insufficient_disclosure,D1_no_detected_evidence_or_insufficient_disclosure,True
iBot-L16,ibot_l16,chrom_cptac_pan_cancer_pan_cancer_pathway_activation_status_prediction_slide,cptac,D1_no_detected_evidence_or_insufficient_disclosure,D1_no_detected_evidence_or_insufficient_disclosure,True
Dino-S16,dino_s16,chrom_cptac_pan_cancer_pan_cancer_pathway_activation_status_prediction_slide,cptac,D1_no_detected_evidence_or_insufficient_disclosure,D1_no_detected_evidence_or_insufficient_disclosure,True
Dino-B16,dino_b16,chrom_cptac_pan_cancer_pan_cancer_pathway_activation_status_prediction_slide,cptac,D1_no_detected_evidence_or_insufficient_disclosure,D1_no_detected_evidence_or_insufficient_disclosure,True
Kaiko,kaiko,cptac_grade_cptac_pan_cancer_pan_cancer_diagnostic_tumor_grading_slide,cptac,D1_no_detected_evidence_or_insufficient_disclosure,D1_no_detected_evidence_or_insufficient_disclosure,True
Lunit,lunit_dinosslpath,cptac_grade_cptac_pan_cancer_pan_cancer_diagnostic_tumor_grading_slide,cptac,D1_no_detected_evidence_or_insufficient_disclosure,D1_no_detected_evidence_or_insufficient_disclosure,True
Phikon,phikon,cptac_grade_cptac_pan_cancer_pan_cancer_diagnostic_tumor_grading_slide,cptac,D1_no_detected_evidence_or_insufficient_disclosure,D1_no_detected_evidence_or_insufficient_disclosure,True
HIPT,hipt,cptac_grade_cptac_pan_cancer_pan_cancer_diagnostic_tumor_grading_slide,cptac,D1_no_detected_evidence_or_insufficient_disclosure,D1_no_detected_evidence_or_insufficient_disclosure,True
iBot-B16,ibot_b16,cptac_grade_cptac_pan_cancer_pan_cancer_diagnostic_tumor_grading_slide,cptac,D1_no_detected_evidence_or_insufficient_disclosure,D1_no_detected_evidence_or_insufficient_disclosure,True
iBot-L16,ibot_l16,cptac_grade_cptac_pan_cancer_pan_cancer_diagnostic_tumor_grading_slide,cptac,D1_no_detected_evidence_or_insufficient_disclosure,D1_no_detected_evidence_or_insufficient_disclosure,True
Dino-S16,dino_s16,cptac_grade_cptac_pan_cancer_pan_cancer_diagnostic_tumor_grading_slide,cptac,D1_no_detected_evidence_or_insufficient_disclosure,D1_no_detected_evidence_or_insufficient_disclosure,True
Dino-B16,dino_b16,cptac_grade_cptac_pan_cancer_pan_cancer_diagnostic_tumor_grading_slide,cptac,D1_no_detected_evidence_or_insufficient_disclosure,D1_no_detected_evidence_or_insufficient_disclosure,True
Kaiko,kaiko,tumor_label_cptac_pan_cancer_pan_cancer_diagnostic_histologic_subtyping_slide,cptac,D1_no_detected_evidence_or_insufficient_disclosure,D1_no_detected_evidence_or_insufficient_disclosure,True
Lunit,lunit_dinosslpath,tumor_label_cptac_pan_cancer_pan_cancer_diagnostic_histologic_subtyping_slide,cptac,D1_no_detected_evidence_or_insufficient_disclosure,D1_no_detected_evidence_or_insufficient_disclosure,True
Phikon,phikon,tumor_label_cptac_pan_cancer_pan_cancer_diagnostic_histologic_subtyping_slide,cptac,D1_no_detected_evidence_or_insufficient_disclosure,D1_no_detected_evidence_or_insufficient_disclosure,True
HIPT,hipt,tumor_label_cptac_pan_cancer_pan_cancer_diagnostic_histologic_subtyping_slide,cptac,D1_no_detected_evidence_or_insufficient_disclosure,D1_no_detected_evidence_or_insufficient_disclosure,True
iBot-B16,ibot_b16,tumor_label_cptac_pan_cancer_pan_cancer_diagnostic_histologic_subtyping_slide,cptac,D1_no_detected_evidence_or_insufficient_disclosure,D1_no_detected_evidence_or_insufficient_disclosure,True
iBot-L16,ibot_l16,tumor_label_cptac_pan_cancer_pan_cancer_diagnostic_histologic_subtyping_slide,cptac,D1_no_detected_evidence_or_insufficient_disclosure,D1_no_detected_evidence_or_insufficient_disclosure,True
Dino-S16,dino_s16,tumor_label_cptac_pan_cancer_pan_cancer_diagnostic_histologic_subtyping_slide,cptac,D1_no_detected_evidence_or_insufficient_disclosure,D1_no_detected_evidence_or_insufficient_disclosure,True
Dino-B16,dino_b16,tumor_label_cptac_pan_cancer_pan_cancer_diagnostic_histologic_subtyping_slide,cptac,D1_no_detected_evidence_or_insufficient_disclosure,D1_no_detected_evidence_or_insufficient_disclosure,True
Kaiko,kaiko,mtor_cptac_pan_cancer_pan_cancer_pathway_activation_status_prediction_slide,cptac,D1_no_detected_evidence_or_insufficient_disclosure,D1_no_detected_evidence_or_insufficient_disclosure,True
Lunit,lunit_dinosslpath,mtor_cptac_pan_cancer_pan_cancer_pathway_activation_status_prediction_slide,cptac,D1_no_detected_evidence_or_insufficient_disclosure,D1_no_detected_evidence_or_insufficient_disclosure,True
Phikon,phikon,mtor_cptac_pan_cancer_pan_cancer_pathway_activation_status_prediction_slide,cptac,D1_no_detected_evidence_or_insufficient_disclosure,D1_no_detected_evidence_or_insufficient_disclosure,True
HIPT,hipt,mtor_cptac_pan_cancer_pan_cancer_pathway_activation_status_prediction_slide,cptac,D1_no_detected_evidence_or_insufficient_disclosure,D1_no_detected_evidence_or_insufficient_disclosure,True
iBot-B16,ibot_b16,mtor_cptac_pan_cancer_pan_cancer_pathway_activation_status_prediction_slide,cptac,D1_no_detected_evidence_or_insufficient_disclosure,D1_no_detected_evidence_or_insufficient_disclosure,True
iBot-L16,ibot_l16,mtor_cptac_pan_cancer_pan_cancer_pathway_activation_status_prediction_slide,cptac,D1_no_detected_evidence_or_insufficient_disclosure,D1_no_detected_evidence_or_insufficient_disclosure,True
Dino-S16,dino_s16,mtor_cptac_pan_cancer_pan_cancer_pathway_activation_status_prediction_slide,cptac,D1_no_detected_evidence_or_insufficient_disclosure,D1_no_detected_evidence_or_insufficient_disclosure,True
Dino-B16,dino_b16,mtor_cptac_pan_cancer_pan_cancer_pathway_activation_status_prediction_slide,cptac,D1_no_detected_evidence_or_insufficient_disclosure,D1_no_detected_evidence_or_insufficient_disclosure,True
Kaiko,kaiko,p53_cptac_pan_cancer_pan_cancer_pathway_activation_status_prediction_slide,cptac,D1_no_detected_evidence_or_insufficient_disclosure,D1_no_detected_evidence_or_insufficient_disclosure,True
Lunit,lunit_dinosslpath,p53_cptac_pan_cancer_pan_cancer_pathway_activation_status_prediction_slide,cptac,D1_no_detected_evidence_or_insufficient_disclosure,D1_no_detected_evidence_or_insufficient_disclosure,True
Phikon,phikon,p53_cptac_pan_cancer_pan_cancer_pathway_activation_status_prediction_slide,cptac,D1_no_detected_evidence_or_insufficient_disclosure,D1_no_detected_evidence_or_insufficient_disclosure,True
HIPT,hipt,p53_cptac_pan_cancer_pan_cancer_pathway_activation_status_prediction_slide,cptac,D1_no_detected_evidence_or_insufficient_disclosure,D1_no_detected_evidence_or_insufficient_disclosure,True
iBot-B16,ibot_b16,p53_cptac_pan_cancer_pan_cancer_pathway_activation_status_prediction_slide,cptac,D1_no_detected_evidence_or_insufficient_disclosure,D1_no_detected_evidence_or_insufficient_disclosure,True
iBot-L16,ibot_l16,p53_cptac_pan_cancer_pan_cancer_pathway_activation_status_prediction_slide,cptac,D1_no_detected_evidence_or_insufficient_disclosure,D1_no_detected_evidence_or_insufficient_disclosure,True
Dino-S16,dino_s16,p53_cptac_pan_cancer_pan_cancer_pathway_activation_status_prediction_slide,cptac,D1_no_detected_evidence_or_insufficient_disclosure,D1_no_detected_evidence_or_insufficient_disclosure,True
Dino-B16,dino_b16,p53_cptac_pan_cancer_pan_cancer_pathway_activation_status_prediction_slide,cptac,D1_no_detected_evidence_or_insufficient_disclosure,D1_no_detected_evidence_or_insufficient_disclosure,True
Kaiko,kaiko,swi_cptac_pan_cancer_pan_cancer_pathway_activation_status_prediction_slide,cptac,D1_no_detected_evidence_or_insufficient_disclosure,D1_no_detected_evidence_or_insufficient_disclosure,True
Lunit,lunit_dinosslpath,swi_cptac_pan_cancer_pan_cancer_pathway_activation_status_prediction_slide,cptac,D1_no_detected_evidence_or_insufficient_disclosure,D1_no_detected_evidence_or_insufficient_disclosure,True
Phikon,phikon,swi_cptac_pan_cancer_pan_cancer_pathway_activation_status_prediction_slide,cptac,D1_no_detected_evidence_or_insufficient_disclosure,D1_no_detected_evidence_or_insufficient_disclosure,True
HIPT,hipt,swi_cptac_pan_cancer_pan_cancer_pathway_activation_status_prediction_slide,cptac,D1_no_detected_evidence_or_insufficient_disclosure,D1_no_detected_evidence_or_insufficient_disclosure,True
iBot-B16,ibot_b16,swi_cptac_pan_cancer_pan_cancer_pathway_activation_status_prediction_slide,cptac,D1_no_detected_evidence_or_insufficient_disclosure,D1_no_detected_evidence_or_insufficient_disclosure,True
iBot-L16,ibot_l16,swi_cptac_pan_cancer_pan_cancer_pathway_activation_status_prediction_slide,cptac,D1_no_detected_evidence_or_insufficient_disclosure,D1_no_detected_evidence_or_insufficient_disclosure,True
Dino-S16,dino_s16,swi_cptac_pan_cancer_pan_cancer_pathway_activation_status_prediction_slide,cptac,D1_no_detected_evidence_or_insufficient_disclosure,D1_no_detected_evidence_or_insufficient_disclosure,True
Dino-B16,dino_b16,swi_cptac_pan_cancer_pan_cancer_pathway_activation_status_prediction_slide,cptac,D1_no_detected_evidence_or_insufficient_disclosure,D1_no_detected_evidence_or_insufficient_disclosure,True
Kaiko,kaiko,gi_subtype_tcga_gi_gi_biomarker_status_prediction_slide,tcga,D2_parent_repository_exposure,D2_parent_repository_exposure,True
Lunit,lunit_dinosslpath,gi_subtype_tcga_gi_gi_biomarker_status_prediction_slide,tcga,D2_parent_repository_exposure,D2_parent_repository_exposure,True
Phikon,phikon,gi_subtype_tcga_gi_gi_biomarker_status_prediction_slide,tcga,D2_parent_repository_exposure,D2_parent_repository_exposure,True
HIPT,hipt,gi_subtype_tcga_gi_gi_biomarker_status_prediction_slide,tcga,D2_parent_repository_exposure,D2_parent_repository_exposure,True
iBot-B16,ibot_b16,gi_subtype_tcga_gi_gi_biomarker_status_prediction_slide,tcga,D1_no_detected_evidence_or_insufficient_disclosure,D1_no_detected_evidence_or_insufficient_disclosure,True
iBot-L16,ibot_l16,gi_subtype_tcga_gi_gi_biomarker_status_prediction_slide,tcga,D1_no_detected_evidence_or_insufficient_disclosure,D1_no_detected_evidence_or_insufficient_disclosure,True
Dino-S16,dino_s16,gi_subtype_tcga_gi_gi_biomarker_status_prediction_slide,tcga,D1_no_detected_evidence_or_insufficient_disclosure,D1_no_detected_evidence_or_insufficient_disclosure,True
Dino-B16,dino_b16,gi_subtype_tcga_gi_gi_biomarker_status_prediction_slide,tcga,D1_no_detected_evidence_or_insufficient_disclosure,D1_no_detected_evidence_or_insufficient_disclosure,True
Kaiko,kaiko,erg_status_tcga_prad_prostate_biomarker_status_prediction_slide,tcga,D2_parent_repository_exposure,D2_parent_repository_exposure,True
Lunit,lunit_dinosslpath,erg_status_tcga_prad_prostate_biomarker_status_prediction_slide,tcga,D2_parent_repository_exposure,D2_parent_repository_exposure,True
Phikon,phikon,erg_status_tcga_prad_prostate_biomarker_status_prediction_slide,tcga,D2_parent_repository_exposure,D2_parent_repository_exposure,True
HIPT,hipt,erg_status_tcga_prad_prostate_biomarker_status_prediction_slide,tcga,D2_parent_repository_exposure,D2_parent_repository_exposure,True
iBot-B16,ibot_b16,erg_status_tcga_prad_prostate_biomarker_status_prediction_slide,tcga,D1_no_detected_evidence_or_insufficient_disclosure,D1_no_detected_evidence_or_insufficient_disclosure,True
iBot-L16,ibot_l16,erg_status_tcga_prad_prostate_biomarker_status_prediction_slide,tcga,D1_no_detected_evidence_or_insufficient_disclosure,D1_no_detected_evidence_or_insufficient_disclosure,True
Dino-S16,dino_s16,erg_status_tcga_prad_prostate_biomarker_status_prediction_slide,tcga,D1_no_detected_evidence_or_insufficient_disclosure,D1_no_detected_evidence_or_insufficient_disclosure,True
Dino-B16,dino_b16,erg_status_tcga_prad_prostate_biomarker_status_prediction_slide,tcga,D1_no_detected_evidence_or_insufficient_disclosure,D1_no_detected_evidence_or_insufficient_disclosure,True
Kaiko,kaiko,prad_mrna_cluster_tcga_prad_prostate_gene_expression_subtype_prediction_slide,tcga,D2_parent_repository_exposure,D2_parent_repository_exposure,True
Lunit,lunit_dinosslpath,prad_mrna_cluster_tcga_prad_prostate_gene_expression_subtype_prediction_slide,tcga,D2_parent_repository_exposure,D2_parent_repository_exposure,True
Phikon,phikon,prad_mrna_cluster_tcga_prad_prostate_gene_expression_subtype_prediction_slide,tcga,D2_parent_repository_exposure,D2_parent_repository_exposure,True
HIPT,hipt,prad_mrna_cluster_tcga_prad_prostate_gene_expression_subtype_prediction_slide,tcga,D2_parent_repository_exposure,D2_parent_repository_exposure,True
iBot-B16,ibot_b16,prad_mrna_cluster_tcga_prad_prostate_gene_expression_subtype_prediction_slide,tcga,D1_no_detected_evidence_or_insufficient_disclosure,D1_no_detected_evidence_or_insufficient_disclosure,True
iBot-L16,ibot_l16,prad_mrna_cluster_tcga_prad_prostate_gene_expression_subtype_prediction_slide,tcga,D1_no_detected_evidence_or_insufficient_disclosure,D1_no_detected_evidence_or_insufficient_disclosure,True
Dino-S16,dino_s16,prad_mrna_cluster_tcga_prad_prostate_gene_expression_subtype_prediction_slide,tcga,D1_no_detected_evidence_or_insufficient_disclosure,D1_no_detected_evidence_or_insufficient_disclosure,True
Dino-B16,dino_b16,prad_mrna_cluster_tcga_prad_prostate_gene_expression_subtype_prediction_slide,tcga,D1_no_detected_evidence_or_insufficient_disclosure,D1_no_detected_evidence_or_insufficient_disclosure,True
Kaiko,kaiko,lung_hist_ood1_out_of_domain_lung_lung_diagnostic_histologic_subtyping_slide,stanford_lung,D1_no_detected_evidence_or_insufficient_disclosure,D1_no_detected_evidence_or_insufficient_disclosure,True
Lunit,lunit_dinosslpath,lung_hist_ood1_out_of_domain_lung_lung_diagnostic_histologic_subtyping_slide,stanford_lung,D1_no_detected_evidence_or_insufficient_disclosure,D1_no_detected_evidence_or_insufficient_disclosure,True
Phikon,phikon,lung_hist_ood1_out_of_domain_lung_lung_diagnostic_histologic_subtyping_slide,stanford_lung,D1_no_detected_evidence_or_insufficient_disclosure,D1_no_detected_evidence_or_insufficient_disclosure,True
HIPT,hipt,lung_hist_ood1_out_of_domain_lung_lung_diagnostic_histologic_subtyping_slide,stanford_lung,D1_no_detected_evidence_or_insufficient_disclosure,D1_no_detected_evidence_or_insufficient_disclosure,True
iBot-B16,ibot_b16,lung_hist_ood1_out_of_domain_lung_lung_diagnostic_histologic_subtyping_slide,stanford_lung,D1_no_detected_evidence_or_insufficient_disclosure,D1_no_detected_evidence_or_insufficient_disclosure,True
iBot-L16,ibot_l16,lung_hist_ood1_out_of_domain_lung_lung_diagnostic_histologic_subtyping_slide,stanford_lung,D1_no_detected_evidence_or_insufficient_disclosure,D1_no_detected_evidence_or_insufficient_disclosure,True
Dino-S16,dino_s16,lung_hist_ood1_out_of_domain_lung_lung_diagnostic_histologic_subtyping_slide,stanford_lung,D1_no_detected_evidence_or_insufficient_disclosure,D1_no_detected_evidence_or_insufficient_disclosure,True
Dino-B16,dino_b16,lung_hist_ood1_out_of_domain_lung_lung_diagnostic_histologic_subtyping_slide,stanford_lung,D1_no_detected_evidence_or_insufficient_disclosure,D1_no_detected_evidence_or_insufficient_disclosure,True
Kaiko,kaiko,lung_stage_ood_out_of_domain_lung_lung_diagnostic_tumor_staging_slide,stanford_lung,D1_no_detected_evidence_or_insufficient_disclosure,D1_no_detected_evidence_or_insufficient_disclosure,True
Lunit,lunit_dinosslpath,lung_stage_ood_out_of_domain_lung_lung_diagnostic_tumor_staging_slide,stanford_lung,D1_no_detected_evidence_or_insufficient_disclosure,D1_no_detected_evidence_or_insufficient_disclosure,True
Phikon,phikon,lung_stage_ood_out_of_domain_lung_lung_diagnostic_tumor_staging_slide,stanford_lung,D1_no_detected_evidence_or_insufficient_disclosure,D1_no_detected_evidence_or_insufficient_disclosure,True
HIPT,hipt,lung_stage_ood_out_of_domain_lung_lung_diagnostic_tumor_staging_slide,stanford_lung,D1_no_detected_evidence_or_insufficient_disclosure,D1_no_detected_evidence_or_insufficient_disclosure,True
iBot-B16,ibot_b16,lung_stage_ood_out_of_domain_lung_lung_diagnostic_tumor_staging_slide,stanford_lung,D1_no_detected_evidence_or_insufficient_disclosure,D1_no_detected_evidence_or_insufficient_disclosure,True
iBot-L16,ibot_l16,lung_stage_ood_out_of_domain_lung_lung_diagnostic_tumor_staging_slide,stanford_lung,D1_no_detected_evidence_or_insufficient_disclosure,D1_no_detected_evidence_or_insufficient_disclosure,True
Dino-S16,dino_s16,lung_stage_ood_out_of_domain_lung_lung_diagnostic_tumor_staging_slide,stanford_lung,D1_no_detected_evidence_or_insufficient_disclosure,D1_no_detected_evidence_or_insufficient_disclosure,True
Dino-B16,dino_b16,lung_stage_ood_out_of_domain_lung_lung_diagnostic_tumor_staging_slide,stanford_lung,D1_no_detected_evidence_or_insufficient_disclosure,D1_no_detected_evidence_or_insufficient_disclosure,True
Kaiko,kaiko,brain_necrosis_out_of_domain_brain_brain_diagnostic_other_slide,stanford_gbm,D1_no_detected_evidence_or_insufficient_disclosure,D1_no_detected_evidence_or_insufficient_disclosure,True
Lunit,lunit_dinosslpath,brain_necrosis_out_of_domain_brain_brain_diagnostic_other_slide,stanford_gbm,D1_no_detected_evidence_or_insufficient_disclosure,D1_no_detected_evidence_or_insufficient_disclosure,True
Phikon,phikon,brain_necrosis_out_of_domain_brain_brain_diagnostic_other_slide,stanford_gbm,D1_no_detected_evidence_or_insufficient_disclosure,D1_no_detected_evidence_or_insufficient_disclosure,True
HIPT,hipt,brain_necrosis_out_of_domain_brain_brain_diagnostic_other_slide,stanford_gbm,D1_no_detected_evidence_or_insufficient_disclosure,D1_no_detected_evidence_or_insufficient_disclosure,True
iBot-B16,ibot_b16,brain_necrosis_out_of_domain_brain_brain_diagnostic_other_slide,stanford_gbm,D1_no_detected_evidence_or_insufficient_disclosure,D1_no_detected_evidence_or_insufficient_disclosure,True
iBot-L16,ibot_l16,brain_necrosis_out_of_domain_brain_brain_diagnostic_other_slide,stanford_gbm,D1_no_detected_evidence_or_insufficient_disclosure,D1_no_detected_evidence_or_insufficient_disclosure,True
Dino-S16,dino_s16,brain_necrosis_out_of_domain_brain_brain_diagnostic_other_slide,stanford_gbm,D1_no_detected_evidence_or_insufficient_disclosure,D1_no_detected_evidence_or_insufficient_disclosure,True
Dino-B16,dino_b16,brain_necrosis_out_of_domain_brain_brain_diagnostic_other_slide,stanford_gbm,D1_no_detected_evidence_or_insufficient_disclosure,D1_no_detected_evidence_or_insufficient_disclosure,True
Kaiko,kaiko,mgmt_ood_out_of_domain_brain_brain_biomarker_status_prediction_slide,stanford_gbm,D1_no_detected_evidence_or_insufficient_disclosure,D1_no_detected_evidence_or_insufficient_disclosure,True
Lunit,lunit_dinosslpath,mgmt_ood_out_of_domain_brain_brain_biomarker_status_prediction_slide,stanford_gbm,D1_no_detected_evidence_or_insufficient_disclosure,D1_no_detected_evidence_or_insufficient_disclosure,True
Phikon,phikon,mgmt_ood_out_of_domain_brain_brain_biomarker_status_prediction_slide,stanford_gbm,D1_no_detected_evidence_or_insufficient_disclosure,D1_no_detected_evidence_or_insufficient_disclosure,True
HIPT,hipt,mgmt_ood_out_of_domain_brain_brain_biomarker_status_prediction_slide,stanford_gbm,D1_no_detected_evidence_or_insufficient_disclosure,D1_no_detected_evidence_or_insufficient_disclosure,True
iBot-B16,ibot_b16,mgmt_ood_out_of_domain_brain_brain_biomarker_status_prediction_slide,stanford_gbm,D1_no_detected_evidence_or_insufficient_disclosure,D1_no_detected_evidence_or_insufficient_disclosure,True
iBot-L16,ibot_l16,mgmt_ood_out_of_domain_brain_brain_biomarker_status_prediction_slide,stanford_gbm,D1_no_detected_evidence_or_insufficient_disclosure,D1_no_detected_evidence_or_insufficient_disclosure,True
Dino-S16,dino_s16,mgmt_ood_out_of_domain_brain_brain_biomarker_status_prediction_slide,stanford_gbm,D1_no_detected_evidence_or_insufficient_disclosure,D1_no_detected_evidence_or_insufficient_disclosure,True
Dino-B16,dino_b16,mgmt_ood_out_of_domain_brain_brain_biomarker_status_prediction_slide,stanford_gbm,D1_no_detected_evidence_or_insufficient_disclosure,D1_no_detected_evidence_or_insufficient_disclosure,True
Kaiko,kaiko,bach_external_benchmarking_cohort_brca_breast_diagnostic_primary_diagnosis_and_histologic_subtyping_patch,bach,D1_no_detected_evidence_or_insufficient_disclosure,D1_no_detected_evidence_or_insufficient_disclosure,True
Lunit,lunit_dinosslpath,bach_external_benchmarking_cohort_brca_breast_diagnostic_primary_diagnosis_and_histologic_subtyping_patch,bach,D1_no_detected_evidence_or_insufficient_disclosure,D1_no_detected_evidence_or_insufficient_disclosure,True
Phikon,phikon,bach_external_benchmarking_cohort_brca_breast_diagnostic_primary_diagnosis_and_histologic_subtyping_patch,bach,D1_no_detected_evidence_or_insufficient_disclosure,D1_no_detected_evidence_or_insufficient_disclosure,True
HIPT,hipt,bach_external_benchmarking_cohort_brca_breast_diagnostic_primary_diagnosis_and_histologic_subtyping_patch,bach,D1_no_detected_evidence_or_insufficient_disclosure,D1_no_detected_evidence_or_insufficient_disclosure,True
iBot-B16,ibot_b16,bach_external_benchmarking_cohort_brca_breast_diagnostic_primary_diagnosis_and_histologic_subtyping_patch,bach,D1_no_detected_evidence_or_insufficient_disclosure,D1_no_detected_evidence_or_insufficient_disclosure,True
iBot-L16,ibot_l16,bach_external_benchmarking_cohort_brca_breast_diagnostic_primary_diagnosis_and_histologic_subtyping_patch,bach,D1_no_detected_evidence_or_insufficient_disclosure,D1_no_detected_evidence_or_insufficient_disclosure,True
Dino-S16,dino_s16,bach_external_benchmarking_cohort_brca_breast_diagnostic_primary_diagnosis_and_histologic_subtyping_patch,bach,D1_no_detected_evidence_or_insufficient_disclosure,D1_no_detected_evidence_or_insufficient_disclosure,True
Dino-B16,dino_b16,bach_external_benchmarking_cohort_brca_breast_diagnostic_primary_diagnosis_and_histologic_subtyping_patch,bach,D1_no_detected_evidence_or_insufficient_disclosure,D1_no_detected_evidence_or_insufficient_disclosure,True
Kaiko,kaiko,bracs_external_benchmarking_cohort_brca_breast_diagnostic_primary_diagnosis_and_histologic_subtyping_patch,bracs,D1_no_detected_evidence_or_insufficient_disclosure,D1_no_detected_evidence_or_insufficient_disclosure,True
Lunit,lunit_dinosslpath,bracs_external_benchmarking_cohort_brca_breast_diagnostic_primary_diagnosis_and_histologic_subtyping_patch,bracs,D1_no_detected_evidence_or_insufficient_disclosure,D1_no_detected_evidence_or_insufficient_disclosure,True
Phikon,phikon,bracs_external_benchmarking_cohort_brca_breast_diagnostic_primary_diagnosis_and_histologic_subtyping_patch,bracs,D1_no_detected_evidence_or_insufficient_disclosure,D1_no_detected_evidence_or_insufficient_disclosure,True
HIPT,hipt,bracs_external_benchmarking_cohort_brca_breast_diagnostic_primary_diagnosis_and_histologic_subtyping_patch,bracs,D1_no_detected_evidence_or_insufficient_disclosure,D1_no_detected_evidence_or_insufficient_disclosure,True
iBot-B16,ibot_b16,bracs_external_benchmarking_cohort_brca_breast_diagnostic_primary_diagnosis_and_histologic_subtyping_patch,bracs,D1_no_detected_evidence_or_insufficient_disclosure,D1_no_detected_evidence_or_insufficient_disclosure,True
iBot-L16,ibot_l16,bracs_external_benchmarking_cohort_brca_breast_diagnostic_primary_diagnosis_and_histologic_subtyping_patch,bracs,D1_no_detected_evidence_or_insufficient_disclosure,D1_no_detected_evidence_or_insufficient_disclosure,True
Dino-S16,dino_s16,bracs_external_benchmarking_cohort_brca_breast_diagnostic_primary_diagnosis_and_histologic_subtyping_patch,bracs,D1_no_detected_evidence_or_insufficient_disclosure,D1_no_detected_evidence_or_insufficient_disclosure,True
Dino-B16,dino_b16,bracs_external_benchmarking_cohort_brca_breast_diagnostic_primary_diagnosis_and_histologic_subtyping_patch,bracs,D1_no_detected_evidence_or_insufficient_disclosure,D1_no_detected_evidence_or_insufficient_disclosure,True
Kaiko,kaiko,breakhis_external_benchmarking_cohort_brca_breast_diagnostic_primary_diagnosis_patch,breakhis,D1_no_detected_evidence_or_insufficient_disclosure,D1_no_detected_evidence_or_insufficient_disclosure,True
Lunit,lunit_dinosslpath,breakhis_external_benchmarking_cohort_brca_breast_diagnostic_primary_diagnosis_patch,breakhis,D1_no_detected_evidence_or_insufficient_disclosure,D1_no_detected_evidence_or_insufficient_disclosure,True
Phikon,phikon,breakhis_external_benchmarking_cohort_brca_breast_diagnostic_primary_diagnosis_patch,breakhis,D1_no_detected_evidence_or_insufficient_disclosure,D1_no_detected_evidence_or_insufficient_disclosure,True
HIPT,hipt,breakhis_external_benchmarking_cohort_brca_breast_diagnostic_primary_diagnosis_patch,breakhis,D1_no_detected_evidence_or_insufficient_disclosure,D1_no_detected_evidence_or_insufficient_disclosure,True
iBot-B16,ibot_b16,breakhis_external_benchmarking_cohort_brca_breast_diagnostic_primary_diagnosis_patch,breakhis,D1_no_detected_evidence_or_insufficient_disclosure,D1_no_detected_evidence_or_insufficient_disclosure,True
iBot-L16,ibot_l16,breakhis_external_benchmarking_cohort_brca_breast_diagnostic_primary_diagnosis_patch,breakhis,D1_no_detected_evidence_or_insufficient_disclosure,D1_no_detected_evidence_or_insufficient_disclosure,True
Dino-S16,dino_s16,breakhis_external_benchmarking_cohort_brca_breast_diagnostic_primary_diagnosis_patch,breakhis,D1_no_detected_evidence_or_insufficient_disclosure,D1_no_detected_evidence_or_insufficient_disclosure,True
Dino-B16,dino_b16,breakhis_external_benchmarking_cohort_brca_breast_diagnostic_primary_diagnosis_patch,breakhis,D1_no_detected_evidence_or_insufficient_disclosure,D1_no_detected_evidence_or_insufficient_disclosure,True
Kaiko,kaiko,lung_hist_ood2_out_of_domain_lung_lung_diagnostic_histologic_subtyping_slide,dhmc_lung,D1_no_detected_evidence_or_insufficient_disclosure,D1_no_detected_evidence_or_insufficient_disclosure,True
Lunit,lunit_dinosslpath,lung_hist_ood2_out_of_domain_lung_lung_diagnostic_histologic_subtyping_slide,dhmc_lung,D1_no_detected_evidence_or_insufficient_disclosure,D1_no_detected_evidence_or_insufficient_disclosure,True
Phikon,phikon,lung_hist_ood2_out_of_domain_lung_lung_diagnostic_histologic_subtyping_slide,dhmc_lung,D1_no_detected_evidence_or_insufficient_disclosure,D1_no_detected_evidence_or_insufficient_disclosure,True
HIPT,hipt,lung_hist_ood2_out_of_domain_lung_lung_diagnostic_histologic_subtyping_slide,dhmc_lung,D1_no_detected_evidence_or_insufficient_disclosure,D1_no_detected_evidence_or_insufficient_disclosure,True
iBot-B16,ibot_b16,lung_hist_ood2_out_of_domain_lung_lung_diagnostic_histologic_subtyping_slide,dhmc_lung,D1_no_detected_evidence_or_insufficient_disclosure,D1_no_detected_evidence_or_insufficient_disclosure,True
iBot-L16,ibot_l16,lung_hist_ood2_out_of_domain_lung_lung_diagnostic_histologic_subtyping_slide,dhmc_lung,D1_no_detected_evidence_or_insufficient_disclosure,D1_no_detected_evidence_or_insufficient_disclosure,True
Dino-S16,dino_s16,lung_hist_ood2_out_of_domain_lung_lung_diagnostic_histologic_subtyping_slide,dhmc_lung,D1_no_detected_evidence_or_insufficient_disclosure,D1_no_detected_evidence_or_insufficient_disclosure,True
Dino-B16,dino_b16,lung_hist_ood2_out_of_domain_lung_lung_diagnostic_histologic_subtyping_slide,dhmc_lung,D1_no_detected_evidence_or_insufficient_disclosure,D1_no_detected_evidence_or_insufficient_disclosure,True
Kaiko,kaiko,lc25000_external_benchmarking_cohort_pan_cancer_pan_cancer_diagnostic_primary_diagnosis_and_histologic_subtyping_patch,lc25000,D1_no_detected_evidence_or_insufficient_disclosure,D1_no_detected_evidence_or_insufficient_disclosure,True
Lunit,lunit_dinosslpath,lc25000_external_benchmarking_cohort_pan_cancer_pan_cancer_diagnostic_primary_diagnosis_and_histologic_subtyping_patch,lc25000,D1_no_detected_evidence_or_insufficient_disclosure,D1_no_detected_evidence_or_insufficient_disclosure,True
Phikon,phikon,lc25000_external_benchmarking_cohort_pan_cancer_pan_cancer_diagnostic_primary_diagnosis_and_histologic_subtyping_patch,lc25000,D1_no_detected_evidence_or_insufficient_disclosure,D1_no_detected_evidence_or_insufficient_disclosure,True
HIPT,hipt,lc25000_external_benchmarking_cohort_pan_cancer_pan_cancer_diagnostic_primary_diagnosis_and_histologic_subtyping_patch,lc25000,D1_no_detected_evidence_or_insufficient_disclosure,D1_no_detected_evidence_or_insufficient_disclosure,True
iBot-B16,ibot_b16,lc25000_external_benchmarking_cohort_pan_cancer_pan_cancer_diagnostic_primary_diagnosis_and_histologic_subtyping_patch,lc25000,D1_no_detected_evidence_or_insufficient_disclosure,D1_no_detected_evidence_or_insufficient_disclosure,True
iBot-L16,ibot_l16,lc25000_external_benchmarking_cohort_pan_cancer_pan_cancer_diagnostic_primary_diagnosis_and_histologic_subtyping_patch,lc25000,D1_no_detected_evidence_or_insufficient_disclosure,D1_no_detected_evidence_or_insufficient_disclosure,True
Dino-S16,dino_s16,lc25000_external_benchmarking_cohort_pan_cancer_pan_cancer_diagnostic_primary_diagnosis_and_histologic_subtyping_patch,lc25000,D1_no_detected_evidence_or_insufficient_disclosure,D1_no_detected_evidence_or_insufficient_disclosure,True
Dino-B16,dino_b16,lc25000_external_benchmarking_cohort_pan_cancer_pan_cancer_diagnostic_primary_diagnosis_and_histologic_subtyping_patch,lc25000,D1_no_detected_evidence_or_insufficient_disclosure,D1_no_detected_evidence_or_insufficient_disclosure,True
Kaiko,kaiko,mhist_external_benchmarking_cohort_coad_colon_diagnostic_histologic_subtyping_patch,mhist,D1_no_detected_evidence_or_insufficient_disclosure,D1_no_detected_evidence_or_insufficient_disclosure,True
Lunit,lunit_dinosslpath,mhist_external_benchmarking_cohort_coad_colon_diagnostic_histologic_subtyping_patch,mhist,D1_no_detected_evidence_or_insufficient_disclosure,D1_no_detected_evidence_or_insufficient_disclosure,True
Phikon,phikon,mhist_external_benchmarking_cohort_coad_colon_diagnostic_histologic_subtyping_patch,mhist,D1_no_detected_evidence_or_insufficient_disclosure,D1_no_detected_evidence_or_insufficient_disclosure,True
HIPT,hipt,mhist_external_benchmarking_cohort_coad_colon_diagnostic_histologic_subtyping_patch,mhist,D1_no_detected_evidence_or_insufficient_disclosure,D1_no_detected_evidence_or_insufficient_disclosure,True
iBot-B16,ibot_b16,mhist_external_benchmarking_cohort_coad_colon_diagnostic_histologic_subtyping_patch,mhist,D1_no_detected_evidence_or_insufficient_disclosure,D1_no_detected_evidence_or_insufficient_disclosure,True
iBot-L16,ibot_l16,mhist_external_benchmarking_cohort_coad_colon_diagnostic_histologic_subtyping_patch,mhist,D1_no_detected_evidence_or_insufficient_disclosure,D1_no_detected_evidence_or_insufficient_disclosure,True
Dino-S16,dino_s16,mhist_external_benchmarking_cohort_coad_colon_diagnostic_histologic_subtyping_patch,mhist,D1_no_detected_evidence_or_insufficient_disclosure,D1_no_detected_evidence_or_insufficient_disclosure,True
Dino-B16,dino_b16,mhist_external_benchmarking_cohort_coad_colon_diagnostic_histologic_subtyping_patch,mhist,D1_no_detected_evidence_or_insufficient_disclosure,D1_no_detected_evidence_or_insufficient_disclosure,True
Kaiko,kaiko,nct_crc_he_external_benchmarking_cohort_coad_colon_diagnostic_tissue_type_classification_patch,nct_crc_he_100k,D1_no_detected_evidence_or_insufficient_disclosure,D1_no_detected_evidence_or_insufficient_disclosure,True
Lunit,lunit_dinosslpath,nct_crc_he_external_benchmarking_cohort_coad_colon_diagnostic_tissue_type_classification_patch,nct_crc_he_100k,D1_no_detected_evidence_or_insufficient_disclosure,D1_no_detected_evidence_or_insufficient_disclosure,True
Phikon,phikon,nct_crc_he_external_benchmarking_cohort_coad_colon_diagnostic_tissue_type_classification_patch,nct_crc_he_100k,D1_no_detected_evidence_or_insufficient_disclosure,D1_no_detected_evidence_or_insufficient_disclosure,True
HIPT,hipt,nct_crc_he_external_benchmarking_cohort_coad_colon_diagnostic_tissue_type_classification_patch,nct_crc_he_100k,D1_no_detected_evidence_or_insufficient_disclosure,D1_no_detected_evidence_or_insufficient_disclosure,True
iBot-B16,ibot_b16,nct_crc_he_external_benchmarking_cohort_coad_colon_diagnostic_tissue_type_classification_patch,nct_crc_he_100k,D1_no_detected_evidence_or_insufficient_disclosure,D1_no_detected_evidence_or_insufficient_disclosure,True
iBot-L16,ibot_l16,nct_crc_he_external_benchmarking_cohort_coad_colon_diagnostic_tissue_type_classification_patch,nct_crc_he_100k,D1_no_detected_evidence_or_insufficient_disclosure,D1_no_detected_evidence_or_insufficient_disclosure,True
Dino-S16,dino_s16,nct_crc_he_external_benchmarking_cohort_coad_colon_diagnostic_tissue_type_classification_patch,nct_crc_he_100k,D1_no_detected_evidence_or_insufficient_disclosure,D1_no_detected_evidence_or_insufficient_disclosure,True
Dino-B16,dino_b16,nct_crc_he_external_benchmarking_cohort_coad_colon_diagnostic_tissue_type_classification_patch,nct_crc_he_100k,D1_no_detected_evidence_or_insufficient_disclosure,D1_no_detected_evidence_or_insufficient_disclosure,True
Kaiko,kaiko,sicapv2_external_benchmarking_cohort_prad_prostate_diagnostic_primary_diagnosis_and_tumor_grading_patch,sicapv2,D1_no_detected_evidence_or_insufficient_disclosure,D1_no_detected_evidence_or_insufficient_disclosure,True
Lunit,lunit_dinosslpath,sicapv2_external_benchmarking_cohort_prad_prostate_diagnostic_primary_diagnosis_and_tumor_grading_patch,sicapv2,D1_no_detected_evidence_or_insufficient_disclosure,D1_no_detected_evidence_or_insufficient_disclosure,True
Phikon,phikon,sicapv2_external_benchmarking_cohort_prad_prostate_diagnostic_primary_diagnosis_and_tumor_grading_patch,sicapv2,D1_no_detected_evidence_or_insufficient_disclosure,D1_no_detected_evidence_or_insufficient_disclosure,True
HIPT,hipt,sicapv2_external_benchmarking_cohort_prad_prostate_diagnostic_primary_diagnosis_and_tumor_grading_patch,sicapv2,D1_no_detected_evidence_or_insufficient_disclosure,D1_no_detected_evidence_or_insufficient_disclosure,True
iBot-B16,ibot_b16,sicapv2_external_benchmarking_cohort_prad_prostate_diagnostic_primary_diagnosis_and_tumor_grading_patch,sicapv2,D1_no_detected_evidence_or_insufficient_disclosure,D1_no_detected_evidence_or_insufficient_disclosure,True
iBot-L16,ibot_l16,sicapv2_external_benchmarking_cohort_prad_prostate_diagnostic_primary_diagnosis_and_tumor_grading_patch,sicapv2,D1_no_detected_evidence_or_insufficient_disclosure,D1_no_detected_evidence_or_insufficient_disclosure,True
Dino-S16,dino_s16,sicapv2_external_benchmarking_cohort_prad_prostate_diagnostic_primary_diagnosis_and_tumor_grading_patch,sicapv2,D1_no_detected_evidence_or_insufficient_disclosure,D1_no_detected_evidence_or_insufficient_disclosure,True
Dino-B16,dino_b16,sicapv2_external_benchmarking_cohort_prad_prostate_diagnostic_primary_diagnosis_and_tumor_grading_patch,sicapv2,D1_no_detected_evidence_or_insufficient_disclosure,D1_no_detected_evidence_or_insufficient_disclosure,True
Kaiko,kaiko,unitopatho_external_benchmarking_cohort_coad_colon_diagnostic_primary_diagnosis_patch,unitopatho,D1_no_detected_evidence_or_insufficient_disclosure,D1_no_detected_evidence_or_insufficient_disclosure,True
Lunit,lunit_dinosslpath,unitopatho_external_benchmarking_cohort_coad_colon_diagnostic_primary_diagnosis_patch,unitopatho,D1_no_detected_evidence_or_insufficient_disclosure,D1_no_detected_evidence_or_insufficient_disclosure,True
Phikon,phikon,unitopatho_external_benchmarking_cohort_coad_colon_diagnostic_primary_diagnosis_patch,unitopatho,D1_no_detected_evidence_or_insufficient_disclosure,D1_no_detected_evidence_or_insufficient_disclosure,True
HIPT,hipt,unitopatho_external_benchmarking_cohort_coad_colon_diagnostic_primary_diagnosis_patch,unitopatho,D1_no_detected_evidence_or_insufficient_disclosure,D1_no_detected_evidence_or_insufficient_disclosure,True
iBot-B16,ibot_b16,unitopatho_external_benchmarking_cohort_coad_colon_diagnostic_primary_diagnosis_patch,unitopatho,D1_no_detected_evidence_or_insufficient_disclosure,D1_no_detected_evidence_or_insufficient_disclosure,True
iBot-L16,ibot_l16,unitopatho_external_benchmarking_cohort_coad_colon_diagnostic_primary_diagnosis_patch,unitopatho,D1_no_detected_evidence_or_insufficient_disclosure,D1_no_detected_evidence_or_insufficient_disclosure,True
Dino-S16,dino_s16,unitopatho_external_benchmarking_cohort_coad_colon_diagnostic_primary_diagnosis_patch,unitopatho,D1_no_detected_evidence_or_insufficient_disclosure,D1_no_detected_evidence_or_insufficient_disclosure,True
Dino-B16,dino_b16,unitopatho_external_benchmarking_cohort_coad_colon_diagnostic_primary_diagnosis_patch,unitopatho,D1_no_detected_evidence_or_insufficient_disclosure,D1_no_detected_evidence_or_insufficient_disclosure,True
Kaiko,kaiko,lung_grade_out_of_domain_lung_lung_diagnostic_tumor_grading_slide,nlst,D1_no_detected_evidence_or_insufficient_disclosure,D1_no_detected_evidence_or_insufficient_disclosure,True
Lunit,lunit_dinosslpath,lung_grade_out_of_domain_lung_lung_diagnostic_tumor_grading_slide,nlst,D1_no_detected_evidence_or_insufficient_disclosure,D1_no_detected_evidence_or_insufficient_disclosure,True
Phikon,phikon,lung_grade_out_of_domain_lung_lung_diagnostic_tumor_grading_slide,nlst,D1_no_detected_evidence_or_insufficient_disclosure,D1_no_detected_evidence_or_insufficient_disclosure,True
HIPT,hipt,lung_grade_out_of_domain_lung_lung_diagnostic_tumor_grading_slide,nlst,D1_no_detected_evidence_or_insufficient_disclosure,D1_no_detected_evidence_or_insufficient_disclosure,True
iBot-B16,ibot_b16,lung_grade_out_of_domain_lung_lung_diagnostic_tumor_grading_slide,nlst,D1_no_detected_evidence_or_insufficient_disclosure,D1_no_detected_evidence_or_insufficient_disclosure,True
iBot-L16,ibot_l16,lung_grade_out_of_domain_lung_lung_diagnostic_tumor_grading_slide,nlst,D1_no_detected_evidence_or_insufficient_disclosure,D1_no_detected_evidence_or_insufficient_disclosure,True
Dino-S16,dino_s16,lung_grade_out_of_domain_lung_lung_diagnostic_tumor_grading_slide,nlst,D1_no_detected_evidence_or_insufficient_disclosure,D1_no_detected_evidence_or_insufficient_disclosure,True
Dino-B16,dino_b16,lung_grade_out_of_domain_lung_lung_diagnostic_tumor_grading_slide,nlst,D1_no_detected_evidence_or_insufficient_disclosure,D1_no_detected_evidence_or_insufficient_disclosure,True
Kaiko,kaiko,lung_stage_out_of_domain_lung_lung_diagnostic_tumor_staging_slide,nlst,D1_no_detected_evidence_or_insufficient_disclosure,D1_no_detected_evidence_or_insufficient_disclosure,True
Lunit,lunit_dinosslpath,lung_stage_out_of_domain_lung_lung_diagnostic_tumor_staging_slide,nlst,D1_no_detected_evidence_or_insufficient_disclosure,D1_no_detected_evidence_or_insufficient_disclosure,True
Phikon,phikon,lung_stage_out_of_domain_lung_lung_diagnostic_tumor_staging_slide,nlst,D1_no_detected_evidence_or_insufficient_disclosure,D1_no_detected_evidence_or_insufficient_disclosure,True
HIPT,hipt,lung_stage_out_of_domain_lung_lung_diagnostic_tumor_staging_slide,nlst,D1_no_detected_evidence_or_insufficient_disclosure,D1_no_detected_evidence_or_insufficient_disclosure,True
iBot-B16,ibot_b16,lung_stage_out_of_domain_lung_lung_diagnostic_tumor_staging_slide,nlst,D1_no_detected_evidence_or_insufficient_disclosure,D1_no_detected_evidence_or_insufficient_disclosure,True
iBot-L16,ibot_l16,lung_stage_out_of_domain_lung_lung_diagnostic_tumor_staging_slide,nlst,D1_no_detected_evidence_or_insufficient_disclosure,D1_no_detected_evidence_or_insufficient_disclosure,True
Dino-S16,dino_s16,lung_stage_out_of_domain_lung_lung_diagnostic_tumor_staging_slide,nlst,D1_no_detected_evidence_or_insufficient_disclosure,D1_no_detected_evidence_or_insufficient_disclosure,True
Dino-B16,dino_b16,lung_stage_out_of_domain_lung_lung_diagnostic_tumor_staging_slide,nlst,D1_no_detected_evidence_or_insufficient_disclosure,D1_no_detected_evidence_or_insufficient_disclosure,True
Kaiko,kaiko,kidney_subtype_tcga_kirc_kirp_kich_kidney_diagnostic_histologic_subtyping_slide,tcga,D2_parent_repository_exposure,D2_parent_repository_exposure,True
Lunit,lunit_dinosslpath,kidney_subtype_tcga_kirc_kirp_kich_kidney_diagnostic_histologic_subtyping_slide,tcga,D2_parent_repository_exposure,D2_parent_repository_exposure,True
Phikon,phikon,kidney_subtype_tcga_kirc_kirp_kich_kidney_diagnostic_histologic_subtyping_slide,tcga,D2_parent_repository_exposure,D2_parent_repository_exposure,True
HIPT,hipt,kidney_subtype_tcga_kirc_kirp_kich_kidney_diagnostic_histologic_subtyping_slide,tcga,D2_parent_repository_exposure,D2_parent_repository_exposure,True
iBot-B16,ibot_b16,kidney_subtype_tcga_kirc_kirp_kich_kidney_diagnostic_histologic_subtyping_slide,tcga,D1_no_detected_evidence_or_insufficient_disclosure,D1_no_detected_evidence_or_insufficient_disclosure,True
iBot-L16,ibot_l16,kidney_subtype_tcga_kirc_kirp_kich_kidney_diagnostic_histologic_subtyping_slide,tcga,D1_no_detected_evidence_or_insufficient_disclosure,D1_no_detected_evidence_or_insufficient_disclosure,True
Dino-S16,dino_s16,kidney_subtype_tcga_kirc_kirp_kich_kidney_diagnostic_histologic_subtyping_slide,tcga,D1_no_detected_evidence_or_insufficient_disclosure,D1_no_detected_evidence_or_insufficient_disclosure,True
Dino-B16,dino_b16,kidney_subtype_tcga_kirc_kirp_kich_kidney_diagnostic_histologic_subtyping_slide,tcga,D1_no_detected_evidence_or_insufficient_disclosure,D1_no_detected_evidence_or_insufficient_disclosure,True
Kaiko,kaiko,blca_hist_subtype_tcga_blca_bladder_diagnostic_histologic_subtyping_slide,tcga,D2_parent_repository_exposure,D2_parent_repository_exposure,True
Lunit,lunit_dinosslpath,blca_hist_subtype_tcga_blca_bladder_diagnostic_histologic_subtyping_slide,tcga,D2_parent_repository_exposure,D2_parent_repository_exposure,True
Phikon,phikon,blca_hist_subtype_tcga_blca_bladder_diagnostic_histologic_subtyping_slide,tcga,D2_parent_repository_exposure,D2_parent_repository_exposure,True
HIPT,hipt,blca_hist_subtype_tcga_blca_bladder_diagnostic_histologic_subtyping_slide,tcga,D2_parent_repository_exposure,D2_parent_repository_exposure,True
iBot-B16,ibot_b16,blca_hist_subtype_tcga_blca_bladder_diagnostic_histologic_subtyping_slide,tcga,D1_no_detected_evidence_or_insufficient_disclosure,D1_no_detected_evidence_or_insufficient_disclosure,True
iBot-L16,ibot_l16,blca_hist_subtype_tcga_blca_bladder_diagnostic_histologic_subtyping_slide,tcga,D1_no_detected_evidence_or_insufficient_disclosure,D1_no_detected_evidence_or_insufficient_disclosure,True
Dino-S16,dino_s16,blca_hist_subtype_tcga_blca_bladder_diagnostic_histologic_subtyping_slide,tcga,D1_no_detected_evidence_or_insufficient_disclosure,D1_no_detected_evidence_or_insufficient_disclosure,True
Dino-B16,dino_b16,blca_hist_subtype_tcga_blca_bladder_diagnostic_histologic_subtyping_slide,tcga,D1_no_detected_evidence_or_insufficient_disclosure,D1_no_detected_evidence_or_insufficient_disclosure,True
Kaiko,kaiko,blca_mrna_cluster_tcga_blca_bladder_gene_expression_subtype_prediction_slide,tcga,D2_parent_repository_exposure,D2_parent_repository_exposure,True
Lunit,lunit_dinosslpath,blca_mrna_cluster_tcga_blca_bladder_gene_expression_subtype_prediction_slide,tcga,D2_parent_repository_exposure,D2_parent_repository_exposure,True
Phikon,phikon,blca_mrna_cluster_tcga_blca_bladder_gene_expression_subtype_prediction_slide,tcga,D2_parent_repository_exposure,D2_parent_repository_exposure,True
HIPT,hipt,blca_mrna_cluster_tcga_blca_bladder_gene_expression_subtype_prediction_slide,tcga,D2_parent_repository_exposure,D2_parent_repository_exposure,True
iBot-B16,ibot_b16,blca_mrna_cluster_tcga_blca_bladder_gene_expression_subtype_prediction_slide,tcga,D1_no_detected_evidence_or_insufficient_disclosure,D1_no_detected_evidence_or_insufficient_disclosure,True
iBot-L16,ibot_l16,blca_mrna_cluster_tcga_blca_bladder_gene_expression_subtype_prediction_slide,tcga,D1_no_detected_evidence_or_insufficient_disclosure,D1_no_detected_evidence_or_insufficient_disclosure,True
Dino-S16,dino_s16,blca_mrna_cluster_tcga_blca_bladder_gene_expression_subtype_prediction_slide,tcga,D1_no_detected_evidence_or_insufficient_disclosure,D1_no_detected_evidence_or_insufficient_disclosure,True
Dino-B16,dino_b16,blca_mrna_cluster_tcga_blca_bladder_gene_expression_subtype_prediction_slide,tcga,D1_no_detected_evidence_or_insufficient_disclosure,D1_no_detected_evidence_or_insufficient_disclosure,True
Kaiko,kaiko,er_status_tcga_brca_breast_biomarker_status_prediction_slide,tcga,D2_parent_repository_exposure,D2_parent_repository_exposure,True
Lunit,lunit_dinosslpath,er_status_tcga_brca_breast_biomarker_status_prediction_slide,tcga,D2_parent_repository_exposure,D2_parent_repository_exposure,True
Phikon,phikon,er_status_tcga_brca_breast_biomarker_status_prediction_slide,tcga,D2_parent_repository_exposure,D2_parent_repository_exposure,True
HIPT,hipt,er_status_tcga_brca_breast_biomarker_status_prediction_slide,tcga,D2_parent_repository_exposure,D2_parent_repository_exposure,True
iBot-B16,ibot_b16,er_status_tcga_brca_breast_biomarker_status_prediction_slide,tcga,D1_no_detected_evidence_or_insufficient_disclosure,D1_no_detected_evidence_or_insufficient_disclosure,True
iBot-L16,ibot_l16,er_status_tcga_brca_breast_biomarker_status_prediction_slide,tcga,D1_no_detected_evidence_or_insufficient_disclosure,D1_no_detected_evidence_or_insufficient_disclosure,True
Dino-S16,dino_s16,er_status_tcga_brca_breast_biomarker_status_prediction_slide,tcga,D1_no_detected_evidence_or_insufficient_disclosure,D1_no_detected_evidence_or_insufficient_disclosure,True
Dino-B16,dino_b16,er_status_tcga_brca_breast_biomarker_status_prediction_slide,tcga,D1_no_detected_evidence_or_insufficient_disclosure,D1_no_detected_evidence_or_insufficient_disclosure,True
Kaiko,kaiko,pam50_status_tcga_brca_breast_gene_expression_subtype_prediction_slide,tcga,D2_parent_repository_exposure,D2_parent_repository_exposure,True
Lunit,lunit_dinosslpath,pam50_status_tcga_brca_breast_gene_expression_subtype_prediction_slide,tcga,D2_parent_repository_exposure,D2_parent_repository_exposure,True
Phikon,phikon,pam50_status_tcga_brca_breast_gene_expression_subtype_prediction_slide,tcga,D2_parent_repository_exposure,D2_parent_repository_exposure,True
HIPT,hipt,pam50_status_tcga_brca_breast_gene_expression_subtype_prediction_slide,tcga,D2_parent_repository_exposure,D2_parent_repository_exposure,True
iBot-B16,ibot_b16,pam50_status_tcga_brca_breast_gene_expression_subtype_prediction_slide,tcga,D1_no_detected_evidence_or_insufficient_disclosure,D1_no_detected_evidence_or_insufficient_disclosure,True
iBot-L16,ibot_l16,pam50_status_tcga_brca_breast_gene_expression_subtype_prediction_slide,tcga,D1_no_detected_evidence_or_insufficient_disclosure,D1_no_detected_evidence_or_insufficient_disclosure,True
Dino-S16,dino_s16,pam50_status_tcga_brca_breast_gene_expression_subtype_prediction_slide,tcga,D1_no_detected_evidence_or_insufficient_disclosure,D1_no_detected_evidence_or_insufficient_disclosure,True
Dino-B16,dino_b16,pam50_status_tcga_brca_breast_gene_expression_subtype_prediction_slide,tcga,D1_no_detected_evidence_or_insufficient_disclosure,D1_no_detected_evidence_or_insufficient_disclosure,True
Kaiko,kaiko,pr_status_tcga_brca_breast_biomarker_status_prediction_slide,tcga,D2_parent_repository_exposure,D2_parent_repository_exposure,True
Lunit,lunit_dinosslpath,pr_status_tcga_brca_breast_biomarker_status_prediction_slide,tcga,D2_parent_repository_exposure,D2_parent_repository_exposure,True
Phikon,phikon,pr_status_tcga_brca_breast_biomarker_status_prediction_slide,tcga,D2_parent_repository_exposure,D2_parent_repository_exposure,True
HIPT,hipt,pr_status_tcga_brca_breast_biomarker_status_prediction_slide,tcga,D2_parent_repository_exposure,D2_parent_repository_exposure,True
iBot-B16,ibot_b16,pr_status_tcga_brca_breast_biomarker_status_prediction_slide,tcga,D1_no_detected_evidence_or_insufficient_disclosure,D1_no_detected_evidence_or_insufficient_disclosure,True
iBot-L16,ibot_l16,pr_status_tcga_brca_breast_biomarker_status_prediction_slide,tcga,D1_no_detected_evidence_or_insufficient_disclosure,D1_no_detected_evidence_or_insufficient_disclosure,True
Dino-S16,dino_s16,pr_status_tcga_brca_breast_biomarker_status_prediction_slide,tcga,D1_no_detected_evidence_or_insufficient_disclosure,D1_no_detected_evidence_or_insufficient_disclosure,True
Dino-B16,dino_b16,pr_status_tcga_brca_breast_biomarker_status_prediction_slide,tcga,D1_no_detected_evidence_or_insufficient_disclosure,D1_no_detected_evidence_or_insufficient_disclosure,True
Kaiko,kaiko,idh_tcga_gbm_lgg_brain_biomarker_status_prediction_slide,tcga,D2_parent_repository_exposure,D2_parent_repository_exposure,True
Lunit,lunit_dinosslpath,idh_tcga_gbm_lgg_brain_biomarker_status_prediction_slide,tcga,D2_parent_repository_exposure,D2_parent_repository_exposure,True
Phikon,phikon,idh_tcga_gbm_lgg_brain_biomarker_status_prediction_slide,tcga,D2_parent_repository_exposure,D2_parent_repository_exposure,True
HIPT,hipt,idh_tcga_gbm_lgg_brain_biomarker_status_prediction_slide,tcga,D2_parent_repository_exposure,D2_parent_repository_exposure,True
iBot-B16,ibot_b16,idh_tcga_gbm_lgg_brain_biomarker_status_prediction_slide,tcga,D1_no_detected_evidence_or_insufficient_disclosure,D1_no_detected_evidence_or_insufficient_disclosure,True
iBot-L16,ibot_l16,idh_tcga_gbm_lgg_brain_biomarker_status_prediction_slide,tcga,D1_no_detected_evidence_or_insufficient_disclosure,D1_no_detected_evidence_or_insufficient_disclosure,True
Dino-S16,dino_s16,idh_tcga_gbm_lgg_brain_biomarker_status_prediction_slide,tcga,D1_no_detected_evidence_or_insufficient_disclosure,D1_no_detected_evidence_or_insufficient_disclosure,True
Dino-B16,dino_b16,idh_tcga_gbm_lgg_brain_biomarker_status_prediction_slide,tcga,D1_no_detected_evidence_or_insufficient_disclosure,D1_no_detected_evidence_or_insufficient_disclosure,True
Kaiko,kaiko,mgmt_tcga_gbm_lgg_brain_biomarker_status_prediction_slide,tcga,D2_parent_repository_exposure,D2_parent_repository_exposure,True
Lunit,lunit_dinosslpath,mgmt_tcga_gbm_lgg_brain_biomarker_status_prediction_slide,tcga,D2_parent_repository_exposure,D2_parent_repository_exposure,True
Phikon,phikon,mgmt_tcga_gbm_lgg_brain_biomarker_status_prediction_slide,tcga,D2_parent_repository_exposure,D2_parent_repository_exposure,True
HIPT,hipt,mgmt_tcga_gbm_lgg_brain_biomarker_status_prediction_slide,tcga,D2_parent_repository_exposure,D2_parent_repository_exposure,True
iBot-B16,ibot_b16,mgmt_tcga_gbm_lgg_brain_biomarker_status_prediction_slide,tcga,D1_no_detected_evidence_or_insufficient_disclosure,D1_no_detected_evidence_or_insufficient_disclosure,True
iBot-L16,ibot_l16,mgmt_tcga_gbm_lgg_brain_biomarker_status_prediction_slide,tcga,D1_no_detected_evidence_or_insufficient_disclosure,D1_no_detected_evidence_or_insufficient_disclosure,True
Dino-S16,dino_s16,mgmt_tcga_gbm_lgg_brain_biomarker_status_prediction_slide,tcga,D1_no_detected_evidence_or_insufficient_disclosure,D1_no_detected_evidence_or_insufficient_disclosure,True
Dino-B16,dino_b16,mgmt_tcga_gbm_lgg_brain_biomarker_status_prediction_slide,tcga,D1_no_detected_evidence_or_insufficient_disclosure,D1_no_detected_evidence_or_insufficient_disclosure,True
Kaiko,kaiko,brain_hist_subtype_tcga_gbm_lgg_brain_diagnostic_histologic_subtyping_slide,tcga,D2_parent_repository_exposure,D2_parent_repository_exposure,True
Lunit,lunit_dinosslpath,brain_hist_subtype_tcga_gbm_lgg_brain_diagnostic_histologic_subtyping_slide,tcga,D2_parent_repository_exposure,D2_parent_repository_exposure,True
Phikon,phikon,brain_hist_subtype_tcga_gbm_lgg_brain_diagnostic_histologic_subtyping_slide,tcga,D2_parent_repository_exposure,D2_parent_repository_exposure,True
HIPT,hipt,brain_hist_subtype_tcga_gbm_lgg_brain_diagnostic_histologic_subtyping_slide,tcga,D2_parent_repository_exposure,D2_parent_repository_exposure,True
iBot-B16,ibot_b16,brain_hist_subtype_tcga_gbm_lgg_brain_diagnostic_histologic_subtyping_slide,tcga,D1_no_detected_evidence_or_insufficient_disclosure,D1_no_detected_evidence_or_insufficient_disclosure,True
iBot-L16,ibot_l16,brain_hist_subtype_tcga_gbm_lgg_brain_diagnostic_histologic_subtyping_slide,tcga,D1_no_detected_evidence_or_insufficient_disclosure,D1_no_detected_evidence_or_insufficient_disclosure,True
Dino-S16,dino_s16,brain_hist_subtype_tcga_gbm_lgg_brain_diagnostic_histologic_subtyping_slide,tcga,D1_no_detected_evidence_or_insufficient_disclosure,D1_no_detected_evidence_or_insufficient_disclosure,True
Dino-B16,dino_b16,brain_hist_subtype_tcga_gbm_lgg_brain_diagnostic_histologic_subtyping_slide,tcga,D1_no_detected_evidence_or_insufficient_disclosure,D1_no_detected_evidence_or_insufficient_disclosure,True
Kaiko,kaiko,brain_exp_subtype_tcga_gbm_lgg_brain_gene_expression_subtype_prediction_slide,tcga,D2_parent_repository_exposure,D2_parent_repository_exposure,True
Lunit,lunit_dinosslpath,brain_exp_subtype_tcga_gbm_lgg_brain_gene_expression_subtype_prediction_slide,tcga,D2_parent_repository_exposure,D2_parent_repository_exposure,True
Phikon,phikon,brain_exp_subtype_tcga_gbm_lgg_brain_gene_expression_subtype_prediction_slide,tcga,D2_parent_repository_exposure,D2_parent_repository_exposure,True
HIPT,hipt,brain_exp_subtype_tcga_gbm_lgg_brain_gene_expression_subtype_prediction_slide,tcga,D2_parent_repository_exposure,D2_parent_repository_exposure,True
iBot-B16,ibot_b16,brain_exp_subtype_tcga_gbm_lgg_brain_gene_expression_subtype_prediction_slide,tcga,D1_no_detected_evidence_or_insufficient_disclosure,D1_no_detected_evidence_or_insufficient_disclosure,True
iBot-L16,ibot_l16,brain_exp_subtype_tcga_gbm_lgg_brain_gene_expression_subtype_prediction_slide,tcga,D1_no_detected_evidence_or_insufficient_disclosure,D1_no_detected_evidence_or_insufficient_disclosure,True
Dino-S16,dino_s16,brain_exp_subtype_tcga_gbm_lgg_brain_gene_expression_subtype_prediction_slide,tcga,D1_no_detected_evidence_or_insufficient_disclosure,D1_no_detected_evidence_or_insufficient_disclosure,True
Dino-B16,dino_b16,brain_exp_subtype_tcga_gbm_lgg_brain_gene_expression_subtype_prediction_slide,tcga,D1_no_detected_evidence_or_insufficient_disclosure,D1_no_detected_evidence_or_insufficient_disclosure,True
Kaiko,kaiko,myc_tcga_pan_cancer_pan_cancer_pathway_activation_status_prediction_slide,tcga,D2_parent_repository_exposure,D2_parent_repository_exposure,True
Lunit,lunit_dinosslpath,myc_tcga_pan_cancer_pan_cancer_pathway_activation_status_prediction_slide,tcga,D2_parent_repository_exposure,D2_parent_repository_exposure,True
Phikon,phikon,myc_tcga_pan_cancer_pan_cancer_pathway_activation_status_prediction_slide,tcga,D2_parent_repository_exposure,D2_parent_repository_exposure,True
HIPT,hipt,myc_tcga_pan_cancer_pan_cancer_pathway_activation_status_prediction_slide,tcga,D2_parent_repository_exposure,D2_parent_repository_exposure,True
iBot-B16,ibot_b16,myc_tcga_pan_cancer_pan_cancer_pathway_activation_status_prediction_slide,tcga,D1_no_detected_evidence_or_insufficient_disclosure,D1_no_detected_evidence_or_insufficient_disclosure,True
iBot-L16,ibot_l16,myc_tcga_pan_cancer_pan_cancer_pathway_activation_status_prediction_slide,tcga,D1_no_detected_evidence_or_insufficient_disclosure,D1_no_detected_evidence_or_insufficient_disclosure,True
Dino-S16,dino_s16,myc_tcga_pan_cancer_pan_cancer_pathway_activation_status_prediction_slide,tcga,D1_no_detected_evidence_or_insufficient_disclosure,D1_no_detected_evidence_or_insufficient_disclosure,True
Dino-B16,dino_b16,myc_tcga_pan_cancer_pan_cancer_pathway_activation_status_prediction_slide,tcga,D1_no_detected_evidence_or_insufficient_disclosure,D1_no_detected_evidence_or_insufficient_disclosure,True
Kaiko,kaiko,pi3k_tcga_pan_cancer_pan_cancer_pathway_activation_status_prediction_slide,tcga,D2_parent_repository_exposure,D2_parent_repository_exposure,True
Lunit,lunit_dinosslpath,pi3k_tcga_pan_cancer_pan_cancer_pathway_activation_status_prediction_slide,tcga,D2_parent_repository_exposure,D2_parent_repository_exposure,True
Phikon,phikon,pi3k_tcga_pan_cancer_pan_cancer_pathway_activation_status_prediction_slide,tcga,D2_parent_repository_exposure,D2_parent_repository_exposure,True
HIPT,hipt,pi3k_tcga_pan_cancer_pan_cancer_pathway_activation_status_prediction_slide,tcga,D2_parent_repository_exposure,D2_parent_repository_exposure,True
iBot-B16,ibot_b16,pi3k_tcga_pan_cancer_pan_cancer_pathway_activation_status_prediction_slide,tcga,D1_no_detected_evidence_or_insufficient_disclosure,D1_no_detected_evidence_or_insufficient_disclosure,True
iBot-L16,ibot_l16,pi3k_tcga_pan_cancer_pan_cancer_pathway_activation_status_prediction_slide,tcga,D1_no_detected_evidence_or_insufficient_disclosure,D1_no_detected_evidence_or_insufficient_disclosure,True
Dino-S16,dino_s16,pi3k_tcga_pan_cancer_pan_cancer_pathway_activation_status_prediction_slide,tcga,D1_no_detected_evidence_or_insufficient_disclosure,D1_no_detected_evidence_or_insufficient_disclosure,True
Dino-B16,dino_b16,pi3k_tcga_pan_cancer_pan_cancer_pathway_activation_status_prediction_slide,tcga,D1_no_detected_evidence_or_insufficient_disclosure,D1_no_detected_evidence_or_insufficient_disclosure,True
Kaiko,kaiko,tcga_grade_tcga_pan_cancer_pan_cancer_diagnostic_tumor_grading_slide,tcga,D2_parent_repository_exposure,D2_parent_repository_exposure,True
Lunit,lunit_dinosslpath,tcga_grade_tcga_pan_cancer_pan_cancer_diagnostic_tumor_grading_slide,tcga,D2_parent_repository_exposure,D2_parent_repository_exposure,True
Phikon,phikon,tcga_grade_tcga_pan_cancer_pan_cancer_diagnostic_tumor_grading_slide,tcga,D2_parent_repository_exposure,D2_parent_repository_exposure,True
HIPT,hipt,tcga_grade_tcga_pan_cancer_pan_cancer_diagnostic_tumor_grading_slide,tcga,D2_parent_repository_exposure,D2_parent_repository_exposure,True
iBot-B16,ibot_b16,tcga_grade_tcga_pan_cancer_pan_cancer_diagnostic_tumor_grading_slide,tcga,D1_no_detected_evidence_or_insufficient_disclosure,D1_no_detected_evidence_or_insufficient_disclosure,True
iBot-L16,ibot_l16,tcga_grade_tcga_pan_cancer_pan_cancer_diagnostic_tumor_grading_slide,tcga,D1_no_detected_evidence_or_insufficient_disclosure,D1_no_detected_evidence_or_insufficient_disclosure,True
Dino-S16,dino_s16,tcga_grade_tcga_pan_cancer_pan_cancer_diagnostic_tumor_grading_slide,tcga,D1_no_detected_evidence_or_insufficient_disclosure,D1_no_detected_evidence_or_insufficient_disclosure,True
Dino-B16,dino_b16,tcga_grade_tcga_pan_cancer_pan_cancer_diagnostic_tumor_grading_slide,tcga,D1_no_detected_evidence_or_insufficient_disclosure,D1_no_detected_evidence_or_insufficient_disclosure,True
Kaiko,kaiko,immunegroup_tcga_pan_cancer_pan_cancer_gene_expression_subtype_prediction_slide,tcga,D2_parent_repository_exposure,D2_parent_repository_exposure,True
Lunit,lunit_dinosslpath,immunegroup_tcga_pan_cancer_pan_cancer_gene_expression_subtype_prediction_slide,tcga,D2_parent_repository_exposure,D2_parent_repository_exposure,True
Phikon,phikon,immunegroup_tcga_pan_cancer_pan_cancer_gene_expression_subtype_prediction_slide,tcga,D2_parent_repository_exposure,D2_parent_repository_exposure,True
HIPT,hipt,immunegroup_tcga_pan_cancer_pan_cancer_gene_expression_subtype_prediction_slide,tcga,D2_parent_repository_exposure,D2_parent_repository_exposure,True
iBot-B16,ibot_b16,immunegroup_tcga_pan_cancer_pan_cancer_gene_expression_subtype_prediction_slide,tcga,D1_no_detected_evidence_or_insufficient_disclosure,D1_no_detected_evidence_or_insufficient_disclosure,True
iBot-L16,ibot_l16,immunegroup_tcga_pan_cancer_pan_cancer_gene_expression_subtype_prediction_slide,tcga,D1_no_detected_evidence_or_insufficient_disclosure,D1_no_detected_evidence_or_insufficient_disclosure,True
Dino-S16,dino_s16,immunegroup_tcga_pan_cancer_pan_cancer_gene_expression_subtype_prediction_slide,tcga,D1_no_detected_evidence_or_insufficient_disclosure,D1_no_detected_evidence_or_insufficient_disclosure,True
Dino-B16,dino_b16,immunegroup_tcga_pan_cancer_pan_cancer_gene_expression_subtype_prediction_slide,tcga,D1_no_detected_evidence_or_insufficient_disclosure,D1_no_detected_evidence_or_insufficient_disclosure,True
Hibou,hibou_b,lung_exp_subtype_tcga_lusc_luad_lung_gene_expression_subtype_prediction_slide,tcga,D1_no_detected_evidence_or_insufficient_disclosure,D1_no_detected_evidence_or_insufficient_disclosure,True
H-optimus-0,h_optimus_0,lung_exp_subtype_tcga_lusc_luad_lung_gene_expression_subtype_prediction_slide,tcga,D1_no_detected_evidence_or_insufficient_disclosure,D1_no_detected_evidence_or_insufficient_disclosure,True
UNI2,uni2,lung_exp_subtype_tcga_lusc_luad_lung_gene_expression_subtype_prediction_slide,tcga,D1_no_detected_evidence_or_insufficient_disclosure,D1_no_detected_evidence_or_insufficient_disclosure,True
Phikon-v2,phikon_v2,lung_exp_subtype_tcga_lusc_luad_lung_gene_expression_subtype_prediction_slide,tcga,D2_parent_repository_exposure,D2_parent_repository_exposure,True
Virchow2,virchow2,lung_exp_subtype_tcga_lusc_luad_lung_gene_expression_subtype_prediction_slide,tcga,D1_no_detected_evidence_or_insufficient_disclosure,D1_no_detected_evidence_or_insufficient_disclosure,True
TITAN,titan,lung_exp_subtype_tcga_lusc_luad_lung_gene_expression_subtype_prediction_slide,tcga,D0_documented_disjoint,D0_documented_disjoint,True
UNI,uni,lung_exp_subtype_tcga_lusc_luad_lung_gene_expression_subtype_prediction_slide,tcga,D0_documented_disjoint,D0_documented_disjoint,True
Prov-GigaPath,prov_gigapath,lung_exp_subtype_tcga_lusc_luad_lung_gene_expression_subtype_prediction_slide,tcga,D1_no_detected_evidence_or_insufficient_disclosure,D1_no_detected_evidence_or_insufficient_disclosure,True
Virchow,virchow,lung_exp_subtype_tcga_lusc_luad_lung_gene_expression_subtype_prediction_slide,tcga,D1_no_detected_evidence_or_insufficient_disclosure,D1_no_detected_evidence_or_insufficient_disclosure,True
QuiltNet-B-16,quiltnet_b16,lung_exp_subtype_tcga_lusc_luad_lung_gene_expression_subtype_prediction_slide,tcga,D1_no_detected_evidence_or_insufficient_disclosure,D1_no_detected_evidence_or_insufficient_disclosure,True
PLIP,plip,lung_exp_subtype_tcga_lusc_luad_lung_gene_expression_subtype_prediction_slide,tcga,D1_no_detected_evidence_or_insufficient_disclosure,D1_no_detected_evidence_or_insufficient_disclosure,True
BiomedCLIP,biomedclip,lung_exp_subtype_tcga_lusc_luad_lung_gene_expression_subtype_prediction_slide,tcga,D1_no_detected_evidence_or_insufficient_disclosure,D1_no_detected_evidence_or_insufficient_disclosure,True
Dinov2,dinov2_l,lung_exp_subtype_tcga_lusc_luad_lung_gene_expression_subtype_prediction_slide,tcga,D1_no_detected_evidence_or_insufficient_disclosure,D1_no_detected_evidence_or_insufficient_disclosure,True
Clip-B16,clip_b16,lung_exp_subtype_tcga_lusc_luad_lung_gene_expression_subtype_prediction_slide,tcga,D1_no_detected_evidence_or_insufficient_disclosure,D1_no_detected_evidence_or_insufficient_disclosure,True
Hibou,hibou_b,lusc_vs_luad_tcga_lusc_luad_lung_diagnostic_histologic_subtyping_slide,tcga,D1_no_detected_evidence_or_insufficient_disclosure,D1_no_detected_evidence_or_insufficient_disclosure,True
H-optimus-0,h_optimus_0,lusc_vs_luad_tcga_lusc_luad_lung_diagnostic_histologic_subtyping_slide,tcga,D1_no_detected_evidence_or_insufficient_disclosure,D1_no_detected_evidence_or_insufficient_disclosure,True
UNI2,uni2,lusc_vs_luad_tcga_lusc_luad_lung_diagnostic_histologic_subtyping_slide,tcga,D1_no_detected_evidence_or_insufficient_disclosure,D1_no_detected_evidence_or_insufficient_disclosure,True
Phikon-v2,phikon_v2,lusc_vs_luad_tcga_lusc_luad_lung_diagnostic_histologic_subtyping_slide,tcga,D2_parent_repository_exposure,D2_parent_repository_exposure,True
Virchow2,virchow2,lusc_vs_luad_tcga_lusc_luad_lung_diagnostic_histologic_subtyping_slide,tcga,D1_no_detected_evidence_or_insufficient_disclosure,D1_no_detected_evidence_or_insufficient_disclosure,True
TITAN,titan,lusc_vs_luad_tcga_lusc_luad_lung_diagnostic_histologic_subtyping_slide,tcga,D0_documented_disjoint,D0_documented_disjoint,True
UNI,uni,lusc_vs_luad_tcga_lusc_luad_lung_diagnostic_histologic_subtyping_slide,tcga,D0_documented_disjoint,D0_documented_disjoint,True
Prov-GigaPath,prov_gigapath,lusc_vs_luad_tcga_lusc_luad_lung_diagnostic_histologic_subtyping_slide,tcga,D1_no_detected_evidence_or_insufficient_disclosure,D1_no_detected_evidence_or_insufficient_disclosure,True
Virchow,virchow,lusc_vs_luad_tcga_lusc_luad_lung_diagnostic_histologic_subtyping_slide,tcga,D1_no_detected_evidence_or_insufficient_disclosure,D1_no_detected_evidence_or_insufficient_disclosure,True
QuiltNet-B-16,quiltnet_b16,lusc_vs_luad_tcga_lusc_luad_lung_diagnostic_histologic_subtyping_slide,tcga,D1_no_detected_evidence_or_insufficient_disclosure,D1_no_detected_evidence_or_insufficient_disclosure,True
PLIP,plip,lusc_vs_luad_tcga_lusc_luad_lung_diagnostic_histologic_subtyping_slide,tcga,D1_no_detected_evidence_or_insufficient_disclosure,D1_no_detected_evidence_or_insufficient_disclosure,True
BiomedCLIP,biomedclip,lusc_vs_luad_tcga_lusc_luad_lung_diagnostic_histologic_subtyping_slide,tcga,D1_no_detected_evidence_or_insufficient_disclosure,D1_no_detected_evidence_or_insufficient_disclosure,True
Dinov2,dinov2_l,lusc_vs_luad_tcga_lusc_luad_lung_diagnostic_histologic_subtyping_slide,tcga,D1_no_detected_evidence_or_insufficient_disclosure,D1_no_detected_evidence_or_insufficient_disclosure,True
Clip-B16,clip_b16,lusc_vs_luad_tcga_lusc_luad_lung_diagnostic_histologic_subtyping_slide,tcga,D1_no_detected_evidence_or_insufficient_disclosure,D1_no_detected_evidence_or_insufficient_disclosure,True
Hibou,hibou_b,cptac_myc_cptac_pan_cancer_pan_cancer_pathway_activation_status_prediction_slide,cptac,D1_no_detected_evidence_or_insufficient_disclosure,D1_no_detected_evidence_or_insufficient_disclosure,True
H-optimus-0,h_optimus_0,cptac_myc_cptac_pan_cancer_pan_cancer_pathway_activation_status_prediction_slide,cptac,D1_no_detected_evidence_or_insufficient_disclosure,D1_no_detected_evidence_or_insufficient_disclosure,True
UNI2,uni2,cptac_myc_cptac_pan_cancer_pan_cancer_pathway_activation_status_prediction_slide,cptac,D1_no_detected_evidence_or_insufficient_disclosure,D1_no_detected_evidence_or_insufficient_disclosure,True
Phikon-v2,phikon_v2,cptac_myc_cptac_pan_cancer_pan_cancer_pathway_activation_status_prediction_slide,cptac,D2_parent_repository_exposure,D2_parent_repository_exposure,True
Virchow2,virchow2,cptac_myc_cptac_pan_cancer_pan_cancer_pathway_activation_status_prediction_slide,cptac,D1_no_detected_evidence_or_insufficient_disclosure,D1_no_detected_evidence_or_insufficient_disclosure,True
TITAN,titan,cptac_myc_cptac_pan_cancer_pan_cancer_pathway_activation_status_prediction_slide,cptac,D0_documented_disjoint,D0_documented_disjoint,True
UNI,uni,cptac_myc_cptac_pan_cancer_pan_cancer_pathway_activation_status_prediction_slide,cptac,D0_documented_disjoint,D0_documented_disjoint,True
Prov-GigaPath,prov_gigapath,cptac_myc_cptac_pan_cancer_pan_cancer_pathway_activation_status_prediction_slide,cptac,D1_no_detected_evidence_or_insufficient_disclosure,D1_no_detected_evidence_or_insufficient_disclosure,True
Virchow,virchow,cptac_myc_cptac_pan_cancer_pan_cancer_pathway_activation_status_prediction_slide,cptac,D1_no_detected_evidence_or_insufficient_disclosure,D1_no_detected_evidence_or_insufficient_disclosure,True
QuiltNet-B-16,quiltnet_b16,cptac_myc_cptac_pan_cancer_pan_cancer_pathway_activation_status_prediction_slide,cptac,D1_no_detected_evidence_or_insufficient_disclosure,D1_no_detected_evidence_or_insufficient_disclosure,True
PLIP,plip,cptac_myc_cptac_pan_cancer_pan_cancer_pathway_activation_status_prediction_slide,cptac,D1_no_detected_evidence_or_insufficient_disclosure,D1_no_detected_evidence_or_insufficient_disclosure,True
BiomedCLIP,biomedclip,cptac_myc_cptac_pan_cancer_pan_cancer_pathway_activation_status_prediction_slide,cptac,D1_no_detected_evidence_or_insufficient_disclosure,D1_no_detected_evidence_or_insufficient_disclosure,True
Dinov2,dinov2_l,cptac_myc_cptac_pan_cancer_pan_cancer_pathway_activation_status_prediction_slide,cptac,D1_no_detected_evidence_or_insufficient_disclosure,D1_no_detected_evidence_or_insufficient_disclosure,True
Clip-B16,clip_b16,cptac_myc_cptac_pan_cancer_pan_cancer_pathway_activation_status_prediction_slide,cptac,D1_no_detected_evidence_or_insufficient_disclosure,D1_no_detected_evidence_or_insufficient_disclosure,True
Hibou,hibou_b,chrom_cptac_pan_cancer_pan_cancer_pathway_activation_status_prediction_slide,cptac,D1_no_detected_evidence_or_insufficient_disclosure,D1_no_detected_evidence_or_insufficient_disclosure,True
H-optimus-0,h_optimus_0,chrom_cptac_pan_cancer_pan_cancer_pathway_activation_status_prediction_slide,cptac,D1_no_detected_evidence_or_insufficient_disclosure,D1_no_detected_evidence_or_insufficient_disclosure,True
UNI2,uni2,chrom_cptac_pan_cancer_pan_cancer_pathway_activation_status_prediction_slide,cptac,D1_no_detected_evidence_or_insufficient_disclosure,D1_no_detected_evidence_or_insufficient_disclosure,True
Phikon-v2,phikon_v2,chrom_cptac_pan_cancer_pan_cancer_pathway_activation_status_prediction_slide,cptac,D2_parent_repository_exposure,D2_parent_repository_exposure,True
Virchow2,virchow2,chrom_cptac_pan_cancer_pan_cancer_pathway_activation_status_prediction_slide,cptac,D1_no_detected_evidence_or_insufficient_disclosure,D1_no_detected_evidence_or_insufficient_disclosure,True
TITAN,titan,chrom_cptac_pan_cancer_pan_cancer_pathway_activation_status_prediction_slide,cptac,D0_documented_disjoint,D0_documented_disjoint,True
UNI,uni,chrom_cptac_pan_cancer_pan_cancer_pathway_activation_status_prediction_slide,cptac,D0_documented_disjoint,D0_documented_disjoint,True
Prov-GigaPath,prov_gigapath,chrom_cptac_pan_cancer_pan_cancer_pathway_activation_status_prediction_slide,cptac,D1_no_detected_evidence_or_insufficient_disclosure,D1_no_detected_evidence_or_insufficient_disclosure,True
Virchow,virchow,chrom_cptac_pan_cancer_pan_cancer_pathway_activation_status_prediction_slide,cptac,D1_no_detected_evidence_or_insufficient_disclosure,D1_no_detected_evidence_or_insufficient_disclosure,True
QuiltNet-B-16,quiltnet_b16,chrom_cptac_pan_cancer_pan_cancer_pathway_activation_status_prediction_slide,cptac,D1_no_detected_evidence_or_insufficient_disclosure,D1_no_detected_evidence_or_insufficient_disclosure,True
PLIP,plip,chrom_cptac_pan_cancer_pan_cancer_pathway_activation_status_prediction_slide,cptac,D1_no_detected_evidence_or_insufficient_disclosure,D1_no_detected_evidence_or_insufficient_disclosure,True
BiomedCLIP,biomedclip,chrom_cptac_pan_cancer_pan_cancer_pathway_activation_status_prediction_slide,cptac,D1_no_detected_evidence_or_insufficient_disclosure,D1_no_detected_evidence_or_insufficient_disclosure,True
Dinov2,dinov2_l,chrom_cptac_pan_cancer_pan_cancer_pathway_activation_status_prediction_slide,cptac,D1_no_detected_evidence_or_insufficient_disclosure,D1_no_detected_evidence_or_insufficient_disclosure,True
Clip-B16,clip_b16,chrom_cptac_pan_cancer_pan_cancer_pathway_activation_status_prediction_slide,cptac,D1_no_detected_evidence_or_insufficient_disclosure,D1_no_detected_evidence_or_insufficient_disclosure,True
Hibou,hibou_b,cptac_grade_cptac_pan_cancer_pan_cancer_diagnostic_tumor_grading_slide,cptac,D1_no_detected_evidence_or_insufficient_disclosure,D1_no_detected_evidence_or_insufficient_disclosure,True
H-optimus-0,h_optimus_0,cptac_grade_cptac_pan_cancer_pan_cancer_diagnostic_tumor_grading_slide,cptac,D1_no_detected_evidence_or_insufficient_disclosure,D1_no_detected_evidence_or_insufficient_disclosure,True
UNI2,uni2,cptac_grade_cptac_pan_cancer_pan_cancer_diagnostic_tumor_grading_slide,cptac,D1_no_detected_evidence_or_insufficient_disclosure,D1_no_detected_evidence_or_insufficient_disclosure,True
Phikon-v2,phikon_v2,cptac_grade_cptac_pan_cancer_pan_cancer_diagnostic_tumor_grading_slide,cptac,D2_parent_repository_exposure,D2_parent_repository_exposure,True
Virchow2,virchow2,cptac_grade_cptac_pan_cancer_pan_cancer_diagnostic_tumor_grading_slide,cptac,D1_no_detected_evidence_or_insufficient_disclosure,D1_no_detected_evidence_or_insufficient_disclosure,True
TITAN,titan,cptac_grade_cptac_pan_cancer_pan_cancer_diagnostic_tumor_grading_slide,cptac,D0_documented_disjoint,D0_documented_disjoint,True
UNI,uni,cptac_grade_cptac_pan_cancer_pan_cancer_diagnostic_tumor_grading_slide,cptac,D0_documented_disjoint,D0_documented_disjoint,True
Prov-GigaPath,prov_gigapath,cptac_grade_cptac_pan_cancer_pan_cancer_diagnostic_tumor_grading_slide,cptac,D1_no_detected_evidence_or_insufficient_disclosure,D1_no_detected_evidence_or_insufficient_disclosure,True
Virchow,virchow,cptac_grade_cptac_pan_cancer_pan_cancer_diagnostic_tumor_grading_slide,cptac,D1_no_detected_evidence_or_insufficient_disclosure,D1_no_detected_evidence_or_insufficient_disclosure,True
QuiltNet-B-16,quiltnet_b16,cptac_grade_cptac_pan_cancer_pan_cancer_diagnostic_tumor_grading_slide,cptac,D1_no_detected_evidence_or_insufficient_disclosure,D1_no_detected_evidence_or_insufficient_disclosure,True
PLIP,plip,cptac_grade_cptac_pan_cancer_pan_cancer_diagnostic_tumor_grading_slide,cptac,D1_no_detected_evidence_or_insufficient_disclosure,D1_no_detected_evidence_or_insufficient_disclosure,True
BiomedCLIP,biomedclip,cptac_grade_cptac_pan_cancer_pan_cancer_diagnostic_tumor_grading_slide,cptac,D1_no_detected_evidence_or_insufficient_disclosure,D1_no_detected_evidence_or_insufficient_disclosure,True
Dinov2,dinov2_l,cptac_grade_cptac_pan_cancer_pan_cancer_diagnostic_tumor_grading_slide,cptac,D1_no_detected_evidence_or_insufficient_disclosure,D1_no_detected_evidence_or_insufficient_disclosure,True
Clip-B16,clip_b16,cptac_grade_cptac_pan_cancer_pan_cancer_diagnostic_tumor_grading_slide,cptac,D1_no_detected_evidence_or_insufficient_disclosure,D1_no_detected_evidence_or_insufficient_disclosure,True
Hibou,hibou_b,tumor_label_cptac_pan_cancer_pan_cancer_diagnostic_histologic_subtyping_slide,cptac,D1_no_detected_evidence_or_insufficient_disclosure,D1_no_detected_evidence_or_insufficient_disclosure,True
H-optimus-0,h_optimus_0,tumor_label_cptac_pan_cancer_pan_cancer_diagnostic_histologic_subtyping_slide,cptac,D1_no_detected_evidence_or_insufficient_disclosure,D1_no_detected_evidence_or_insufficient_disclosure,True
UNI2,uni2,tumor_label_cptac_pan_cancer_pan_cancer_diagnostic_histologic_subtyping_slide,cptac,D1_no_detected_evidence_or_insufficient_disclosure,D1_no_detected_evidence_or_insufficient_disclosure,True
Phikon-v2,phikon_v2,tumor_label_cptac_pan_cancer_pan_cancer_diagnostic_histologic_subtyping_slide,cptac,D2_parent_repository_exposure,D2_parent_repository_exposure,True
Virchow2,virchow2,tumor_label_cptac_pan_cancer_pan_cancer_diagnostic_histologic_subtyping_slide,cptac,D1_no_detected_evidence_or_insufficient_disclosure,D1_no_detected_evidence_or_insufficient_disclosure,True
TITAN,titan,tumor_label_cptac_pan_cancer_pan_cancer_diagnostic_histologic_subtyping_slide,cptac,D0_documented_disjoint,D0_documented_disjoint,True
UNI,uni,tumor_label_cptac_pan_cancer_pan_cancer_diagnostic_histologic_subtyping_slide,cptac,D0_documented_disjoint,D0_documented_disjoint,True
Prov-GigaPath,prov_gigapath,tumor_label_cptac_pan_cancer_pan_cancer_diagnostic_histologic_subtyping_slide,cptac,D1_no_detected_evidence_or_insufficient_disclosure,D1_no_detected_evidence_or_insufficient_disclosure,True
Virchow,virchow,tumor_label_cptac_pan_cancer_pan_cancer_diagnostic_histologic_subtyping_slide,cptac,D1_no_detected_evidence_or_insufficient_disclosure,D1_no_detected_evidence_or_insufficient_disclosure,True
QuiltNet-B-16,quiltnet_b16,tumor_label_cptac_pan_cancer_pan_cancer_diagnostic_histologic_subtyping_slide,cptac,D1_no_detected_evidence_or_insufficient_disclosure,D1_no_detected_evidence_or_insufficient_disclosure,True
PLIP,plip,tumor_label_cptac_pan_cancer_pan_cancer_diagnostic_histologic_subtyping_slide,cptac,D1_no_detected_evidence_or_insufficient_disclosure,D1_no_detected_evidence_or_insufficient_disclosure,True
BiomedCLIP,biomedclip,tumor_label_cptac_pan_cancer_pan_cancer_diagnostic_histologic_subtyping_slide,cptac,D1_no_detected_evidence_or_insufficient_disclosure,D1_no_detected_evidence_or_insufficient_disclosure,True
Dinov2,dinov2_l,tumor_label_cptac_pan_cancer_pan_cancer_diagnostic_histologic_subtyping_slide,cptac,D1_no_detected_evidence_or_insufficient_disclosure,D1_no_detected_evidence_or_insufficient_disclosure,True
Clip-B16,clip_b16,tumor_label_cptac_pan_cancer_pan_cancer_diagnostic_histologic_subtyping_slide,cptac,D1_no_detected_evidence_or_insufficient_disclosure,D1_no_detected_evidence_or_insufficient_disclosure,True
Hibou,hibou_b,mtor_cptac_pan_cancer_pan_cancer_pathway_activation_status_prediction_slide,cptac,D1_no_detected_evidence_or_insufficient_disclosure,D1_no_detected_evidence_or_insufficient_disclosure,True
H-optimus-0,h_optimus_0,mtor_cptac_pan_cancer_pan_cancer_pathway_activation_status_prediction_slide,cptac,D1_no_detected_evidence_or_insufficient_disclosure,D1_no_detected_evidence_or_insufficient_disclosure,True
UNI2,uni2,mtor_cptac_pan_cancer_pan_cancer_pathway_activation_status_prediction_slide,cptac,D1_no_detected_evidence_or_insufficient_disclosure,D1_no_detected_evidence_or_insufficient_disclosure,True
Phikon-v2,phikon_v2,mtor_cptac_pan_cancer_pan_cancer_pathway_activation_status_prediction_slide,cptac,D2_parent_repository_exposure,D2_parent_repository_exposure,True
Virchow2,virchow2,mtor_cptac_pan_cancer_pan_cancer_pathway_activation_status_prediction_slide,cptac,D1_no_detected_evidence_or_insufficient_disclosure,D1_no_detected_evidence_or_insufficient_disclosure,True
TITAN,titan,mtor_cptac_pan_cancer_pan_cancer_pathway_activation_status_prediction_slide,cptac,D0_documented_disjoint,D0_documented_disjoint,True
UNI,uni,mtor_cptac_pan_cancer_pan_cancer_pathway_activation_status_prediction_slide,cptac,D0_documented_disjoint,D0_documented_disjoint,True
Prov-GigaPath,prov_gigapath,mtor_cptac_pan_cancer_pan_cancer_pathway_activation_status_prediction_slide,cptac,D1_no_detected_evidence_or_insufficient_disclosure,D1_no_detected_evidence_or_insufficient_disclosure,True
Virchow,virchow,mtor_cptac_pan_cancer_pan_cancer_pathway_activation_status_prediction_slide,cptac,D1_no_detected_evidence_or_insufficient_disclosure,D1_no_detected_evidence_or_insufficient_disclosure,True
QuiltNet-B-16,quiltnet_b16,mtor_cptac_pan_cancer_pan_cancer_pathway_activation_status_prediction_slide,cptac,D1_no_detected_evidence_or_insufficient_disclosure,D1_no_detected_evidence_or_insufficient_disclosure,True
PLIP,plip,mtor_cptac_pan_cancer_pan_cancer_pathway_activation_status_prediction_slide,cptac,D1_no_detected_evidence_or_insufficient_disclosure,D1_no_detected_evidence_or_insufficient_disclosure,True
BiomedCLIP,biomedclip,mtor_cptac_pan_cancer_pan_cancer_pathway_activation_status_prediction_slide,cptac,D1_no_detected_evidence_or_insufficient_disclosure,D1_no_detected_evidence_or_insufficient_disclosure,True
Dinov2,dinov2_l,mtor_cptac_pan_cancer_pan_cancer_pathway_activation_status_prediction_slide,cptac,D1_no_detected_evidence_or_insufficient_disclosure,D1_no_detected_evidence_or_insufficient_disclosure,True
Clip-B16,clip_b16,mtor_cptac_pan_cancer_pan_cancer_pathway_activation_status_prediction_slide,cptac,D1_no_detected_evidence_or_insufficient_disclosure,D1_no_detected_evidence_or_insufficient_disclosure,True
Hibou,hibou_b,p53_cptac_pan_cancer_pan_cancer_pathway_activation_status_prediction_slide,cptac,D1_no_detected_evidence_or_insufficient_disclosure,D1_no_detected_evidence_or_insufficient_disclosure,True
H-optimus-0,h_optimus_0,p53_cptac_pan_cancer_pan_cancer_pathway_activation_status_prediction_slide,cptac,D1_no_detected_evidence_or_insufficient_disclosure,D1_no_detected_evidence_or_insufficient_disclosure,True
UNI2,uni2,p53_cptac_pan_cancer_pan_cancer_pathway_activation_status_prediction_slide,cptac,D1_no_detected_evidence_or_insufficient_disclosure,D1_no_detected_evidence_or_insufficient_disclosure,True
Phikon-v2,phikon_v2,p53_cptac_pan_cancer_pan_cancer_pathway_activation_status_prediction_slide,cptac,D2_parent_repository_exposure,D2_parent_repository_exposure,True
Virchow2,virchow2,p53_cptac_pan_cancer_pan_cancer_pathway_activation_status_prediction_slide,cptac,D1_no_detected_evidence_or_insufficient_disclosure,D1_no_detected_evidence_or_insufficient_disclosure,True
TITAN,titan,p53_cptac_pan_cancer_pan_cancer_pathway_activation_status_prediction_slide,cptac,D0_documented_disjoint,D0_documented_disjoint,True
UNI,uni,p53_cptac_pan_cancer_pan_cancer_pathway_activation_status_prediction_slide,cptac,D0_documented_disjoint,D0_documented_disjoint,True
Prov-GigaPath,prov_gigapath,p53_cptac_pan_cancer_pan_cancer_pathway_activation_status_prediction_slide,cptac,D1_no_detected_evidence_or_insufficient_disclosure,D1_no_detected_evidence_or_insufficient_disclosure,True
Virchow,virchow,p53_cptac_pan_cancer_pan_cancer_pathway_activation_status_prediction_slide,cptac,D1_no_detected_evidence_or_insufficient_disclosure,D1_no_detected_evidence_or_insufficient_disclosure,True
QuiltNet-B-16,quiltnet_b16,p53_cptac_pan_cancer_pan_cancer_pathway_activation_status_prediction_slide,cptac,D1_no_detected_evidence_or_insufficient_disclosure,D1_no_detected_evidence_or_insufficient_disclosure,True
PLIP,plip,p53_cptac_pan_cancer_pan_cancer_pathway_activation_status_prediction_slide,cptac,D1_no_detected_evidence_or_insufficient_disclosure,D1_no_detected_evidence_or_insufficient_disclosure,True
BiomedCLIP,biomedclip,p53_cptac_pan_cancer_pan_cancer_pathway_activation_status_prediction_slide,cptac,D1_no_detected_evidence_or_insufficient_disclosure,D1_no_detected_evidence_or_insufficient_disclosure,True
Dinov2,dinov2_l,p53_cptac_pan_cancer_pan_cancer_pathway_activation_status_prediction_slide,cptac,D1_no_detected_evidence_or_insufficient_disclosure,D1_no_detected_evidence_or_insufficient_disclosure,True
Clip-B16,clip_b16,p53_cptac_pan_cancer_pan_cancer_pathway_activation_status_prediction_slide,cptac,D1_no_detected_evidence_or_insufficient_disclosure,D1_no_detected_evidence_or_insufficient_disclosure,True
Hibou,hibou_b,swi_cptac_pan_cancer_pan_cancer_pathway_activation_status_prediction_slide,cptac,D1_no_detected_evidence_or_insufficient_disclosure,D1_no_detected_evidence_or_insufficient_disclosure,True
H-optimus-0,h_optimus_0,swi_cptac_pan_cancer_pan_cancer_pathway_activation_status_prediction_slide,cptac,D1_no_detected_evidence_or_insufficient_disclosure,D1_no_detected_evidence_or_insufficient_disclosure,True
UNI2,uni2,swi_cptac_pan_cancer_pan_cancer_pathway_activation_status_prediction_slide,cptac,D1_no_detected_evidence_or_insufficient_disclosure,D1_no_detected_evidence_or_insufficient_disclosure,True
Phikon-v2,phikon_v2,swi_cptac_pan_cancer_pan_cancer_pathway_activation_status_prediction_slide,cptac,D2_parent_repository_exposure,D2_parent_repository_exposure,True
Virchow2,virchow2,swi_cptac_pan_cancer_pan_cancer_pathway_activation_status_prediction_slide,cptac,D1_no_detected_evidence_or_insufficient_disclosure,D1_no_detected_evidence_or_insufficient_disclosure,True
TITAN,titan,swi_cptac_pan_cancer_pan_cancer_pathway_activation_status_prediction_slide,cptac,D0_documented_disjoint,D0_documented_disjoint,True
UNI,uni,swi_cptac_pan_cancer_pan_cancer_pathway_activation_status_prediction_slide,cptac,D0_documented_disjoint,D0_documented_disjoint,True
Prov-GigaPath,prov_gigapath,swi_cptac_pan_cancer_pan_cancer_pathway_activation_status_prediction_slide,cptac,D1_no_detected_evidence_or_insufficient_disclosure,D1_no_detected_evidence_or_insufficient_disclosure,True
Virchow,virchow,swi_cptac_pan_cancer_pan_cancer_pathway_activation_status_prediction_slide,cptac,D1_no_detected_evidence_or_insufficient_disclosure,D1_no_detected_evidence_or_insufficient_disclosure,True
QuiltNet-B-16,quiltnet_b16,swi_cptac_pan_cancer_pan_cancer_pathway_activation_status_prediction_slide,cptac,D1_no_detected_evidence_or_insufficient_disclosure,D1_no_detected_evidence_or_insufficient_disclosure,True
PLIP,plip,swi_cptac_pan_cancer_pan_cancer_pathway_activation_status_prediction_slide,cptac,D1_no_detected_evidence_or_insufficient_disclosure,D1_no_detected_evidence_or_insufficient_disclosure,True
BiomedCLIP,biomedclip,swi_cptac_pan_cancer_pan_cancer_pathway_activation_status_prediction_slide,cptac,D1_no_detected_evidence_or_insufficient_disclosure,D1_no_detected_evidence_or_insufficient_disclosure,True
Dinov2,dinov2_l,swi_cptac_pan_cancer_pan_cancer_pathway_activation_status_prediction_slide,cptac,D1_no_detected_evidence_or_insufficient_disclosure,D1_no_detected_evidence_or_insufficient_disclosure,True
Clip-B16,clip_b16,swi_cptac_pan_cancer_pan_cancer_pathway_activation_status_prediction_slide,cptac,D1_no_detected_evidence_or_insufficient_disclosure,D1_no_detected_evidence_or_insufficient_disclosure,True
Hibou,hibou_b,gi_subtype_tcga_gi_gi_biomarker_status_prediction_slide,tcga,D1_no_detected_evidence_or_insufficient_disclosure,D1_no_detected_evidence_or_insufficient_disclosure,True
H-optimus-0,h_optimus_0,gi_subtype_tcga_gi_gi_biomarker_status_prediction_slide,tcga,D1_no_detected_evidence_or_insufficient_disclosure,D1_no_detected_evidence_or_insufficient_disclosure,True
UNI2,uni2,gi_subtype_tcga_gi_gi_biomarker_status_prediction_slide,tcga,D1_no_detected_evidence_or_insufficient_disclosure,D1_no_detected_evidence_or_insufficient_disclosure,True
Phikon-v2,phikon_v2,gi_subtype_tcga_gi_gi_biomarker_status_prediction_slide,tcga,D2_parent_repository_exposure,D2_parent_repository_exposure,True
Virchow2,virchow2,gi_subtype_tcga_gi_gi_biomarker_status_prediction_slide,tcga,D1_no_detected_evidence_or_insufficient_disclosure,D1_no_detected_evidence_or_insufficient_disclosure,True
TITAN,titan,gi_subtype_tcga_gi_gi_biomarker_status_prediction_slide,tcga,D0_documented_disjoint,D0_documented_disjoint,True
UNI,uni,gi_subtype_tcga_gi_gi_biomarker_status_prediction_slide,tcga,D0_documented_disjoint,D0_documented_disjoint,True
Prov-GigaPath,prov_gigapath,gi_subtype_tcga_gi_gi_biomarker_status_prediction_slide,tcga,D1_no_detected_evidence_or_insufficient_disclosure,D1_no_detected_evidence_or_insufficient_disclosure,True
Virchow,virchow,gi_subtype_tcga_gi_gi_biomarker_status_prediction_slide,tcga,D1_no_detected_evidence_or_insufficient_disclosure,D1_no_detected_evidence_or_insufficient_disclosure,True
QuiltNet-B-16,quiltnet_b16,gi_subtype_tcga_gi_gi_biomarker_status_prediction_slide,tcga,D1_no_detected_evidence_or_insufficient_disclosure,D1_no_detected_evidence_or_insufficient_disclosure,True
PLIP,plip,gi_subtype_tcga_gi_gi_biomarker_status_prediction_slide,tcga,D1_no_detected_evidence_or_insufficient_disclosure,D1_no_detected_evidence_or_insufficient_disclosure,True
BiomedCLIP,biomedclip,gi_subtype_tcga_gi_gi_biomarker_status_prediction_slide,tcga,D1_no_detected_evidence_or_insufficient_disclosure,D1_no_detected_evidence_or_insufficient_disclosure,True
Dinov2,dinov2_l,gi_subtype_tcga_gi_gi_biomarker_status_prediction_slide,tcga,D1_no_detected_evidence_or_insufficient_disclosure,D1_no_detected_evidence_or_insufficient_disclosure,True
Clip-B16,clip_b16,gi_subtype_tcga_gi_gi_biomarker_status_prediction_slide,tcga,D1_no_detected_evidence_or_insufficient_disclosure,D1_no_detected_evidence_or_insufficient_disclosure,True
Hibou,hibou_b,erg_status_tcga_prad_prostate_biomarker_status_prediction_slide,tcga,D1_no_detected_evidence_or_insufficient_disclosure,D1_no_detected_evidence_or_insufficient_disclosure,True
H-optimus-0,h_optimus_0,erg_status_tcga_prad_prostate_biomarker_status_prediction_slide,tcga,D1_no_detected_evidence_or_insufficient_disclosure,D1_no_detected_evidence_or_insufficient_disclosure,True
UNI2,uni2,erg_status_tcga_prad_prostate_biomarker_status_prediction_slide,tcga,D1_no_detected_evidence_or_insufficient_disclosure,D1_no_detected_evidence_or_insufficient_disclosure,True
Phikon-v2,phikon_v2,erg_status_tcga_prad_prostate_biomarker_status_prediction_slide,tcga,D2_parent_repository_exposure,D2_parent_repository_exposure,True
Virchow2,virchow2,erg_status_tcga_prad_prostate_biomarker_status_prediction_slide,tcga,D1_no_detected_evidence_or_insufficient_disclosure,D1_no_detected_evidence_or_insufficient_disclosure,True
TITAN,titan,erg_status_tcga_prad_prostate_biomarker_status_prediction_slide,tcga,D0_documented_disjoint,D0_documented_disjoint,True
UNI,uni,erg_status_tcga_prad_prostate_biomarker_status_prediction_slide,tcga,D0_documented_disjoint,D0_documented_disjoint,True
Prov-GigaPath,prov_gigapath,erg_status_tcga_prad_prostate_biomarker_status_prediction_slide,tcga,D1_no_detected_evidence_or_insufficient_disclosure,D1_no_detected_evidence_or_insufficient_disclosure,True
Virchow,virchow,erg_status_tcga_prad_prostate_biomarker_status_prediction_slide,tcga,D1_no_detected_evidence_or_insufficient_disclosure,D1_no_detected_evidence_or_insufficient_disclosure,True
QuiltNet-B-16,quiltnet_b16,erg_status_tcga_prad_prostate_biomarker_status_prediction_slide,tcga,D1_no_detected_evidence_or_insufficient_disclosure,D1_no_detected_evidence_or_insufficient_disclosure,True
PLIP,plip,erg_status_tcga_prad_prostate_biomarker_status_prediction_slide,tcga,D1_no_detected_evidence_or_insufficient_disclosure,D1_no_detected_evidence_or_insufficient_disclosure,True
BiomedCLIP,biomedclip,erg_status_tcga_prad_prostate_biomarker_status_prediction_slide,tcga,D1_no_detected_evidence_or_insufficient_disclosure,D1_no_detected_evidence_or_insufficient_disclosure,True
Dinov2,dinov2_l,erg_status_tcga_prad_prostate_biomarker_status_prediction_slide,tcga,D1_no_detected_evidence_or_insufficient_disclosure,D1_no_detected_evidence_or_insufficient_disclosure,True
Clip-B16,clip_b16,erg_status_tcga_prad_prostate_biomarker_status_prediction_slide,tcga,D1_no_detected_evidence_or_insufficient_disclosure,D1_no_detected_evidence_or_insufficient_disclosure,True
Hibou,hibou_b,prad_mrna_cluster_tcga_prad_prostate_gene_expression_subtype_prediction_slide,tcga,D1_no_detected_evidence_or_insufficient_disclosure,D1_no_detected_evidence_or_insufficient_disclosure,True
H-optimus-0,h_optimus_0,prad_mrna_cluster_tcga_prad_prostate_gene_expression_subtype_prediction_slide,tcga,D1_no_detected_evidence_or_insufficient_disclosure,D1_no_detected_evidence_or_insufficient_disclosure,True
UNI2,uni2,prad_mrna_cluster_tcga_prad_prostate_gene_expression_subtype_prediction_slide,tcga,D1_no_detected_evidence_or_insufficient_disclosure,D1_no_detected_evidence_or_insufficient_disclosure,True
Phikon-v2,phikon_v2,prad_mrna_cluster_tcga_prad_prostate_gene_expression_subtype_prediction_slide,tcga,D2_parent_repository_exposure,D2_parent_repository_exposure,True
Virchow2,virchow2,prad_mrna_cluster_tcga_prad_prostate_gene_expression_subtype_prediction_slide,tcga,D1_no_detected_evidence_or_insufficient_disclosure,D1_no_detected_evidence_or_insufficient_disclosure,True
TITAN,titan,prad_mrna_cluster_tcga_prad_prostate_gene_expression_subtype_prediction_slide,tcga,D0_documented_disjoint,D0_documented_disjoint,True
UNI,uni,prad_mrna_cluster_tcga_prad_prostate_gene_expression_subtype_prediction_slide,tcga,D0_documented_disjoint,D0_documented_disjoint,True
Prov-GigaPath,prov_gigapath,prad_mrna_cluster_tcga_prad_prostate_gene_expression_subtype_prediction_slide,tcga,D1_no_detected_evidence_or_insufficient_disclosure,D1_no_detected_evidence_or_insufficient_disclosure,True
Virchow,virchow,prad_mrna_cluster_tcga_prad_prostate_gene_expression_subtype_prediction_slide,tcga,D1_no_detected_evidence_or_insufficient_disclosure,D1_no_detected_evidence_or_insufficient_disclosure,True
QuiltNet-B-16,quiltnet_b16,prad_mrna_cluster_tcga_prad_prostate_gene_expression_subtype_prediction_slide,tcga,D1_no_detected_evidence_or_insufficient_disclosure,D1_no_detected_evidence_or_insufficient_disclosure,True
PLIP,plip,prad_mrna_cluster_tcga_prad_prostate_gene_expression_subtype_prediction_slide,tcga,D1_no_detected_evidence_or_insufficient_disclosure,D1_no_detected_evidence_or_insufficient_disclosure,True
BiomedCLIP,biomedclip,prad_mrna_cluster_tcga_prad_prostate_gene_expression_subtype_prediction_slide,tcga,D1_no_detected_evidence_or_insufficient_disclosure,D1_no_detected_evidence_or_insufficient_disclosure,True
Dinov2,dinov2_l,prad_mrna_cluster_tcga_prad_prostate_gene_expression_subtype_prediction_slide,tcga,D1_no_detected_evidence_or_insufficient_disclosure,D1_no_detected_evidence_or_insufficient_disclosure,True
Clip-B16,clip_b16,prad_mrna_cluster_tcga_prad_prostate_gene_expression_subtype_prediction_slide,tcga,D1_no_detected_evidence_or_insufficient_disclosure,D1_no_detected_evidence_or_insufficient_disclosure,True
Hibou,hibou_b,lung_hist_ood1_out_of_domain_lung_lung_diagnostic_histologic_subtyping_slide,stanford_lung,D1_no_detected_evidence_or_insufficient_disclosure,D1_no_detected_evidence_or_insufficient_disclosure,True
H-optimus-0,h_optimus_0,lung_hist_ood1_out_of_domain_lung_lung_diagnostic_histologic_subtyping_slide,stanford_lung,D1_no_detected_evidence_or_insufficient_disclosure,D1_no_detected_evidence_or_insufficient_disclosure,True
UNI2,uni2,lung_hist_ood1_out_of_domain_lung_lung_diagnostic_histologic_subtyping_slide,stanford_lung,D1_no_detected_evidence_or_insufficient_disclosure,D1_no_detected_evidence_or_insufficient_disclosure,True
Phikon-v2,phikon_v2,lung_hist_ood1_out_of_domain_lung_lung_diagnostic_histologic_subtyping_slide,stanford_lung,D1_no_detected_evidence_or_insufficient_disclosure,D1_no_detected_evidence_or_insufficient_disclosure,True
Virchow2,virchow2,lung_hist_ood1_out_of_domain_lung_lung_diagnostic_histologic_subtyping_slide,stanford_lung,D1_no_detected_evidence_or_insufficient_disclosure,D1_no_detected_evidence_or_insufficient_disclosure,True
TITAN,titan,lung_hist_ood1_out_of_domain_lung_lung_diagnostic_histologic_subtyping_slide,stanford_lung,D1_no_detected_evidence_or_insufficient_disclosure,D1_no_detected_evidence_or_insufficient_disclosure,True
UNI,uni,lung_hist_ood1_out_of_domain_lung_lung_diagnostic_histologic_subtyping_slide,stanford_lung,D1_no_detected_evidence_or_insufficient_disclosure,D1_no_detected_evidence_or_insufficient_disclosure,True
Prov-GigaPath,prov_gigapath,lung_hist_ood1_out_of_domain_lung_lung_diagnostic_histologic_subtyping_slide,stanford_lung,D1_no_detected_evidence_or_insufficient_disclosure,D1_no_detected_evidence_or_insufficient_disclosure,True
Virchow,virchow,lung_hist_ood1_out_of_domain_lung_lung_diagnostic_histologic_subtyping_slide,stanford_lung,D1_no_detected_evidence_or_insufficient_disclosure,D1_no_detected_evidence_or_insufficient_disclosure,True
QuiltNet-B-16,quiltnet_b16,lung_hist_ood1_out_of_domain_lung_lung_diagnostic_histologic_subtyping_slide,stanford_lung,D1_no_detected_evidence_or_insufficient_disclosure,D1_no_detected_evidence_or_insufficient_disclosure,True
PLIP,plip,lung_hist_ood1_out_of_domain_lung_lung_diagnostic_histologic_subtyping_slide,stanford_lung,D1_no_detected_evidence_or_insufficient_disclosure,D1_no_detected_evidence_or_insufficient_disclosure,True
BiomedCLIP,biomedclip,lung_hist_ood1_out_of_domain_lung_lung_diagnostic_histologic_subtyping_slide,stanford_lung,D1_no_detected_evidence_or_insufficient_disclosure,D1_no_detected_evidence_or_insufficient_disclosure,True
Dinov2,dinov2_l,lung_hist_ood1_out_of_domain_lung_lung_diagnostic_histologic_subtyping_slide,stanford_lung,D1_no_detected_evidence_or_insufficient_disclosure,D1_no_detected_evidence_or_insufficient_disclosure,True
Clip-B16,clip_b16,lung_hist_ood1_out_of_domain_lung_lung_diagnostic_histologic_subtyping_slide,stanford_lung,D1_no_detected_evidence_or_insufficient_disclosure,D1_no_detected_evidence_or_insufficient_disclosure,True
Hibou,hibou_b,lung_stage_ood_out_of_domain_lung_lung_diagnostic_tumor_staging_slide,stanford_lung,D1_no_detected_evidence_or_insufficient_disclosure,D1_no_detected_evidence_or_insufficient_disclosure,True
H-optimus-0,h_optimus_0,lung_stage_ood_out_of_domain_lung_lung_diagnostic_tumor_staging_slide,stanford_lung,D1_no_detected_evidence_or_insufficient_disclosure,D1_no_detected_evidence_or_insufficient_disclosure,True
UNI2,uni2,lung_stage_ood_out_of_domain_lung_lung_diagnostic_tumor_staging_slide,stanford_lung,D1_no_detected_evidence_or_insufficient_disclosure,D1_no_detected_evidence_or_insufficient_disclosure,True
Phikon-v2,phikon_v2,lung_stage_ood_out_of_domain_lung_lung_diagnostic_tumor_staging_slide,stanford_lung,D1_no_detected_evidence_or_insufficient_disclosure,D1_no_detected_evidence_or_insufficient_disclosure,True
Virchow2,virchow2,lung_stage_ood_out_of_domain_lung_lung_diagnostic_tumor_staging_slide,stanford_lung,D1_no_detected_evidence_or_insufficient_disclosure,D1_no_detected_evidence_or_insufficient_disclosure,True
TITAN,titan,lung_stage_ood_out_of_domain_lung_lung_diagnostic_tumor_staging_slide,stanford_lung,D1_no_detected_evidence_or_insufficient_disclosure,D1_no_detected_evidence_or_insufficient_disclosure,True
UNI,uni,lung_stage_ood_out_of_domain_lung_lung_diagnostic_tumor_staging_slide,stanford_lung,D1_no_detected_evidence_or_insufficient_disclosure,D1_no_detected_evidence_or_insufficient_disclosure,True
Prov-GigaPath,prov_gigapath,lung_stage_ood_out_of_domain_lung_lung_diagnostic_tumor_staging_slide,stanford_lung,D1_no_detected_evidence_or_insufficient_disclosure,D1_no_detected_evidence_or_insufficient_disclosure,True
Virchow,virchow,lung_stage_ood_out_of_domain_lung_lung_diagnostic_tumor_staging_slide,stanford_lung,D1_no_detected_evidence_or_insufficient_disclosure,D1_no_detected_evidence_or_insufficient_disclosure,True
QuiltNet-B-16,quiltnet_b16,lung_stage_ood_out_of_domain_lung_lung_diagnostic_tumor_staging_slide,stanford_lung,D1_no_detected_evidence_or_insufficient_disclosure,D1_no_detected_evidence_or_insufficient_disclosure,True
PLIP,plip,lung_stage_ood_out_of_domain_lung_lung_diagnostic_tumor_staging_slide,stanford_lung,D1_no_detected_evidence_or_insufficient_disclosure,D1_no_detected_evidence_or_insufficient_disclosure,True
BiomedCLIP,biomedclip,lung_stage_ood_out_of_domain_lung_lung_diagnostic_tumor_staging_slide,stanford_lung,D1_no_detected_evidence_or_insufficient_disclosure,D1_no_detected_evidence_or_insufficient_disclosure,True
Dinov2,dinov2_l,lung_stage_ood_out_of_domain_lung_lung_diagnostic_tumor_staging_slide,stanford_lung,D1_no_detected_evidence_or_insufficient_disclosure,D1_no_detected_evidence_or_insufficient_disclosure,True
Clip-B16,clip_b16,lung_stage_ood_out_of_domain_lung_lung_diagnostic_tumor_staging_slide,stanford_lung,D1_no_detected_evidence_or_insufficient_disclosure,D1_no_detected_evidence_or_insufficient_disclosure,True
Hibou,hibou_b,brain_necrosis_out_of_domain_brain_brain_diagnostic_other_slide,stanford_gbm,D1_no_detected_evidence_or_insufficient_disclosure,D1_no_detected_evidence_or_insufficient_disclosure,True
H-optimus-0,h_optimus_0,brain_necrosis_out_of_domain_brain_brain_diagnostic_other_slide,stanford_gbm,D1_no_detected_evidence_or_insufficient_disclosure,D1_no_detected_evidence_or_insufficient_disclosure,True
UNI2,uni2,brain_necrosis_out_of_domain_brain_brain_diagnostic_other_slide,stanford_gbm,D1_no_detected_evidence_or_insufficient_disclosure,D1_no_detected_evidence_or_insufficient_disclosure,True
Phikon-v2,phikon_v2,brain_necrosis_out_of_domain_brain_brain_diagnostic_other_slide,stanford_gbm,D1_no_detected_evidence_or_insufficient_disclosure,D1_no_detected_evidence_or_insufficient_disclosure,True
Virchow2,virchow2,brain_necrosis_out_of_domain_brain_brain_diagnostic_other_slide,stanford_gbm,D1_no_detected_evidence_or_insufficient_disclosure,D1_no_detected_evidence_or_insufficient_disclosure,True
TITAN,titan,brain_necrosis_out_of_domain_brain_brain_diagnostic_other_slide,stanford_gbm,D1_no_detected_evidence_or_insufficient_disclosure,D1_no_detected_evidence_or_insufficient_disclosure,True
UNI,uni,brain_necrosis_out_of_domain_brain_brain_diagnostic_other_slide,stanford_gbm,D1_no_detected_evidence_or_insufficient_disclosure,D1_no_detected_evidence_or_insufficient_disclosure,True
Prov-GigaPath,prov_gigapath,brain_necrosis_out_of_domain_brain_brain_diagnostic_other_slide,stanford_gbm,D1_no_detected_evidence_or_insufficient_disclosure,D1_no_detected_evidence_or_insufficient_disclosure,True
Virchow,virchow,brain_necrosis_out_of_domain_brain_brain_diagnostic_other_slide,stanford_gbm,D1_no_detected_evidence_or_insufficient_disclosure,D1_no_detected_evidence_or_insufficient_disclosure,True
QuiltNet-B-16,quiltnet_b16,brain_necrosis_out_of_domain_brain_brain_diagnostic_other_slide,stanford_gbm,D1_no_detected_evidence_or_insufficient_disclosure,D1_no_detected_evidence_or_insufficient_disclosure,True
PLIP,plip,brain_necrosis_out_of_domain_brain_brain_diagnostic_other_slide,stanford_gbm,D1_no_detected_evidence_or_insufficient_disclosure,D1_no_detected_evidence_or_insufficient_disclosure,True
BiomedCLIP,biomedclip,brain_necrosis_out_of_domain_brain_brain_diagnostic_other_slide,stanford_gbm,D1_no_detected_evidence_or_insufficient_disclosure,D1_no_detected_evidence_or_insufficient_disclosure,True
Dinov2,dinov2_l,brain_necrosis_out_of_domain_brain_brain_diagnostic_other_slide,stanford_gbm,D1_no_detected_evidence_or_insufficient_disclosure,D1_no_detected_evidence_or_insufficient_disclosure,True
Clip-B16,clip_b16,brain_necrosis_out_of_domain_brain_brain_diagnostic_other_slide,stanford_gbm,D1_no_detected_evidence_or_insufficient_disclosure,D1_no_detected_evidence_or_insufficient_disclosure,True
Hibou,hibou_b,mgmt_ood_out_of_domain_brain_brain_biomarker_status_prediction_slide,stanford_gbm,D1_no_detected_evidence_or_insufficient_disclosure,D1_no_detected_evidence_or_insufficient_disclosure,True
H-optimus-0,h_optimus_0,mgmt_ood_out_of_domain_brain_brain_biomarker_status_prediction_slide,stanford_gbm,D1_no_detected_evidence_or_insufficient_disclosure,D1_no_detected_evidence_or_insufficient_disclosure,True
UNI2,uni2,mgmt_ood_out_of_domain_brain_brain_biomarker_status_prediction_slide,stanford_gbm,D1_no_detected_evidence_or_insufficient_disclosure,D1_no_detected_evidence_or_insufficient_disclosure,True
Phikon-v2,phikon_v2,mgmt_ood_out_of_domain_brain_brain_biomarker_status_prediction_slide,stanford_gbm,D1_no_detected_evidence_or_insufficient_disclosure,D1_no_detected_evidence_or_insufficient_disclosure,True
Virchow2,virchow2,mgmt_ood_out_of_domain_brain_brain_biomarker_status_prediction_slide,stanford_gbm,D1_no_detected_evidence_or_insufficient_disclosure,D1_no_detected_evidence_or_insufficient_disclosure,True
TITAN,titan,mgmt_ood_out_of_domain_brain_brain_biomarker_status_prediction_slide,stanford_gbm,D1_no_detected_evidence_or_insufficient_disclosure,D1_no_detected_evidence_or_insufficient_disclosure,True
UNI,uni,mgmt_ood_out_of_domain_brain_brain_biomarker_status_prediction_slide,stanford_gbm,D1_no_detected_evidence_or_insufficient_disclosure,D1_no_detected_evidence_or_insufficient_disclosure,True
Prov-GigaPath,prov_gigapath,mgmt_ood_out_of_domain_brain_brain_biomarker_status_prediction_slide,stanford_gbm,D1_no_detected_evidence_or_insufficient_disclosure,D1_no_detected_evidence_or_insufficient_disclosure,True
Virchow,virchow,mgmt_ood_out_of_domain_brain_brain_biomarker_status_prediction_slide,stanford_gbm,D1_no_detected_evidence_or_insufficient_disclosure,D1_no_detected_evidence_or_insufficient_disclosure,True
QuiltNet-B-16,quiltnet_b16,mgmt_ood_out_of_domain_brain_brain_biomarker_status_prediction_slide,stanford_gbm,D1_no_detected_evidence_or_insufficient_disclosure,D1_no_detected_evidence_or_insufficient_disclosure,True
PLIP,plip,mgmt_ood_out_of_domain_brain_brain_biomarker_status_prediction_slide,stanford_gbm,D1_no_detected_evidence_or_insufficient_disclosure,D1_no_detected_evidence_or_insufficient_disclosure,True
BiomedCLIP,biomedclip,mgmt_ood_out_of_domain_brain_brain_biomarker_status_prediction_slide,stanford_gbm,D1_no_detected_evidence_or_insufficient_disclosure,D1_no_detected_evidence_or_insufficient_disclosure,True
Dinov2,dinov2_l,mgmt_ood_out_of_domain_brain_brain_biomarker_status_prediction_slide,stanford_gbm,D1_no_detected_evidence_or_insufficient_disclosure,D1_no_detected_evidence_or_insufficient_disclosure,True
Clip-B16,clip_b16,mgmt_ood_out_of_domain_brain_brain_biomarker_status_prediction_slide,stanford_gbm,D1_no_detected_evidence_or_insufficient_disclosure,D1_no_detected_evidence_or_insufficient_disclosure,True
Hibou,hibou_b,bach_external_benchmarking_cohort_brca_breast_diagnostic_primary_diagnosis_and_histologic_subtyping_patch,bach,D1_no_detected_evidence_or_insufficient_disclosure,D1_no_detected_evidence_or_insufficient_disclosure,True
H-optimus-0,h_optimus_0,bach_external_benchmarking_cohort_brca_breast_diagnostic_primary_diagnosis_and_histologic_subtyping_patch,bach,D1_no_detected_evidence_or_insufficient_disclosure,D1_no_detected_evidence_or_insufficient_disclosure,True
UNI2,uni2,bach_external_benchmarking_cohort_brca_breast_diagnostic_primary_diagnosis_and_histologic_subtyping_patch,bach,D1_no_detected_evidence_or_insufficient_disclosure,D1_no_detected_evidence_or_insufficient_disclosure,True
Phikon-v2,phikon_v2,bach_external_benchmarking_cohort_brca_breast_diagnostic_primary_diagnosis_and_histologic_subtyping_patch,bach,D1_no_detected_evidence_or_insufficient_disclosure,D1_no_detected_evidence_or_insufficient_disclosure,True
Virchow2,virchow2,bach_external_benchmarking_cohort_brca_breast_diagnostic_primary_diagnosis_and_histologic_subtyping_patch,bach,D1_no_detected_evidence_or_insufficient_disclosure,D1_no_detected_evidence_or_insufficient_disclosure,True
TITAN,titan,bach_external_benchmarking_cohort_brca_breast_diagnostic_primary_diagnosis_and_histologic_subtyping_patch,bach,D1_no_detected_evidence_or_insufficient_disclosure,D1_no_detected_evidence_or_insufficient_disclosure,True
UNI,uni,bach_external_benchmarking_cohort_brca_breast_diagnostic_primary_diagnosis_and_histologic_subtyping_patch,bach,D1_no_detected_evidence_or_insufficient_disclosure,D1_no_detected_evidence_or_insufficient_disclosure,True
Prov-GigaPath,prov_gigapath,bach_external_benchmarking_cohort_brca_breast_diagnostic_primary_diagnosis_and_histologic_subtyping_patch,bach,D1_no_detected_evidence_or_insufficient_disclosure,D1_no_detected_evidence_or_insufficient_disclosure,True
Virchow,virchow,bach_external_benchmarking_cohort_brca_breast_diagnostic_primary_diagnosis_and_histologic_subtyping_patch,bach,D1_no_detected_evidence_or_insufficient_disclosure,D1_no_detected_evidence_or_insufficient_disclosure,True
QuiltNet-B-16,quiltnet_b16,bach_external_benchmarking_cohort_brca_breast_diagnostic_primary_diagnosis_and_histologic_subtyping_patch,bach,D1_no_detected_evidence_or_insufficient_disclosure,D1_no_detected_evidence_or_insufficient_disclosure,True
PLIP,plip,bach_external_benchmarking_cohort_brca_breast_diagnostic_primary_diagnosis_and_histologic_subtyping_patch,bach,D1_no_detected_evidence_or_insufficient_disclosure,D1_no_detected_evidence_or_insufficient_disclosure,True
BiomedCLIP,biomedclip,bach_external_benchmarking_cohort_brca_breast_diagnostic_primary_diagnosis_and_histologic_subtyping_patch,bach,D1_no_detected_evidence_or_insufficient_disclosure,D1_no_detected_evidence_or_insufficient_disclosure,True
Dinov2,dinov2_l,bach_external_benchmarking_cohort_brca_breast_diagnostic_primary_diagnosis_and_histologic_subtyping_patch,bach,D1_no_detected_evidence_or_insufficient_disclosure,D1_no_detected_evidence_or_insufficient_disclosure,True
Clip-B16,clip_b16,bach_external_benchmarking_cohort_brca_breast_diagnostic_primary_diagnosis_and_histologic_subtyping_patch,bach,D1_no_detected_evidence_or_insufficient_disclosure,D1_no_detected_evidence_or_insufficient_disclosure,True
Hibou,hibou_b,bracs_external_benchmarking_cohort_brca_breast_diagnostic_primary_diagnosis_and_histologic_subtyping_patch,bracs,D1_no_detected_evidence_or_insufficient_disclosure,D1_no_detected_evidence_or_insufficient_disclosure,True
H-optimus-0,h_optimus_0,bracs_external_benchmarking_cohort_brca_breast_diagnostic_primary_diagnosis_and_histologic_subtyping_patch,bracs,D1_no_detected_evidence_or_insufficient_disclosure,D1_no_detected_evidence_or_insufficient_disclosure,True
UNI2,uni2,bracs_external_benchmarking_cohort_brca_breast_diagnostic_primary_diagnosis_and_histologic_subtyping_patch,bracs,D1_no_detected_evidence_or_insufficient_disclosure,D1_no_detected_evidence_or_insufficient_disclosure,True
Phikon-v2,phikon_v2,bracs_external_benchmarking_cohort_brca_breast_diagnostic_primary_diagnosis_and_histologic_subtyping_patch,bracs,D1_no_detected_evidence_or_insufficient_disclosure,D1_no_detected_evidence_or_insufficient_disclosure,True
Virchow2,virchow2,bracs_external_benchmarking_cohort_brca_breast_diagnostic_primary_diagnosis_and_histologic_subtyping_patch,bracs,D1_no_detected_evidence_or_insufficient_disclosure,D1_no_detected_evidence_or_insufficient_disclosure,True
TITAN,titan,bracs_external_benchmarking_cohort_brca_breast_diagnostic_primary_diagnosis_and_histologic_subtyping_patch,bracs,D1_no_detected_evidence_or_insufficient_disclosure,D1_no_detected_evidence_or_insufficient_disclosure,True
UNI,uni,bracs_external_benchmarking_cohort_brca_breast_diagnostic_primary_diagnosis_and_histologic_subtyping_patch,bracs,D1_no_detected_evidence_or_insufficient_disclosure,D1_no_detected_evidence_or_insufficient_disclosure,True
Prov-GigaPath,prov_gigapath,bracs_external_benchmarking_cohort_brca_breast_diagnostic_primary_diagnosis_and_histologic_subtyping_patch,bracs,D1_no_detected_evidence_or_insufficient_disclosure,D1_no_detected_evidence_or_insufficient_disclosure,True
Virchow,virchow,bracs_external_benchmarking_cohort_brca_breast_diagnostic_primary_diagnosis_and_histologic_subtyping_patch,bracs,D1_no_detected_evidence_or_insufficient_disclosure,D1_no_detected_evidence_or_insufficient_disclosure,True
QuiltNet-B-16,quiltnet_b16,bracs_external_benchmarking_cohort_brca_breast_diagnostic_primary_diagnosis_and_histologic_subtyping_patch,bracs,D1_no_detected_evidence_or_insufficient_disclosure,D1_no_detected_evidence_or_insufficient_disclosure,True
PLIP,plip,bracs_external_benchmarking_cohort_brca_breast_diagnostic_primary_diagnosis_and_histologic_subtyping_patch,bracs,D1_no_detected_evidence_or_insufficient_disclosure,D1_no_detected_evidence_or_insufficient_disclosure,True
BiomedCLIP,biomedclip,bracs_external_benchmarking_cohort_brca_breast_diagnostic_primary_diagnosis_and_histologic_subtyping_patch,bracs,D1_no_detected_evidence_or_insufficient_disclosure,D1_no_detected_evidence_or_insufficient_disclosure,True
Dinov2,dinov2_l,bracs_external_benchmarking_cohort_brca_breast_diagnostic_primary_diagnosis_and_histologic_subtyping_patch,bracs,D1_no_detected_evidence_or_insufficient_disclosure,D1_no_detected_evidence_or_insufficient_disclosure,True
Clip-B16,clip_b16,bracs_external_benchmarking_cohort_brca_breast_diagnostic_primary_diagnosis_and_histologic_subtyping_patch,bracs,D1_no_detected_evidence_or_insufficient_disclosure,D1_no_detected_evidence_or_insufficient_disclosure,True
Hibou,hibou_b,breakhis_external_benchmarking_cohort_brca_breast_diagnostic_primary_diagnosis_patch,breakhis,D1_no_detected_evidence_or_insufficient_disclosure,D1_no_detected_evidence_or_insufficient_disclosure,True
H-optimus-0,h_optimus_0,breakhis_external_benchmarking_cohort_brca_breast_diagnostic_primary_diagnosis_patch,breakhis,D1_no_detected_evidence_or_insufficient_disclosure,D1_no_detected_evidence_or_insufficient_disclosure,True
UNI2,uni2,breakhis_external_benchmarking_cohort_brca_breast_diagnostic_primary_diagnosis_patch,breakhis,D1_no_detected_evidence_or_insufficient_disclosure,D1_no_detected_evidence_or_insufficient_disclosure,True
Phikon-v2,phikon_v2,breakhis_external_benchmarking_cohort_brca_breast_diagnostic_primary_diagnosis_patch,breakhis,D1_no_detected_evidence_or_insufficient_disclosure,D1_no_detected_evidence_or_insufficient_disclosure,True
Virchow2,virchow2,breakhis_external_benchmarking_cohort_brca_breast_diagnostic_primary_diagnosis_patch,breakhis,D1_no_detected_evidence_or_insufficient_disclosure,D1_no_detected_evidence_or_insufficient_disclosure,True
TITAN,titan,breakhis_external_benchmarking_cohort_brca_breast_diagnostic_primary_diagnosis_patch,breakhis,D1_no_detected_evidence_or_insufficient_disclosure,D1_no_detected_evidence_or_insufficient_disclosure,True
UNI,uni,breakhis_external_benchmarking_cohort_brca_breast_diagnostic_primary_diagnosis_patch,breakhis,D1_no_detected_evidence_or_insufficient_disclosure,D1_no_detected_evidence_or_insufficient_disclosure,True
Prov-GigaPath,prov_gigapath,breakhis_external_benchmarking_cohort_brca_breast_diagnostic_primary_diagnosis_patch,breakhis,D1_no_detected_evidence_or_insufficient_disclosure,D1_no_detected_evidence_or_insufficient_disclosure,True
Virchow,virchow,breakhis_external_benchmarking_cohort_brca_breast_diagnostic_primary_diagnosis_patch,breakhis,D1_no_detected_evidence_or_insufficient_disclosure,D1_no_detected_evidence_or_insufficient_disclosure,True
QuiltNet-B-16,quiltnet_b16,breakhis_external_benchmarking_cohort_brca_breast_diagnostic_primary_diagnosis_patch,breakhis,D1_no_detected_evidence_or_insufficient_disclosure,D1_no_detected_evidence_or_insufficient_disclosure,True
PLIP,plip,breakhis_external_benchmarking_cohort_brca_breast_diagnostic_primary_diagnosis_patch,breakhis,D1_no_detected_evidence_or_insufficient_disclosure,D1_no_detected_evidence_or_insufficient_disclosure,True
BiomedCLIP,biomedclip,breakhis_external_benchmarking_cohort_brca_breast_diagnostic_primary_diagnosis_patch,breakhis,D1_no_detected_evidence_or_insufficient_disclosure,D1_no_detected_evidence_or_insufficient_disclosure,True
Dinov2,dinov2_l,breakhis_external_benchmarking_cohort_brca_breast_diagnostic_primary_diagnosis_patch,breakhis,D1_no_detected_evidence_or_insufficient_disclosure,D1_no_detected_evidence_or_insufficient_disclosure,True
Clip-B16,clip_b16,breakhis_external_benchmarking_cohort_brca_breast_diagnostic_primary_diagnosis_patch,breakhis,D1_no_detected_evidence_or_insufficient_disclosure,D1_no_detected_evidence_or_insufficient_disclosure,True
Hibou,hibou_b,lung_hist_ood2_out_of_domain_lung_lung_diagnostic_histologic_subtyping_slide,dhmc_lung,D1_no_detected_evidence_or_insufficient_disclosure,D1_no_detected_evidence_or_insufficient_disclosure,True
H-optimus-0,h_optimus_0,lung_hist_ood2_out_of_domain_lung_lung_diagnostic_histologic_subtyping_slide,dhmc_lung,D1_no_detected_evidence_or_insufficient_disclosure,D1_no_detected_evidence_or_insufficient_disclosure,True
UNI2,uni2,lung_hist_ood2_out_of_domain_lung_lung_diagnostic_histologic_subtyping_slide,dhmc_lung,D1_no_detected_evidence_or_insufficient_disclosure,D1_no_detected_evidence_or_insufficient_disclosure,True
Phikon-v2,phikon_v2,lung_hist_ood2_out_of_domain_lung_lung_diagnostic_histologic_subtyping_slide,dhmc_lung,D1_no_detected_evidence_or_insufficient_disclosure,D1_no_detected_evidence_or_insufficient_disclosure,True
Virchow2,virchow2,lung_hist_ood2_out_of_domain_lung_lung_diagnostic_histologic_subtyping_slide,dhmc_lung,D1_no_detected_evidence_or_insufficient_disclosure,D1_no_detected_evidence_or_insufficient_disclosure,True
TITAN,titan,lung_hist_ood2_out_of_domain_lung_lung_diagnostic_histologic_subtyping_slide,dhmc_lung,D1_no_detected_evidence_or_insufficient_disclosure,D1_no_detected_evidence_or_insufficient_disclosure,True
UNI,uni,lung_hist_ood2_out_of_domain_lung_lung_diagnostic_histologic_subtyping_slide,dhmc_lung,D1_no_detected_evidence_or_insufficient_disclosure,D1_no_detected_evidence_or_insufficient_disclosure,True
Prov-GigaPath,prov_gigapath,lung_hist_ood2_out_of_domain_lung_lung_diagnostic_histologic_subtyping_slide,dhmc_lung,D1_no_detected_evidence_or_insufficient_disclosure,D1_no_detected_evidence_or_insufficient_disclosure,True
Virchow,virchow,lung_hist_ood2_out_of_domain_lung_lung_diagnostic_histologic_subtyping_slide,dhmc_lung,D1_no_detected_evidence_or_insufficient_disclosure,D1_no_detected_evidence_or_insufficient_disclosure,True
QuiltNet-B-16,quiltnet_b16,lung_hist_ood2_out_of_domain_lung_lung_diagnostic_histologic_subtyping_slide,dhmc_lung,D1_no_detected_evidence_or_insufficient_disclosure,D1_no_detected_evidence_or_insufficient_disclosure,True
PLIP,plip,lung_hist_ood2_out_of_domain_lung_lung_diagnostic_histologic_subtyping_slide,dhmc_lung,D1_no_detected_evidence_or_insufficient_disclosure,D1_no_detected_evidence_or_insufficient_disclosure,True
BiomedCLIP,biomedclip,lung_hist_ood2_out_of_domain_lung_lung_diagnostic_histologic_subtyping_slide,dhmc_lung,D1_no_detected_evidence_or_insufficient_disclosure,D1_no_detected_evidence_or_insufficient_disclosure,True
Dinov2,dinov2_l,lung_hist_ood2_out_of_domain_lung_lung_diagnostic_histologic_subtyping_slide,dhmc_lung,D1_no_detected_evidence_or_insufficient_disclosure,D1_no_detected_evidence_or_insufficient_disclosure,True
Clip-B16,clip_b16,lung_hist_ood2_out_of_domain_lung_lung_diagnostic_histologic_subtyping_slide,dhmc_lung,D1_no_detected_evidence_or_insufficient_disclosure,D1_no_detected_evidence_or_insufficient_disclosure,True
Hibou,hibou_b,lc25000_external_benchmarking_cohort_pan_cancer_pan_cancer_diagnostic_primary_diagnosis_and_histologic_subtyping_patch,lc25000,D1_no_detected_evidence_or_insufficient_disclosure,D1_no_detected_evidence_or_insufficient_disclosure,True
H-optimus-0,h_optimus_0,lc25000_external_benchmarking_cohort_pan_cancer_pan_cancer_diagnostic_primary_diagnosis_and_histologic_subtyping_patch,lc25000,D1_no_detected_evidence_or_insufficient_disclosure,D1_no_detected_evidence_or_insufficient_disclosure,True
UNI2,uni2,lc25000_external_benchmarking_cohort_pan_cancer_pan_cancer_diagnostic_primary_diagnosis_and_histologic_subtyping_patch,lc25000,D1_no_detected_evidence_or_insufficient_disclosure,D1_no_detected_evidence_or_insufficient_disclosure,True
Phikon-v2,phikon_v2,lc25000_external_benchmarking_cohort_pan_cancer_pan_cancer_diagnostic_primary_diagnosis_and_histologic_subtyping_patch,lc25000,D1_no_detected_evidence_or_insufficient_disclosure,D1_no_detected_evidence_or_insufficient_disclosure,True
Virchow2,virchow2,lc25000_external_benchmarking_cohort_pan_cancer_pan_cancer_diagnostic_primary_diagnosis_and_histologic_subtyping_patch,lc25000,D1_no_detected_evidence_or_insufficient_disclosure,D1_no_detected_evidence_or_insufficient_disclosure,True
TITAN,titan,lc25000_external_benchmarking_cohort_pan_cancer_pan_cancer_diagnostic_primary_diagnosis_and_histologic_subtyping_patch,lc25000,D1_no_detected_evidence_or_insufficient_disclosure,D1_no_detected_evidence_or_insufficient_disclosure,True
UNI,uni,lc25000_external_benchmarking_cohort_pan_cancer_pan_cancer_diagnostic_primary_diagnosis_and_histologic_subtyping_patch,lc25000,D1_no_detected_evidence_or_insufficient_disclosure,D1_no_detected_evidence_or_insufficient_disclosure,True
Prov-GigaPath,prov_gigapath,lc25000_external_benchmarking_cohort_pan_cancer_pan_cancer_diagnostic_primary_diagnosis_and_histologic_subtyping_patch,lc25000,D1_no_detected_evidence_or_insufficient_disclosure,D1_no_detected_evidence_or_insufficient_disclosure,True
Virchow,virchow,lc25000_external_benchmarking_cohort_pan_cancer_pan_cancer_diagnostic_primary_diagnosis_and_histologic_subtyping_patch,lc25000,D1_no_detected_evidence_or_insufficient_disclosure,D1_no_detected_evidence_or_insufficient_disclosure,True
QuiltNet-B-16,quiltnet_b16,lc25000_external_benchmarking_cohort_pan_cancer_pan_cancer_diagnostic_primary_diagnosis_and_histologic_subtyping_patch,lc25000,D1_no_detected_evidence_or_insufficient_disclosure,D1_no_detected_evidence_or_insufficient_disclosure,True
PLIP,plip,lc25000_external_benchmarking_cohort_pan_cancer_pan_cancer_diagnostic_primary_diagnosis_and_histologic_subtyping_patch,lc25000,D1_no_detected_evidence_or_insufficient_disclosure,D1_no_detected_evidence_or_insufficient_disclosure,True
BiomedCLIP,biomedclip,lc25000_external_benchmarking_cohort_pan_cancer_pan_cancer_diagnostic_primary_diagnosis_and_histologic_subtyping_patch,lc25000,D1_no_detected_evidence_or_insufficient_disclosure,D1_no_detected_evidence_or_insufficient_disclosure,True
Dinov2,dinov2_l,lc25000_external_benchmarking_cohort_pan_cancer_pan_cancer_diagnostic_primary_diagnosis_and_histologic_subtyping_patch,lc25000,D1_no_detected_evidence_or_insufficient_disclosure,D1_no_detected_evidence_or_insufficient_disclosure,True
Clip-B16,clip_b16,lc25000_external_benchmarking_cohort_pan_cancer_pan_cancer_diagnostic_primary_diagnosis_and_histologic_subtyping_patch,lc25000,D1_no_detected_evidence_or_insufficient_disclosure,D1_no_detected_evidence_or_insufficient_disclosure,True
Hibou,hibou_b,mhist_external_benchmarking_cohort_coad_colon_diagnostic_histologic_subtyping_patch,mhist,D1_no_detected_evidence_or_insufficient_disclosure,D1_no_detected_evidence_or_insufficient_disclosure,True
H-optimus-0,h_optimus_0,mhist_external_benchmarking_cohort_coad_colon_diagnostic_histologic_subtyping_patch,mhist,D1_no_detected_evidence_or_insufficient_disclosure,D1_no_detected_evidence_or_insufficient_disclosure,True
UNI2,uni2,mhist_external_benchmarking_cohort_coad_colon_diagnostic_histologic_subtyping_patch,mhist,D1_no_detected_evidence_or_insufficient_disclosure,D1_no_detected_evidence_or_insufficient_disclosure,True
Phikon-v2,phikon_v2,mhist_external_benchmarking_cohort_coad_colon_diagnostic_histologic_subtyping_patch,mhist,D1_no_detected_evidence_or_insufficient_disclosure,D1_no_detected_evidence_or_insufficient_disclosure,True
Virchow2,virchow2,mhist_external_benchmarking_cohort_coad_colon_diagnostic_histologic_subtyping_patch,mhist,D1_no_detected_evidence_or_insufficient_disclosure,D1_no_detected_evidence_or_insufficient_disclosure,True
TITAN,titan,mhist_external_benchmarking_cohort_coad_colon_diagnostic_histologic_subtyping_patch,mhist,D1_no_detected_evidence_or_insufficient_disclosure,D1_no_detected_evidence_or_insufficient_disclosure,True
UNI,uni,mhist_external_benchmarking_cohort_coad_colon_diagnostic_histologic_subtyping_patch,mhist,D1_no_detected_evidence_or_insufficient_disclosure,D1_no_detected_evidence_or_insufficient_disclosure,True
Prov-GigaPath,prov_gigapath,mhist_external_benchmarking_cohort_coad_colon_diagnostic_histologic_subtyping_patch,mhist,D1_no_detected_evidence_or_insufficient_disclosure,D1_no_detected_evidence_or_insufficient_disclosure,True
Virchow,virchow,mhist_external_benchmarking_cohort_coad_colon_diagnostic_histologic_subtyping_patch,mhist,D1_no_detected_evidence_or_insufficient_disclosure,D1_no_detected_evidence_or_insufficient_disclosure,True
QuiltNet-B-16,quiltnet_b16,mhist_external_benchmarking_cohort_coad_colon_diagnostic_histologic_subtyping_patch,mhist,D1_no_detected_evidence_or_insufficient_disclosure,D1_no_detected_evidence_or_insufficient_disclosure,True
PLIP,plip,mhist_external_benchmarking_cohort_coad_colon_diagnostic_histologic_subtyping_patch,mhist,D1_no_detected_evidence_or_insufficient_disclosure,D1_no_detected_evidence_or_insufficient_disclosure,True
BiomedCLIP,biomedclip,mhist_external_benchmarking_cohort_coad_colon_diagnostic_histologic_subtyping_patch,mhist,D1_no_detected_evidence_or_insufficient_disclosure,D1_no_detected_evidence_or_insufficient_disclosure,True
Dinov2,dinov2_l,mhist_external_benchmarking_cohort_coad_colon_diagnostic_histologic_subtyping_patch,mhist,D1_no_detected_evidence_or_insufficient_disclosure,D1_no_detected_evidence_or_insufficient_disclosure,True
Clip-B16,clip_b16,mhist_external_benchmarking_cohort_coad_colon_diagnostic_histologic_subtyping_patch,mhist,D1_no_detected_evidence_or_insufficient_disclosure,D1_no_detected_evidence_or_insufficient_disclosure,True
Hibou,hibou_b,nct_crc_he_external_benchmarking_cohort_coad_colon_diagnostic_tissue_type_classification_patch,nct_crc_he_100k,D1_no_detected_evidence_or_insufficient_disclosure,D1_no_detected_evidence_or_insufficient_disclosure,True
H-optimus-0,h_optimus_0,nct_crc_he_external_benchmarking_cohort_coad_colon_diagnostic_tissue_type_classification_patch,nct_crc_he_100k,D1_no_detected_evidence_or_insufficient_disclosure,D1_no_detected_evidence_or_insufficient_disclosure,True
UNI2,uni2,nct_crc_he_external_benchmarking_cohort_coad_colon_diagnostic_tissue_type_classification_patch,nct_crc_he_100k,D1_no_detected_evidence_or_insufficient_disclosure,D1_no_detected_evidence_or_insufficient_disclosure,True
Phikon-v2,phikon_v2,nct_crc_he_external_benchmarking_cohort_coad_colon_diagnostic_tissue_type_classification_patch,nct_crc_he_100k,D1_no_detected_evidence_or_insufficient_disclosure,D1_no_detected_evidence_or_insufficient_disclosure,True
Virchow2,virchow2,nct_crc_he_external_benchmarking_cohort_coad_colon_diagnostic_tissue_type_classification_patch,nct_crc_he_100k,D1_no_detected_evidence_or_insufficient_disclosure,D1_no_detected_evidence_or_insufficient_disclosure,True
TITAN,titan,nct_crc_he_external_benchmarking_cohort_coad_colon_diagnostic_tissue_type_classification_patch,nct_crc_he_100k,D1_no_detected_evidence_or_insufficient_disclosure,D1_no_detected_evidence_or_insufficient_disclosure,True
UNI,uni,nct_crc_he_external_benchmarking_cohort_coad_colon_diagnostic_tissue_type_classification_patch,nct_crc_he_100k,D1_no_detected_evidence_or_insufficient_disclosure,D1_no_detected_evidence_or_insufficient_disclosure,True
Prov-GigaPath,prov_gigapath,nct_crc_he_external_benchmarking_cohort_coad_colon_diagnostic_tissue_type_classification_patch,nct_crc_he_100k,D1_no_detected_evidence_or_insufficient_disclosure,D1_no_detected_evidence_or_insufficient_disclosure,True
Virchow,virchow,nct_crc_he_external_benchmarking_cohort_coad_colon_diagnostic_tissue_type_classification_patch,nct_crc_he_100k,D1_no_detected_evidence_or_insufficient_disclosure,D1_no_detected_evidence_or_insufficient_disclosure,True
QuiltNet-B-16,quiltnet_b16,nct_crc_he_external_benchmarking_cohort_coad_colon_diagnostic_tissue_type_classification_patch,nct_crc_he_100k,D1_no_detected_evidence_or_insufficient_disclosure,D1_no_detected_evidence_or_insufficient_disclosure,True
PLIP,plip,nct_crc_he_external_benchmarking_cohort_coad_colon_diagnostic_tissue_type_classification_patch,nct_crc_he_100k,D1_no_detected_evidence_or_insufficient_disclosure,D1_no_detected_evidence_or_insufficient_disclosure,True
BiomedCLIP,biomedclip,nct_crc_he_external_benchmarking_cohort_coad_colon_diagnostic_tissue_type_classification_patch,nct_crc_he_100k,D1_no_detected_evidence_or_insufficient_disclosure,D1_no_detected_evidence_or_insufficient_disclosure,True
Dinov2,dinov2_l,nct_crc_he_external_benchmarking_cohort_coad_colon_diagnostic_tissue_type_classification_patch,nct_crc_he_100k,D1_no_detected_evidence_or_insufficient_disclosure,D1_no_detected_evidence_or_insufficient_disclosure,True
Clip-B16,clip_b16,nct_crc_he_external_benchmarking_cohort_coad_colon_diagnostic_tissue_type_classification_patch,nct_crc_he_100k,D1_no_detected_evidence_or_insufficient_disclosure,D1_no_detected_evidence_or_insufficient_disclosure,True
Hibou,hibou_b,sicapv2_external_benchmarking_cohort_prad_prostate_diagnostic_primary_diagnosis_and_tumor_grading_patch,sicapv2,D1_no_detected_evidence_or_insufficient_disclosure,D1_no_detected_evidence_or_insufficient_disclosure,True
H-optimus-0,h_optimus_0,sicapv2_external_benchmarking_cohort_prad_prostate_diagnostic_primary_diagnosis_and_tumor_grading_patch,sicapv2,D1_no_detected_evidence_or_insufficient_disclosure,D1_no_detected_evidence_or_insufficient_disclosure,True
UNI2,uni2,sicapv2_external_benchmarking_cohort_prad_prostate_diagnostic_primary_diagnosis_and_tumor_grading_patch,sicapv2,D1_no_detected_evidence_or_insufficient_disclosure,D1_no_detected_evidence_or_insufficient_disclosure,True
Phikon-v2,phikon_v2,sicapv2_external_benchmarking_cohort_prad_prostate_diagnostic_primary_diagnosis_and_tumor_grading_patch,sicapv2,D1_no_detected_evidence_or_insufficient_disclosure,D1_no_detected_evidence_or_insufficient_disclosure,True
Virchow2,virchow2,sicapv2_external_benchmarking_cohort_prad_prostate_diagnostic_primary_diagnosis_and_tumor_grading_patch,sicapv2,D1_no_detected_evidence_or_insufficient_disclosure,D1_no_detected_evidence_or_insufficient_disclosure,True
TITAN,titan,sicapv2_external_benchmarking_cohort_prad_prostate_diagnostic_primary_diagnosis_and_tumor_grading_patch,sicapv2,D1_no_detected_evidence_or_insufficient_disclosure,D1_no_detected_evidence_or_insufficient_disclosure,True
UNI,uni,sicapv2_external_benchmarking_cohort_prad_prostate_diagnostic_primary_diagnosis_and_tumor_grading_patch,sicapv2,D1_no_detected_evidence_or_insufficient_disclosure,D1_no_detected_evidence_or_insufficient_disclosure,True
Prov-GigaPath,prov_gigapath,sicapv2_external_benchmarking_cohort_prad_prostate_diagnostic_primary_diagnosis_and_tumor_grading_patch,sicapv2,D1_no_detected_evidence_or_insufficient_disclosure,D1_no_detected_evidence_or_insufficient_disclosure,True
Virchow,virchow,sicapv2_external_benchmarking_cohort_prad_prostate_diagnostic_primary_diagnosis_and_tumor_grading_patch,sicapv2,D1_no_detected_evidence_or_insufficient_disclosure,D1_no_detected_evidence_or_insufficient_disclosure,True
QuiltNet-B-16,quiltnet_b16,sicapv2_external_benchmarking_cohort_prad_prostate_diagnostic_primary_diagnosis_and_tumor_grading_patch,sicapv2,D1_no_detected_evidence_or_insufficient_disclosure,D1_no_detected_evidence_or_insufficient_disclosure,True
PLIP,plip,sicapv2_external_benchmarking_cohort_prad_prostate_diagnostic_primary_diagnosis_and_tumor_grading_patch,sicapv2,D1_no_detected_evidence_or_insufficient_disclosure,D1_no_detected_evidence_or_insufficient_disclosure,True
BiomedCLIP,biomedclip,sicapv2_external_benchmarking_cohort_prad_prostate_diagnostic_primary_diagnosis_and_tumor_grading_patch,sicapv2,D1_no_detected_evidence_or_insufficient_disclosure,D1_no_detected_evidence_or_insufficient_disclosure,True
Dinov2,dinov2_l,sicapv2_external_benchmarking_cohort_prad_prostate_diagnostic_primary_diagnosis_and_tumor_grading_patch,sicapv2,D1_no_detected_evidence_or_insufficient_disclosure,D1_no_detected_evidence_or_insufficient_disclosure,True
Clip-B16,clip_b16,sicapv2_external_benchmarking_cohort_prad_prostate_diagnostic_primary_diagnosis_and_tumor_grading_patch,sicapv2,D1_no_detected_evidence_or_insufficient_disclosure,D1_no_detected_evidence_or_insufficient_disclosure,True
Hibou,hibou_b,unitopatho_external_benchmarking_cohort_coad_colon_diagnostic_primary_diagnosis_patch,unitopatho,D1_no_detected_evidence_or_insufficient_disclosure,D1_no_detected_evidence_or_insufficient_disclosure,True
H-optimus-0,h_optimus_0,unitopatho_external_benchmarking_cohort_coad_colon_diagnostic_primary_diagnosis_patch,unitopatho,D1_no_detected_evidence_or_insufficient_disclosure,D1_no_detected_evidence_or_insufficient_disclosure,True
UNI2,uni2,unitopatho_external_benchmarking_cohort_coad_colon_diagnostic_primary_diagnosis_patch,unitopatho,D1_no_detected_evidence_or_insufficient_disclosure,D1_no_detected_evidence_or_insufficient_disclosure,True
Phikon-v2,phikon_v2,unitopatho_external_benchmarking_cohort_coad_colon_diagnostic_primary_diagnosis_patch,unitopatho,D1_no_detected_evidence_or_insufficient_disclosure,D1_no_detected_evidence_or_insufficient_disclosure,True
Virchow2,virchow2,unitopatho_external_benchmarking_cohort_coad_colon_diagnostic_primary_diagnosis_patch,unitopatho,D1_no_detected_evidence_or_insufficient_disclosure,D1_no_detected_evidence_or_insufficient_disclosure,True
TITAN,titan,unitopatho_external_benchmarking_cohort_coad_colon_diagnostic_primary_diagnosis_patch,unitopatho,D1_no_detected_evidence_or_insufficient_disclosure,D1_no_detected_evidence_or_insufficient_disclosure,True
UNI,uni,unitopatho_external_benchmarking_cohort_coad_colon_diagnostic_primary_diagnosis_patch,unitopatho,D1_no_detected_evidence_or_insufficient_disclosure,D1_no_detected_evidence_or_insufficient_disclosure,True
Prov-GigaPath,prov_gigapath,unitopatho_external_benchmarking_cohort_coad_colon_diagnostic_primary_diagnosis_patch,unitopatho,D1_no_detected_evidence_or_insufficient_disclosure,D1_no_detected_evidence_or_insufficient_disclosure,True
Virchow,virchow,unitopatho_external_benchmarking_cohort_coad_colon_diagnostic_primary_diagnosis_patch,unitopatho,D1_no_detected_evidence_or_insufficient_disclosure,D1_no_detected_evidence_or_insufficient_disclosure,True
QuiltNet-B-16,quiltnet_b16,unitopatho_external_benchmarking_cohort_coad_colon_diagnostic_primary_diagnosis_patch,unitopatho,D1_no_detected_evidence_or_insufficient_disclosure,D1_no_detected_evidence_or_insufficient_disclosure,True
PLIP,plip,unitopatho_external_benchmarking_cohort_coad_colon_diagnostic_primary_diagnosis_patch,unitopatho,D1_no_detected_evidence_or_insufficient_disclosure,D1_no_detected_evidence_or_insufficient_disclosure,True
BiomedCLIP,biomedclip,unitopatho_external_benchmarking_cohort_coad_colon_diagnostic_primary_diagnosis_patch,unitopatho,D1_no_detected_evidence_or_insufficient_disclosure,D1_no_detected_evidence_or_insufficient_disclosure,True
Dinov2,dinov2_l,unitopatho_external_benchmarking_cohort_coad_colon_diagnostic_primary_diagnosis_patch,unitopatho,D1_no_detected_evidence_or_insufficient_disclosure,D1_no_detected_evidence_or_insufficient_disclosure,True
Clip-B16,clip_b16,unitopatho_external_benchmarking_cohort_coad_colon_diagnostic_primary_diagnosis_patch,unitopatho,D1_no_detected_evidence_or_insufficient_disclosure,D1_no_detected_evidence_or_insufficient_disclosure,True
Hibou,hibou_b,lung_grade_out_of_domain_lung_lung_diagnostic_tumor_grading_slide,nlst,D1_no_detected_evidence_or_insufficient_disclosure,D1_no_detected_evidence_or_insufficient_disclosure,True
H-optimus-0,h_optimus_0,lung_grade_out_of_domain_lung_lung_diagnostic_tumor_grading_slide,nlst,D1_no_detected_evidence_or_insufficient_disclosure,D1_no_detected_evidence_or_insufficient_disclosure,True
UNI2,uni2,lung_grade_out_of_domain_lung_lung_diagnostic_tumor_grading_slide,nlst,D1_no_detected_evidence_or_insufficient_disclosure,D1_no_detected_evidence_or_insufficient_disclosure,True
Phikon-v2,phikon_v2,lung_grade_out_of_domain_lung_lung_diagnostic_tumor_grading_slide,nlst,D1_no_detected_evidence_or_insufficient_disclosure,D1_no_detected_evidence_or_insufficient_disclosure,True
Virchow2,virchow2,lung_grade_out_of_domain_lung_lung_diagnostic_tumor_grading_slide,nlst,D1_no_detected_evidence_or_insufficient_disclosure,D1_no_detected_evidence_or_insufficient_disclosure,True
TITAN,titan,lung_grade_out_of_domain_lung_lung_diagnostic_tumor_grading_slide,nlst,D1_no_detected_evidence_or_insufficient_disclosure,D1_no_detected_evidence_or_insufficient_disclosure,True
UNI,uni,lung_grade_out_of_domain_lung_lung_diagnostic_tumor_grading_slide,nlst,D1_no_detected_evidence_or_insufficient_disclosure,D1_no_detected_evidence_or_insufficient_disclosure,True
Prov-GigaPath,prov_gigapath,lung_grade_out_of_domain_lung_lung_diagnostic_tumor_grading_slide,nlst,D1_no_detected_evidence_or_insufficient_disclosure,D1_no_detected_evidence_or_insufficient_disclosure,True
Virchow,virchow,lung_grade_out_of_domain_lung_lung_diagnostic_tumor_grading_slide,nlst,D1_no_detected_evidence_or_insufficient_disclosure,D1_no_detected_evidence_or_insufficient_disclosure,True
QuiltNet-B-16,quiltnet_b16,lung_grade_out_of_domain_lung_lung_diagnostic_tumor_grading_slide,nlst,D1_no_detected_evidence_or_insufficient_disclosure,D1_no_detected_evidence_or_insufficient_disclosure,True
PLIP,plip,lung_grade_out_of_domain_lung_lung_diagnostic_tumor_grading_slide,nlst,D1_no_detected_evidence_or_insufficient_disclosure,D1_no_detected_evidence_or_insufficient_disclosure,True
BiomedCLIP,biomedclip,lung_grade_out_of_domain_lung_lung_diagnostic_tumor_grading_slide,nlst,D1_no_detected_evidence_or_insufficient_disclosure,D1_no_detected_evidence_or_insufficient_disclosure,True
Dinov2,dinov2_l,lung_grade_out_of_domain_lung_lung_diagnostic_tumor_grading_slide,nlst,D1_no_detected_evidence_or_insufficient_disclosure,D1_no_detected_evidence_or_insufficient_disclosure,True
Clip-B16,clip_b16,lung_grade_out_of_domain_lung_lung_diagnostic_tumor_grading_slide,nlst,D1_no_detected_evidence_or_insufficient_disclosure,D1_no_detected_evidence_or_insufficient_disclosure,True
Hibou,hibou_b,lung_stage_out_of_domain_lung_lung_diagnostic_tumor_staging_slide,nlst,D1_no_detected_evidence_or_insufficient_disclosure,D1_no_detected_evidence_or_insufficient_disclosure,True
H-optimus-0,h_optimus_0,lung_stage_out_of_domain_lung_lung_diagnostic_tumor_staging_slide,nlst,D1_no_detected_evidence_or_insufficient_disclosure,D1_no_detected_evidence_or_insufficient_disclosure,True
UNI2,uni2,lung_stage_out_of_domain_lung_lung_diagnostic_tumor_staging_slide,nlst,D1_no_detected_evidence_or_insufficient_disclosure,D1_no_detected_evidence_or_insufficient_disclosure,True
Phikon-v2,phikon_v2,lung_stage_out_of_domain_lung_lung_diagnostic_tumor_staging_slide,nlst,D1_no_detected_evidence_or_insufficient_disclosure,D1_no_detected_evidence_or_insufficient_disclosure,True
Virchow2,virchow2,lung_stage_out_of_domain_lung_lung_diagnostic_tumor_staging_slide,nlst,D1_no_detected_evidence_or_insufficient_disclosure,D1_no_detected_evidence_or_insufficient_disclosure,True
TITAN,titan,lung_stage_out_of_domain_lung_lung_diagnostic_tumor_staging_slide,nlst,D1_no_detected_evidence_or_insufficient_disclosure,D1_no_detected_evidence_or_insufficient_disclosure,True
UNI,uni,lung_stage_out_of_domain_lung_lung_diagnostic_tumor_staging_slide,nlst,D1_no_detected_evidence_or_insufficient_disclosure,D1_no_detected_evidence_or_insufficient_disclosure,True
Prov-GigaPath,prov_gigapath,lung_stage_out_of_domain_lung_lung_diagnostic_tumor_staging_slide,nlst,D1_no_detected_evidence_or_insufficient_disclosure,D1_no_detected_evidence_or_insufficient_disclosure,True
Virchow,virchow,lung_stage_out_of_domain_lung_lung_diagnostic_tumor_staging_slide,nlst,D1_no_detected_evidence_or_insufficient_disclosure,D1_no_detected_evidence_or_insufficient_disclosure,True
QuiltNet-B-16,quiltnet_b16,lung_stage_out_of_domain_lung_lung_diagnostic_tumor_staging_slide,nlst,D1_no_detected_evidence_or_insufficient_disclosure,D1_no_detected_evidence_or_insufficient_disclosure,True
PLIP,plip,lung_stage_out_of_domain_lung_lung_diagnostic_tumor_staging_slide,nlst,D1_no_detected_evidence_or_insufficient_disclosure,D1_no_detected_evidence_or_insufficient_disclosure,True
BiomedCLIP,biomedclip,lung_stage_out_of_domain_lung_lung_diagnostic_tumor_staging_slide,nlst,D1_no_detected_evidence_or_insufficient_disclosure,D1_no_detected_evidence_or_insufficient_disclosure,True
Dinov2,dinov2_l,lung_stage_out_of_domain_lung_lung_diagnostic_tumor_staging_slide,nlst,D1_no_detected_evidence_or_insufficient_disclosure,D1_no_detected_evidence_or_insufficient_disclosure,True
Clip-B16,clip_b16,lung_stage_out_of_domain_lung_lung_diagnostic_tumor_staging_slide,nlst,D1_no_detected_evidence_or_insufficient_disclosure,D1_no_detected_evidence_or_insufficient_disclosure,True
Hibou,hibou_b,kidney_subtype_tcga_kirc_kirp_kich_kidney_diagnostic_histologic_subtyping_slide,tcga,D1_no_detected_evidence_or_insufficient_disclosure,D1_no_detected_evidence_or_insufficient_disclosure,True
H-optimus-0,h_optimus_0,kidney_subtype_tcga_kirc_kirp_kich_kidney_diagnostic_histologic_subtyping_slide,tcga,D1_no_detected_evidence_or_insufficient_disclosure,D1_no_detected_evidence_or_insufficient_disclosure,True
UNI2,uni2,kidney_subtype_tcga_kirc_kirp_kich_kidney_diagnostic_histologic_subtyping_slide,tcga,D1_no_detected_evidence_or_insufficient_disclosure,D1_no_detected_evidence_or_insufficient_disclosure,True
Phikon-v2,phikon_v2,kidney_subtype_tcga_kirc_kirp_kich_kidney_diagnostic_histologic_subtyping_slide,tcga,D2_parent_repository_exposure,D2_parent_repository_exposure,True
Virchow2,virchow2,kidney_subtype_tcga_kirc_kirp_kich_kidney_diagnostic_histologic_subtyping_slide,tcga,D1_no_detected_evidence_or_insufficient_disclosure,D1_no_detected_evidence_or_insufficient_disclosure,True
TITAN,titan,kidney_subtype_tcga_kirc_kirp_kich_kidney_diagnostic_histologic_subtyping_slide,tcga,D0_documented_disjoint,D0_documented_disjoint,True
UNI,uni,kidney_subtype_tcga_kirc_kirp_kich_kidney_diagnostic_histologic_subtyping_slide,tcga,D0_documented_disjoint,D0_documented_disjoint,True
Prov-GigaPath,prov_gigapath,kidney_subtype_tcga_kirc_kirp_kich_kidney_diagnostic_histologic_subtyping_slide,tcga,D1_no_detected_evidence_or_insufficient_disclosure,D1_no_detected_evidence_or_insufficient_disclosure,True
Virchow,virchow,kidney_subtype_tcga_kirc_kirp_kich_kidney_diagnostic_histologic_subtyping_slide,tcga,D1_no_detected_evidence_or_insufficient_disclosure,D1_no_detected_evidence_or_insufficient_disclosure,True
QuiltNet-B-16,quiltnet_b16,kidney_subtype_tcga_kirc_kirp_kich_kidney_diagnostic_histologic_subtyping_slide,tcga,D1_no_detected_evidence_or_insufficient_disclosure,D1_no_detected_evidence_or_insufficient_disclosure,True
PLIP,plip,kidney_subtype_tcga_kirc_kirp_kich_kidney_diagnostic_histologic_subtyping_slide,tcga,D1_no_detected_evidence_or_insufficient_disclosure,D1_no_detected_evidence_or_insufficient_disclosure,True
BiomedCLIP,biomedclip,kidney_subtype_tcga_kirc_kirp_kich_kidney_diagnostic_histologic_subtyping_slide,tcga,D1_no_detected_evidence_or_insufficient_disclosure,D1_no_detected_evidence_or_insufficient_disclosure,True
Dinov2,dinov2_l,kidney_subtype_tcga_kirc_kirp_kich_kidney_diagnostic_histologic_subtyping_slide,tcga,D1_no_detected_evidence_or_insufficient_disclosure,D1_no_detected_evidence_or_insufficient_disclosure,True
Clip-B16,clip_b16,kidney_subtype_tcga_kirc_kirp_kich_kidney_diagnostic_histologic_subtyping_slide,tcga,D1_no_detected_evidence_or_insufficient_disclosure,D1_no_detected_evidence_or_insufficient_disclosure,True
Hibou,hibou_b,blca_hist_subtype_tcga_blca_bladder_diagnostic_histologic_subtyping_slide,tcga,D1_no_detected_evidence_or_insufficient_disclosure,D1_no_detected_evidence_or_insufficient_disclosure,True
H-optimus-0,h_optimus_0,blca_hist_subtype_tcga_blca_bladder_diagnostic_histologic_subtyping_slide,tcga,D1_no_detected_evidence_or_insufficient_disclosure,D1_no_detected_evidence_or_insufficient_disclosure,True
UNI2,uni2,blca_hist_subtype_tcga_blca_bladder_diagnostic_histologic_subtyping_slide,tcga,D1_no_detected_evidence_or_insufficient_disclosure,D1_no_detected_evidence_or_insufficient_disclosure,True
Phikon-v2,phikon_v2,blca_hist_subtype_tcga_blca_bladder_diagnostic_histologic_subtyping_slide,tcga,D2_parent_repository_exposure,D2_parent_repository_exposure,True
Virchow2,virchow2,blca_hist_subtype_tcga_blca_bladder_diagnostic_histologic_subtyping_slide,tcga,D1_no_detected_evidence_or_insufficient_disclosure,D1_no_detected_evidence_or_insufficient_disclosure,True
TITAN,titan,blca_hist_subtype_tcga_blca_bladder_diagnostic_histologic_subtyping_slide,tcga,D0_documented_disjoint,D0_documented_disjoint,True
UNI,uni,blca_hist_subtype_tcga_blca_bladder_diagnostic_histologic_subtyping_slide,tcga,D0_documented_disjoint,D0_documented_disjoint,True
Prov-GigaPath,prov_gigapath,blca_hist_subtype_tcga_blca_bladder_diagnostic_histologic_subtyping_slide,tcga,D1_no_detected_evidence_or_insufficient_disclosure,D1_no_detected_evidence_or_insufficient_disclosure,True
Virchow,virchow,blca_hist_subtype_tcga_blca_bladder_diagnostic_histologic_subtyping_slide,tcga,D1_no_detected_evidence_or_insufficient_disclosure,D1_no_detected_evidence_or_insufficient_disclosure,True
QuiltNet-B-16,quiltnet_b16,blca_hist_subtype_tcga_blca_bladder_diagnostic_histologic_subtyping_slide,tcga,D1_no_detected_evidence_or_insufficient_disclosure,D1_no_detected_evidence_or_insufficient_disclosure,True
PLIP,plip,blca_hist_subtype_tcga_blca_bladder_diagnostic_histologic_subtyping_slide,tcga,D1_no_detected_evidence_or_insufficient_disclosure,D1_no_detected_evidence_or_insufficient_disclosure,True
BiomedCLIP,biomedclip,blca_hist_subtype_tcga_blca_bladder_diagnostic_histologic_subtyping_slide,tcga,D1_no_detected_evidence_or_insufficient_disclosure,D1_no_detected_evidence_or_insufficient_disclosure,True
Dinov2,dinov2_l,blca_hist_subtype_tcga_blca_bladder_diagnostic_histologic_subtyping_slide,tcga,D1_no_detected_evidence_or_insufficient_disclosure,D1_no_detected_evidence_or_insufficient_disclosure,True
Clip-B16,clip_b16,blca_hist_subtype_tcga_blca_bladder_diagnostic_histologic_subtyping_slide,tcga,D1_no_detected_evidence_or_insufficient_disclosure,D1_no_detected_evidence_or_insufficient_disclosure,True
Hibou,hibou_b,blca_mrna_cluster_tcga_blca_bladder_gene_expression_subtype_prediction_slide,tcga,D1_no_detected_evidence_or_insufficient_disclosure,D1_no_detected_evidence_or_insufficient_disclosure,True
H-optimus-0,h_optimus_0,blca_mrna_cluster_tcga_blca_bladder_gene_expression_subtype_prediction_slide,tcga,D1_no_detected_evidence_or_insufficient_disclosure,D1_no_detected_evidence_or_insufficient_disclosure,True
UNI2,uni2,blca_mrna_cluster_tcga_blca_bladder_gene_expression_subtype_prediction_slide,tcga,D1_no_detected_evidence_or_insufficient_disclosure,D1_no_detected_evidence_or_insufficient_disclosure,True
Phikon-v2,phikon_v2,blca_mrna_cluster_tcga_blca_bladder_gene_expression_subtype_prediction_slide,tcga,D2_parent_repository_exposure,D2_parent_repository_exposure,True
Virchow2,virchow2,blca_mrna_cluster_tcga_blca_bladder_gene_expression_subtype_prediction_slide,tcga,D1_no_detected_evidence_or_insufficient_disclosure,D1_no_detected_evidence_or_insufficient_disclosure,True
TITAN,titan,blca_mrna_cluster_tcga_blca_bladder_gene_expression_subtype_prediction_slide,tcga,D0_documented_disjoint,D0_documented_disjoint,True
UNI,uni,blca_mrna_cluster_tcga_blca_bladder_gene_expression_subtype_prediction_slide,tcga,D0_documented_disjoint,D0_documented_disjoint,True
Prov-GigaPath,prov_gigapath,blca_mrna_cluster_tcga_blca_bladder_gene_expression_subtype_prediction_slide,tcga,D1_no_detected_evidence_or_insufficient_disclosure,D1_no_detected_evidence_or_insufficient_disclosure,True
Virchow,virchow,blca_mrna_cluster_tcga_blca_bladder_gene_expression_subtype_prediction_slide,tcga,D1_no_detected_evidence_or_insufficient_disclosure,D1_no_detected_evidence_or_insufficient_disclosure,True
QuiltNet-B-16,quiltnet_b16,blca_mrna_cluster_tcga_blca_bladder_gene_expression_subtype_prediction_slide,tcga,D1_no_detected_evidence_or_insufficient_disclosure,D1_no_detected_evidence_or_insufficient_disclosure,True
PLIP,plip,blca_mrna_cluster_tcga_blca_bladder_gene_expression_subtype_prediction_slide,tcga,D1_no_detected_evidence_or_insufficient_disclosure,D1_no_detected_evidence_or_insufficient_disclosure,True
BiomedCLIP,biomedclip,blca_mrna_cluster_tcga_blca_bladder_gene_expression_subtype_prediction_slide,tcga,D1_no_detected_evidence_or_insufficient_disclosure,D1_no_detected_evidence_or_insufficient_disclosure,True
Dinov2,dinov2_l,blca_mrna_cluster_tcga_blca_bladder_gene_expression_subtype_prediction_slide,tcga,D1_no_detected_evidence_or_insufficient_disclosure,D1_no_detected_evidence_or_insufficient_disclosure,True
Clip-B16,clip_b16,blca_mrna_cluster_tcga_blca_bladder_gene_expression_subtype_prediction_slide,tcga,D1_no_detected_evidence_or_insufficient_disclosure,D1_no_detected_evidence_or_insufficient_disclosure,True
Hibou,hibou_b,er_status_tcga_brca_breast_biomarker_status_prediction_slide,tcga,D1_no_detected_evidence_or_insufficient_disclosure,D1_no_detected_evidence_or_insufficient_disclosure,True
H-optimus-0,h_optimus_0,er_status_tcga_brca_breast_biomarker_status_prediction_slide,tcga,D1_no_detected_evidence_or_insufficient_disclosure,D1_no_detected_evidence_or_insufficient_disclosure,True
UNI2,uni2,er_status_tcga_brca_breast_biomarker_status_prediction_slide,tcga,D1_no_detected_evidence_or_insufficient_disclosure,D1_no_detected_evidence_or_insufficient_disclosure,True
Phikon-v2,phikon_v2,er_status_tcga_brca_breast_biomarker_status_prediction_slide,tcga,D2_parent_repository_exposure,D2_parent_repository_exposure,True
Virchow2,virchow2,er_status_tcga_brca_breast_biomarker_status_prediction_slide,tcga,D1_no_detected_evidence_or_insufficient_disclosure,D1_no_detected_evidence_or_insufficient_disclosure,True
TITAN,titan,er_status_tcga_brca_breast_biomarker_status_prediction_slide,tcga,D0_documented_disjoint,D0_documented_disjoint,True
UNI,uni,er_status_tcga_brca_breast_biomarker_status_prediction_slide,tcga,D0_documented_disjoint,D0_documented_disjoint,True
Prov-GigaPath,prov_gigapath,er_status_tcga_brca_breast_biomarker_status_prediction_slide,tcga,D1_no_detected_evidence_or_insufficient_disclosure,D1_no_detected_evidence_or_insufficient_disclosure,True
Virchow,virchow,er_status_tcga_brca_breast_biomarker_status_prediction_slide,tcga,D1_no_detected_evidence_or_insufficient_disclosure,D1_no_detected_evidence_or_insufficient_disclosure,True
QuiltNet-B-16,quiltnet_b16,er_status_tcga_brca_breast_biomarker_status_prediction_slide,tcga,D1_no_detected_evidence_or_insufficient_disclosure,D1_no_detected_evidence_or_insufficient_disclosure,True
PLIP,plip,er_status_tcga_brca_breast_biomarker_status_prediction_slide,tcga,D1_no_detected_evidence_or_insufficient_disclosure,D1_no_detected_evidence_or_insufficient_disclosure,True
BiomedCLIP,biomedclip,er_status_tcga_brca_breast_biomarker_status_prediction_slide,tcga,D1_no_detected_evidence_or_insufficient_disclosure,D1_no_detected_evidence_or_insufficient_disclosure,True
Dinov2,dinov2_l,er_status_tcga_brca_breast_biomarker_status_prediction_slide,tcga,D1_no_detected_evidence_or_insufficient_disclosure,D1_no_detected_evidence_or_insufficient_disclosure,True
Clip-B16,clip_b16,er_status_tcga_brca_breast_biomarker_status_prediction_slide,tcga,D1_no_detected_evidence_or_insufficient_disclosure,D1_no_detected_evidence_or_insufficient_disclosure,True
Hibou,hibou_b,pam50_status_tcga_brca_breast_gene_expression_subtype_prediction_slide,tcga,D1_no_detected_evidence_or_insufficient_disclosure,D1_no_detected_evidence_or_insufficient_disclosure,True
H-optimus-0,h_optimus_0,pam50_status_tcga_brca_breast_gene_expression_subtype_prediction_slide,tcga,D1_no_detected_evidence_or_insufficient_disclosure,D1_no_detected_evidence_or_insufficient_disclosure,True
UNI2,uni2,pam50_status_tcga_brca_breast_gene_expression_subtype_prediction_slide,tcga,D1_no_detected_evidence_or_insufficient_disclosure,D1_no_detected_evidence_or_insufficient_disclosure,True
Phikon-v2,phikon_v2,pam50_status_tcga_brca_breast_gene_expression_subtype_prediction_slide,tcga,D2_parent_repository_exposure,D2_parent_repository_exposure,True
Virchow2,virchow2,pam50_status_tcga_brca_breast_gene_expression_subtype_prediction_slide,tcga,D1_no_detected_evidence_or_insufficient_disclosure,D1_no_detected_evidence_or_insufficient_disclosure,True
TITAN,titan,pam50_status_tcga_brca_breast_gene_expression_subtype_prediction_slide,tcga,D0_documented_disjoint,D0_documented_disjoint,True
UNI,uni,pam50_status_tcga_brca_breast_gene_expression_subtype_prediction_slide,tcga,D0_documented_disjoint,D0_documented_disjoint,True
Prov-GigaPath,prov_gigapath,pam50_status_tcga_brca_breast_gene_expression_subtype_prediction_slide,tcga,D1_no_detected_evidence_or_insufficient_disclosure,D1_no_detected_evidence_or_insufficient_disclosure,True
Virchow,virchow,pam50_status_tcga_brca_breast_gene_expression_subtype_prediction_slide,tcga,D1_no_detected_evidence_or_insufficient_disclosure,D1_no_detected_evidence_or_insufficient_disclosure,True
QuiltNet-B-16,quiltnet_b16,pam50_status_tcga_brca_breast_gene_expression_subtype_prediction_slide,tcga,D1_no_detected_evidence_or_insufficient_disclosure,D1_no_detected_evidence_or_insufficient_disclosure,True
PLIP,plip,pam50_status_tcga_brca_breast_gene_expression_subtype_prediction_slide,tcga,D1_no_detected_evidence_or_insufficient_disclosure,D1_no_detected_evidence_or_insufficient_disclosure,True
BiomedCLIP,biomedclip,pam50_status_tcga_brca_breast_gene_expression_subtype_prediction_slide,tcga,D1_no_detected_evidence_or_insufficient_disclosure,D1_no_detected_evidence_or_insufficient_disclosure,True
Dinov2,dinov2_l,pam50_status_tcga_brca_breast_gene_expression_subtype_prediction_slide,tcga,D1_no_detected_evidence_or_insufficient_disclosure,D1_no_detected_evidence_or_insufficient_disclosure,True
Clip-B16,clip_b16,pam50_status_tcga_brca_breast_gene_expression_subtype_prediction_slide,tcga,D1_no_detected_evidence_or_insufficient_disclosure,D1_no_detected_evidence_or_insufficient_disclosure,True
Hibou,hibou_b,pr_status_tcga_brca_breast_biomarker_status_prediction_slide,tcga,D1_no_detected_evidence_or_insufficient_disclosure,D1_no_detected_evidence_or_insufficient_disclosure,True
H-optimus-0,h_optimus_0,pr_status_tcga_brca_breast_biomarker_status_prediction_slide,tcga,D1_no_detected_evidence_or_insufficient_disclosure,D1_no_detected_evidence_or_insufficient_disclosure,True
UNI2,uni2,pr_status_tcga_brca_breast_biomarker_status_prediction_slide,tcga,D1_no_detected_evidence_or_insufficient_disclosure,D1_no_detected_evidence_or_insufficient_disclosure,True
Phikon-v2,phikon_v2,pr_status_tcga_brca_breast_biomarker_status_prediction_slide,tcga,D2_parent_repository_exposure,D2_parent_repository_exposure,True
Virchow2,virchow2,pr_status_tcga_brca_breast_biomarker_status_prediction_slide,tcga,D1_no_detected_evidence_or_insufficient_disclosure,D1_no_detected_evidence_or_insufficient_disclosure,True
TITAN,titan,pr_status_tcga_brca_breast_biomarker_status_prediction_slide,tcga,D0_documented_disjoint,D0_documented_disjoint,True
UNI,uni,pr_status_tcga_brca_breast_biomarker_status_prediction_slide,tcga,D0_documented_disjoint,D0_documented_disjoint,True
Prov-GigaPath,prov_gigapath,pr_status_tcga_brca_breast_biomarker_status_prediction_slide,tcga,D1_no_detected_evidence_or_insufficient_disclosure,D1_no_detected_evidence_or_insufficient_disclosure,True
Virchow,virchow,pr_status_tcga_brca_breast_biomarker_status_prediction_slide,tcga,D1_no_detected_evidence_or_insufficient_disclosure,D1_no_detected_evidence_or_insufficient_disclosure,True
QuiltNet-B-16,quiltnet_b16,pr_status_tcga_brca_breast_biomarker_status_prediction_slide,tcga,D1_no_detected_evidence_or_insufficient_disclosure,D1_no_detected_evidence_or_insufficient_disclosure,True
PLIP,plip,pr_status_tcga_brca_breast_biomarker_status_prediction_slide,tcga,D1_no_detected_evidence_or_insufficient_disclosure,D1_no_detected_evidence_or_insufficient_disclosure,True
BiomedCLIP,biomedclip,pr_status_tcga_brca_breast_biomarker_status_prediction_slide,tcga,D1_no_detected_evidence_or_insufficient_disclosure,D1_no_detected_evidence_or_insufficient_disclosure,True
Dinov2,dinov2_l,pr_status_tcga_brca_breast_biomarker_status_prediction_slide,tcga,D1_no_detected_evidence_or_insufficient_disclosure,D1_no_detected_evidence_or_insufficient_disclosure,True
Clip-B16,clip_b16,pr_status_tcga_brca_breast_biomarker_status_prediction_slide,tcga,D1_no_detected_evidence_or_insufficient_disclosure,D1_no_detected_evidence_or_insufficient_disclosure,True
Hibou,hibou_b,idh_tcga_gbm_lgg_brain_biomarker_status_prediction_slide,tcga,D1_no_detected_evidence_or_insufficient_disclosure,D1_no_detected_evidence_or_insufficient_disclosure,True
H-optimus-0,h_optimus_0,idh_tcga_gbm_lgg_brain_biomarker_status_prediction_slide,tcga,D1_no_detected_evidence_or_insufficient_disclosure,D1_no_detected_evidence_or_insufficient_disclosure,True
UNI2,uni2,idh_tcga_gbm_lgg_brain_biomarker_status_prediction_slide,tcga,D1_no_detected_evidence_or_insufficient_disclosure,D1_no_detected_evidence_or_insufficient_disclosure,True
Phikon-v2,phikon_v2,idh_tcga_gbm_lgg_brain_biomarker_status_prediction_slide,tcga,D2_parent_repository_exposure,D2_parent_repository_exposure,True
Virchow2,virchow2,idh_tcga_gbm_lgg_brain_biomarker_status_prediction_slide,tcga,D1_no_detected_evidence_or_insufficient_disclosure,D1_no_detected_evidence_or_insufficient_disclosure,True
TITAN,titan,idh_tcga_gbm_lgg_brain_biomarker_status_prediction_slide,tcga,D0_documented_disjoint,D0_documented_disjoint,True
UNI,uni,idh_tcga_gbm_lgg_brain_biomarker_status_prediction_slide,tcga,D0_documented_disjoint,D0_documented_disjoint,True
Prov-GigaPath,prov_gigapath,idh_tcga_gbm_lgg_brain_biomarker_status_prediction_slide,tcga,D1_no_detected_evidence_or_insufficient_disclosure,D1_no_detected_evidence_or_insufficient_disclosure,True
Virchow,virchow,idh_tcga_gbm_lgg_brain_biomarker_status_prediction_slide,tcga,D1_no_detected_evidence_or_insufficient_disclosure,D1_no_detected_evidence_or_insufficient_disclosure,True
QuiltNet-B-16,quiltnet_b16,idh_tcga_gbm_lgg_brain_biomarker_status_prediction_slide,tcga,D1_no_detected_evidence_or_insufficient_disclosure,D1_no_detected_evidence_or_insufficient_disclosure,True
PLIP,plip,idh_tcga_gbm_lgg_brain_biomarker_status_prediction_slide,tcga,D1_no_detected_evidence_or_insufficient_disclosure,D1_no_detected_evidence_or_insufficient_disclosure,True
BiomedCLIP,biomedclip,idh_tcga_gbm_lgg_brain_biomarker_status_prediction_slide,tcga,D1_no_detected_evidence_or_insufficient_disclosure,D1_no_detected_evidence_or_insufficient_disclosure,True
Dinov2,dinov2_l,idh_tcga_gbm_lgg_brain_biomarker_status_prediction_slide,tcga,D1_no_detected_evidence_or_insufficient_disclosure,D1_no_detected_evidence_or_insufficient_disclosure,True
Clip-B16,clip_b16,idh_tcga_gbm_lgg_brain_biomarker_status_prediction_slide,tcga,D1_no_detected_evidence_or_insufficient_disclosure,D1_no_detected_evidence_or_insufficient_disclosure,True
Hibou,hibou_b,mgmt_tcga_gbm_lgg_brain_biomarker_status_prediction_slide,tcga,D1_no_detected_evidence_or_insufficient_disclosure,D1_no_detected_evidence_or_insufficient_disclosure,True
H-optimus-0,h_optimus_0,mgmt_tcga_gbm_lgg_brain_biomarker_status_prediction_slide,tcga,D1_no_detected_evidence_or_insufficient_disclosure,D1_no_detected_evidence_or_insufficient_disclosure,True
UNI2,uni2,mgmt_tcga_gbm_lgg_brain_biomarker_status_prediction_slide,tcga,D1_no_detected_evidence_or_insufficient_disclosure,D1_no_detected_evidence_or_insufficient_disclosure,True
Phikon-v2,phikon_v2,mgmt_tcga_gbm_lgg_brain_biomarker_status_prediction_slide,tcga,D2_parent_repository_exposure,D2_parent_repository_exposure,True
Virchow2,virchow2,mgmt_tcga_gbm_lgg_brain_biomarker_status_prediction_slide,tcga,D1_no_detected_evidence_or_insufficient_disclosure,D1_no_detected_evidence_or_insufficient_disclosure,True
TITAN,titan,mgmt_tcga_gbm_lgg_brain_biomarker_status_prediction_slide,tcga,D0_documented_disjoint,D0_documented_disjoint,True
UNI,uni,mgmt_tcga_gbm_lgg_brain_biomarker_status_prediction_slide,tcga,D0_documented_disjoint,D0_documented_disjoint,True
Prov-GigaPath,prov_gigapath,mgmt_tcga_gbm_lgg_brain_biomarker_status_prediction_slide,tcga,D1_no_detected_evidence_or_insufficient_disclosure,D1_no_detected_evidence_or_insufficient_disclosure,True
Virchow,virchow,mgmt_tcga_gbm_lgg_brain_biomarker_status_prediction_slide,tcga,D1_no_detected_evidence_or_insufficient_disclosure,D1_no_detected_evidence_or_insufficient_disclosure,True
QuiltNet-B-16,quiltnet_b16,mgmt_tcga_gbm_lgg_brain_biomarker_status_prediction_slide,tcga,D1_no_detected_evidence_or_insufficient_disclosure,D1_no_detected_evidence_or_insufficient_disclosure,True
PLIP,plip,mgmt_tcga_gbm_lgg_brain_biomarker_status_prediction_slide,tcga,D1_no_detected_evidence_or_insufficient_disclosure,D1_no_detected_evidence_or_insufficient_disclosure,True
BiomedCLIP,biomedclip,mgmt_tcga_gbm_lgg_brain_biomarker_status_prediction_slide,tcga,D1_no_detected_evidence_or_insufficient_disclosure,D1_no_detected_evidence_or_insufficient_disclosure,True
Dinov2,dinov2_l,mgmt_tcga_gbm_lgg_brain_biomarker_status_prediction_slide,tcga,D1_no_detected_evidence_or_insufficient_disclosure,D1_no_detected_evidence_or_insufficient_disclosure,True
Clip-B16,clip_b16,mgmt_tcga_gbm_lgg_brain_biomarker_status_prediction_slide,tcga,D1_no_detected_evidence_or_insufficient_disclosure,D1_no_detected_evidence_or_insufficient_disclosure,True
Hibou,hibou_b,brain_hist_subtype_tcga_gbm_lgg_brain_diagnostic_histologic_subtyping_slide,tcga,D1_no_detected_evidence_or_insufficient_disclosure,D1_no_detected_evidence_or_insufficient_disclosure,True
H-optimus-0,h_optimus_0,brain_hist_subtype_tcga_gbm_lgg_brain_diagnostic_histologic_subtyping_slide,tcga,D1_no_detected_evidence_or_insufficient_disclosure,D1_no_detected_evidence_or_insufficient_disclosure,True
UNI2,uni2,brain_hist_subtype_tcga_gbm_lgg_brain_diagnostic_histologic_subtyping_slide,tcga,D1_no_detected_evidence_or_insufficient_disclosure,D1_no_detected_evidence_or_insufficient_disclosure,True
Phikon-v2,phikon_v2,brain_hist_subtype_tcga_gbm_lgg_brain_diagnostic_histologic_subtyping_slide,tcga,D2_parent_repository_exposure,D2_parent_repository_exposure,True
Virchow2,virchow2,brain_hist_subtype_tcga_gbm_lgg_brain_diagnostic_histologic_subtyping_slide,tcga,D1_no_detected_evidence_or_insufficient_disclosure,D1_no_detected_evidence_or_insufficient_disclosure,True
TITAN,titan,brain_hist_subtype_tcga_gbm_lgg_brain_diagnostic_histologic_subtyping_slide,tcga,D0_documented_disjoint,D0_documented_disjoint,True
UNI,uni,brain_hist_subtype_tcga_gbm_lgg_brain_diagnostic_histologic_subtyping_slide,tcga,D0_documented_disjoint,D0_documented_disjoint,True
Prov-GigaPath,prov_gigapath,brain_hist_subtype_tcga_gbm_lgg_brain_diagnostic_histologic_subtyping_slide,tcga,D1_no_detected_evidence_or_insufficient_disclosure,D1_no_detected_evidence_or_insufficient_disclosure,True
Virchow,virchow,brain_hist_subtype_tcga_gbm_lgg_brain_diagnostic_histologic_subtyping_slide,tcga,D1_no_detected_evidence_or_insufficient_disclosure,D1_no_detected_evidence_or_insufficient_disclosure,True
QuiltNet-B-16,quiltnet_b16,brain_hist_subtype_tcga_gbm_lgg_brain_diagnostic_histologic_subtyping_slide,tcga,D1_no_detected_evidence_or_insufficient_disclosure,D1_no_detected_evidence_or_insufficient_disclosure,True
PLIP,plip,brain_hist_subtype_tcga_gbm_lgg_brain_diagnostic_histologic_subtyping_slide,tcga,D1_no_detected_evidence_or_insufficient_disclosure,D1_no_detected_evidence_or_insufficient_disclosure,True
BiomedCLIP,biomedclip,brain_hist_subtype_tcga_gbm_lgg_brain_diagnostic_histologic_subtyping_slide,tcga,D1_no_detected_evidence_or_insufficient_disclosure,D1_no_detected_evidence_or_insufficient_disclosure,True
Dinov2,dinov2_l,brain_hist_subtype_tcga_gbm_lgg_brain_diagnostic_histologic_subtyping_slide,tcga,D1_no_detected_evidence_or_insufficient_disclosure,D1_no_detected_evidence_or_insufficient_disclosure,True
Clip-B16,clip_b16,brain_hist_subtype_tcga_gbm_lgg_brain_diagnostic_histologic_subtyping_slide,tcga,D1_no_detected_evidence_or_insufficient_disclosure,D1_no_detected_evidence_or_insufficient_disclosure,True
Hibou,hibou_b,brain_exp_subtype_tcga_gbm_lgg_brain_gene_expression_subtype_prediction_slide,tcga,D1_no_detected_evidence_or_insufficient_disclosure,D1_no_detected_evidence_or_insufficient_disclosure,True
H-optimus-0,h_optimus_0,brain_exp_subtype_tcga_gbm_lgg_brain_gene_expression_subtype_prediction_slide,tcga,D1_no_detected_evidence_or_insufficient_disclosure,D1_no_detected_evidence_or_insufficient_disclosure,True
UNI2,uni2,brain_exp_subtype_tcga_gbm_lgg_brain_gene_expression_subtype_prediction_slide,tcga,D1_no_detected_evidence_or_insufficient_disclosure,D1_no_detected_evidence_or_insufficient_disclosure,True
Phikon-v2,phikon_v2,brain_exp_subtype_tcga_gbm_lgg_brain_gene_expression_subtype_prediction_slide,tcga,D2_parent_repository_exposure,D2_parent_repository_exposure,True
Virchow2,virchow2,brain_exp_subtype_tcga_gbm_lgg_brain_gene_expression_subtype_prediction_slide,tcga,D1_no_detected_evidence_or_insufficient_disclosure,D1_no_detected_evidence_or_insufficient_disclosure,True
TITAN,titan,brain_exp_subtype_tcga_gbm_lgg_brain_gene_expression_subtype_prediction_slide,tcga,D0_documented_disjoint,D0_documented_disjoint,True
UNI,uni,brain_exp_subtype_tcga_gbm_lgg_brain_gene_expression_subtype_prediction_slide,tcga,D0_documented_disjoint,D0_documented_disjoint,True
Prov-GigaPath,prov_gigapath,brain_exp_subtype_tcga_gbm_lgg_brain_gene_expression_subtype_prediction_slide,tcga,D1_no_detected_evidence_or_insufficient_disclosure,D1_no_detected_evidence_or_insufficient_disclosure,True
Virchow,virchow,brain_exp_subtype_tcga_gbm_lgg_brain_gene_expression_subtype_prediction_slide,tcga,D1_no_detected_evidence_or_insufficient_disclosure,D1_no_detected_evidence_or_insufficient_disclosure,True
QuiltNet-B-16,quiltnet_b16,brain_exp_subtype_tcga_gbm_lgg_brain_gene_expression_subtype_prediction_slide,tcga,D1_no_detected_evidence_or_insufficient_disclosure,D1_no_detected_evidence_or_insufficient_disclosure,True
PLIP,plip,brain_exp_subtype_tcga_gbm_lgg_brain_gene_expression_subtype_prediction_slide,tcga,D1_no_detected_evidence_or_insufficient_disclosure,D1_no_detected_evidence_or_insufficient_disclosure,True
BiomedCLIP,biomedclip,brain_exp_subtype_tcga_gbm_lgg_brain_gene_expression_subtype_prediction_slide,tcga,D1_no_detected_evidence_or_insufficient_disclosure,D1_no_detected_evidence_or_insufficient_disclosure,True
Dinov2,dinov2_l,brain_exp_subtype_tcga_gbm_lgg_brain_gene_expression_subtype_prediction_slide,tcga,D1_no_detected_evidence_or_insufficient_disclosure,D1_no_detected_evidence_or_insufficient_disclosure,True
Clip-B16,clip_b16,brain_exp_subtype_tcga_gbm_lgg_brain_gene_expression_subtype_prediction_slide,tcga,D1_no_detected_evidence_or_insufficient_disclosure,D1_no_detected_evidence_or_insufficient_disclosure,True
Hibou,hibou_b,myc_tcga_pan_cancer_pan_cancer_pathway_activation_status_prediction_slide,tcga,D1_no_detected_evidence_or_insufficient_disclosure,D1_no_detected_evidence_or_insufficient_disclosure,True
H-optimus-0,h_optimus_0,myc_tcga_pan_cancer_pan_cancer_pathway_activation_status_prediction_slide,tcga,D1_no_detected_evidence_or_insufficient_disclosure,D1_no_detected_evidence_or_insufficient_disclosure,True
UNI2,uni2,myc_tcga_pan_cancer_pan_cancer_pathway_activation_status_prediction_slide,tcga,D1_no_detected_evidence_or_insufficient_disclosure,D1_no_detected_evidence_or_insufficient_disclosure,True
Phikon-v2,phikon_v2,myc_tcga_pan_cancer_pan_cancer_pathway_activation_status_prediction_slide,tcga,D2_parent_repository_exposure,D2_parent_repository_exposure,True
Virchow2,virchow2,myc_tcga_pan_cancer_pan_cancer_pathway_activation_status_prediction_slide,tcga,D1_no_detected_evidence_or_insufficient_disclosure,D1_no_detected_evidence_or_insufficient_disclosure,True
TITAN,titan,myc_tcga_pan_cancer_pan_cancer_pathway_activation_status_prediction_slide,tcga,D0_documented_disjoint,D0_documented_disjoint,True
UNI,uni,myc_tcga_pan_cancer_pan_cancer_pathway_activation_status_prediction_slide,tcga,D0_documented_disjoint,D0_documented_disjoint,True
Prov-GigaPath,prov_gigapath,myc_tcga_pan_cancer_pan_cancer_pathway_activation_status_prediction_slide,tcga,D1_no_detected_evidence_or_insufficient_disclosure,D1_no_detected_evidence_or_insufficient_disclosure,True
Virchow,virchow,myc_tcga_pan_cancer_pan_cancer_pathway_activation_status_prediction_slide,tcga,D1_no_detected_evidence_or_insufficient_disclosure,D1_no_detected_evidence_or_insufficient_disclosure,True
QuiltNet-B-16,quiltnet_b16,myc_tcga_pan_cancer_pan_cancer_pathway_activation_status_prediction_slide,tcga,D1_no_detected_evidence_or_insufficient_disclosure,D1_no_detected_evidence_or_insufficient_disclosure,True
PLIP,plip,myc_tcga_pan_cancer_pan_cancer_pathway_activation_status_prediction_slide,tcga,D1_no_detected_evidence_or_insufficient_disclosure,D1_no_detected_evidence_or_insufficient_disclosure,True
BiomedCLIP,biomedclip,myc_tcga_pan_cancer_pan_cancer_pathway_activation_status_prediction_slide,tcga,D1_no_detected_evidence_or_insufficient_disclosure,D1_no_detected_evidence_or_insufficient_disclosure,True
Dinov2,dinov2_l,myc_tcga_pan_cancer_pan_cancer_pathway_activation_status_prediction_slide,tcga,D1_no_detected_evidence_or_insufficient_disclosure,D1_no_detected_evidence_or_insufficient_disclosure,True
Clip-B16,clip_b16,myc_tcga_pan_cancer_pan_cancer_pathway_activation_status_prediction_slide,tcga,D1_no_detected_evidence_or_insufficient_disclosure,D1_no_detected_evidence_or_insufficient_disclosure,True
Hibou,hibou_b,pi3k_tcga_pan_cancer_pan_cancer_pathway_activation_status_prediction_slide,tcga,D1_no_detected_evidence_or_insufficient_disclosure,D1_no_detected_evidence_or_insufficient_disclosure,True
H-optimus-0,h_optimus_0,pi3k_tcga_pan_cancer_pan_cancer_pathway_activation_status_prediction_slide,tcga,D1_no_detected_evidence_or_insufficient_disclosure,D1_no_detected_evidence_or_insufficient_disclosure,True
UNI2,uni2,pi3k_tcga_pan_cancer_pan_cancer_pathway_activation_status_prediction_slide,tcga,D1_no_detected_evidence_or_insufficient_disclosure,D1_no_detected_evidence_or_insufficient_disclosure,True
Phikon-v2,phikon_v2,pi3k_tcga_pan_cancer_pan_cancer_pathway_activation_status_prediction_slide,tcga,D2_parent_repository_exposure,D2_parent_repository_exposure,True
Virchow2,virchow2,pi3k_tcga_pan_cancer_pan_cancer_pathway_activation_status_prediction_slide,tcga,D1_no_detected_evidence_or_insufficient_disclosure,D1_no_detected_evidence_or_insufficient_disclosure,True
TITAN,titan,pi3k_tcga_pan_cancer_pan_cancer_pathway_activation_status_prediction_slide,tcga,D0_documented_disjoint,D0_documented_disjoint,True
UNI,uni,pi3k_tcga_pan_cancer_pan_cancer_pathway_activation_status_prediction_slide,tcga,D0_documented_disjoint,D0_documented_disjoint,True
Prov-GigaPath,prov_gigapath,pi3k_tcga_pan_cancer_pan_cancer_pathway_activation_status_prediction_slide,tcga,D1_no_detected_evidence_or_insufficient_disclosure,D1_no_detected_evidence_or_insufficient_disclosure,True
Virchow,virchow,pi3k_tcga_pan_cancer_pan_cancer_pathway_activation_status_prediction_slide,tcga,D1_no_detected_evidence_or_insufficient_disclosure,D1_no_detected_evidence_or_insufficient_disclosure,True
QuiltNet-B-16,quiltnet_b16,pi3k_tcga_pan_cancer_pan_cancer_pathway_activation_status_prediction_slide,tcga,D1_no_detected_evidence_or_insufficient_disclosure,D1_no_detected_evidence_or_insufficient_disclosure,True
PLIP,plip,pi3k_tcga_pan_cancer_pan_cancer_pathway_activation_status_prediction_slide,tcga,D1_no_detected_evidence_or_insufficient_disclosure,D1_no_detected_evidence_or_insufficient_disclosure,True
BiomedCLIP,biomedclip,pi3k_tcga_pan_cancer_pan_cancer_pathway_activation_status_prediction_slide,tcga,D1_no_detected_evidence_or_insufficient_disclosure,D1_no_detected_evidence_or_insufficient_disclosure,True
Dinov2,dinov2_l,pi3k_tcga_pan_cancer_pan_cancer_pathway_activation_status_prediction_slide,tcga,D1_no_detected_evidence_or_insufficient_disclosure,D1_no_detected_evidence_or_insufficient_disclosure,True
Clip-B16,clip_b16,pi3k_tcga_pan_cancer_pan_cancer_pathway_activation_status_prediction_slide,tcga,D1_no_detected_evidence_or_insufficient_disclosure,D1_no_detected_evidence_or_insufficient_disclosure,True
Hibou,hibou_b,tcga_grade_tcga_pan_cancer_pan_cancer_diagnostic_tumor_grading_slide,tcga,D1_no_detected_evidence_or_insufficient_disclosure,D1_no_detected_evidence_or_insufficient_disclosure,True
H-optimus-0,h_optimus_0,tcga_grade_tcga_pan_cancer_pan_cancer_diagnostic_tumor_grading_slide,tcga,D1_no_detected_evidence_or_insufficient_disclosure,D1_no_detected_evidence_or_insufficient_disclosure,True
UNI2,uni2,tcga_grade_tcga_pan_cancer_pan_cancer_diagnostic_tumor_grading_slide,tcga,D1_no_detected_evidence_or_insufficient_disclosure,D1_no_detected_evidence_or_insufficient_disclosure,True
Phikon-v2,phikon_v2,tcga_grade_tcga_pan_cancer_pan_cancer_diagnostic_tumor_grading_slide,tcga,D2_parent_repository_exposure,D2_parent_repository_exposure,True
Virchow2,virchow2,tcga_grade_tcga_pan_cancer_pan_cancer_diagnostic_tumor_grading_slide,tcga,D1_no_detected_evidence_or_insufficient_disclosure,D1_no_detected_evidence_or_insufficient_disclosure,True
TITAN,titan,tcga_grade_tcga_pan_cancer_pan_cancer_diagnostic_tumor_grading_slide,tcga,D0_documented_disjoint,D0_documented_disjoint,True
UNI,uni,tcga_grade_tcga_pan_cancer_pan_cancer_diagnostic_tumor_grading_slide,tcga,D0_documented_disjoint,D0_documented_disjoint,True
Prov-GigaPath,prov_gigapath,tcga_grade_tcga_pan_cancer_pan_cancer_diagnostic_tumor_grading_slide,tcga,D1_no_detected_evidence_or_insufficient_disclosure,D1_no_detected_evidence_or_insufficient_disclosure,True
Virchow,virchow,tcga_grade_tcga_pan_cancer_pan_cancer_diagnostic_tumor_grading_slide,tcga,D1_no_detected_evidence_or_insufficient_disclosure,D1_no_detected_evidence_or_insufficient_disclosure,True
QuiltNet-B-16,quiltnet_b16,tcga_grade_tcga_pan_cancer_pan_cancer_diagnostic_tumor_grading_slide,tcga,D1_no_detected_evidence_or_insufficient_disclosure,D1_no_detected_evidence_or_insufficient_disclosure,True
PLIP,plip,tcga_grade_tcga_pan_cancer_pan_cancer_diagnostic_tumor_grading_slide,tcga,D1_no_detected_evidence_or_insufficient_disclosure,D1_no_detected_evidence_or_insufficient_disclosure,True
BiomedCLIP,biomedclip,tcga_grade_tcga_pan_cancer_pan_cancer_diagnostic_tumor_grading_slide,tcga,D1_no_detected_evidence_or_insufficient_disclosure,D1_no_detected_evidence_or_insufficient_disclosure,True
Dinov2,dinov2_l,tcga_grade_tcga_pan_cancer_pan_cancer_diagnostic_tumor_grading_slide,tcga,D1_no_detected_evidence_or_insufficient_disclosure,D1_no_detected_evidence_or_insufficient_disclosure,True
Clip-B16,clip_b16,tcga_grade_tcga_pan_cancer_pan_cancer_diagnostic_tumor_grading_slide,tcga,D1_no_detected_evidence_or_insufficient_disclosure,D1_no_detected_evidence_or_insufficient_disclosure,True
Hibou,hibou_b,immunegroup_tcga_pan_cancer_pan_cancer_gene_expression_subtype_prediction_slide,tcga,D1_no_detected_evidence_or_insufficient_disclosure,D1_no_detected_evidence_or_insufficient_disclosure,True
H-optimus-0,h_optimus_0,immunegroup_tcga_pan_cancer_pan_cancer_gene_expression_subtype_prediction_slide,tcga,D1_no_detected_evidence_or_insufficient_disclosure,D1_no_detected_evidence_or_insufficient_disclosure,True
UNI2,uni2,immunegroup_tcga_pan_cancer_pan_cancer_gene_expression_subtype_prediction_slide,tcga,D1_no_detected_evidence_or_insufficient_disclosure,D1_no_detected_evidence_or_insufficient_disclosure,True
Phikon-v2,phikon_v2,immunegroup_tcga_pan_cancer_pan_cancer_gene_expression_subtype_prediction_slide,tcga,D2_parent_repository_exposure,D2_parent_repository_exposure,True
Virchow2,virchow2,immunegroup_tcga_pan_cancer_pan_cancer_gene_expression_subtype_prediction_slide,tcga,D1_no_detected_evidence_or_insufficient_disclosure,D1_no_detected_evidence_or_insufficient_disclosure,True
TITAN,titan,immunegroup_tcga_pan_cancer_pan_cancer_gene_expression_subtype_prediction_slide,tcga,D0_documented_disjoint,D0_documented_disjoint,True
UNI,uni,immunegroup_tcga_pan_cancer_pan_cancer_gene_expression_subtype_prediction_slide,tcga,D0_documented_disjoint,D0_documented_disjoint,True
Prov-GigaPath,prov_gigapath,immunegroup_tcga_pan_cancer_pan_cancer_gene_expression_subtype_prediction_slide,tcga,D1_no_detected_evidence_or_insufficient_disclosure,D1_no_detected_evidence_or_insufficient_disclosure,True
Virchow,virchow,immunegroup_tcga_pan_cancer_pan_cancer_gene_expression_subtype_prediction_slide,tcga,D1_no_detected_evidence_or_insufficient_disclosure,D1_no_detected_evidence_or_insufficient_disclosure,True
QuiltNet-B-16,quiltnet_b16,immunegroup_tcga_pan_cancer_pan_cancer_gene_expression_subtype_prediction_slide,tcga,D1_no_detected_evidence_or_insufficient_disclosure,D1_no_detected_evidence_or_insufficient_disclosure,True
PLIP,plip,immunegroup_tcga_pan_cancer_pan_cancer_gene_expression_subtype_prediction_slide,tcga,D1_no_detected_evidence_or_insufficient_disclosure,D1_no_detected_evidence_or_insufficient_disclosure,True
BiomedCLIP,biomedclip,immunegroup_tcga_pan_cancer_pan_cancer_gene_expression_subtype_prediction_slide,tcga,D1_no_detected_evidence_or_insufficient_disclosure,D1_no_detected_evidence_or_insufficient_disclosure,True
Dinov2,dinov2_l,immunegroup_tcga_pan_cancer_pan_cancer_gene_expression_subtype_prediction_slide,tcga,D1_no_detected_evidence_or_insufficient_disclosure,D1_no_detected_evidence_or_insufficient_disclosure,True
Clip-B16,clip_b16,immunegroup_tcga_pan_cancer_pan_cancer_gene_expression_subtype_prediction_slide,tcga,D1_no_detected_evidence_or_insufficient_disclosure,D1_no_detected_evidence_or_insufficient_disclosure,True
H0-mini,h_optimus_mini_h0_mini,lung_exp_subtype_tcga_lusc_luad_lung_gene_expression_subtype_prediction_slide,tcga,D2_parent_repository_exposure,D2_parent_repository_exposure,True
EXAONEPath,exaonepath,lung_exp_subtype_tcga_lusc_luad_lung_gene_expression_subtype_prediction_slide,tcga,D1_no_detected_evidence_or_insufficient_disclosure,D1_no_detected_evidence_or_insufficient_disclosure,True
H0-mini,h_optimus_mini_h0_mini,lusc_vs_luad_tcga_lusc_luad_lung_diagnostic_histologic_subtyping_slide,tcga,D2_parent_repository_exposure,D2_parent_repository_exposure,True
EXAONEPath,exaonepath,lusc_vs_luad_tcga_lusc_luad_lung_diagnostic_histologic_subtyping_slide,tcga,D1_no_detected_evidence_or_insufficient_disclosure,D1_no_detected_evidence_or_insufficient_disclosure,True
H0-mini,h_optimus_mini_h0_mini,cptac_myc_cptac_pan_cancer_pan_cancer_pathway_activation_status_prediction_slide,cptac,D1_no_detected_evidence_or_insufficient_disclosure,D1_no_detected_evidence_or_insufficient_disclosure,True
EXAONEPath,exaonepath,cptac_myc_cptac_pan_cancer_pan_cancer_pathway_activation_status_prediction_slide,cptac,D1_no_detected_evidence_or_insufficient_disclosure,D1_no_detected_evidence_or_insufficient_disclosure,True
H0-mini,h_optimus_mini_h0_mini,chrom_cptac_pan_cancer_pan_cancer_pathway_activation_status_prediction_slide,cptac,D1_no_detected_evidence_or_insufficient_disclosure,D1_no_detected_evidence_or_insufficient_disclosure,True
EXAONEPath,exaonepath,chrom_cptac_pan_cancer_pan_cancer_pathway_activation_status_prediction_slide,cptac,D1_no_detected_evidence_or_insufficient_disclosure,D1_no_detected_evidence_or_insufficient_disclosure,True
H0-mini,h_optimus_mini_h0_mini,cptac_grade_cptac_pan_cancer_pan_cancer_diagnostic_tumor_grading_slide,cptac,D1_no_detected_evidence_or_insufficient_disclosure,D1_no_detected_evidence_or_insufficient_disclosure,True
EXAONEPath,exaonepath,cptac_grade_cptac_pan_cancer_pan_cancer_diagnostic_tumor_grading_slide,cptac,D1_no_detected_evidence_or_insufficient_disclosure,D1_no_detected_evidence_or_insufficient_disclosure,True
H0-mini,h_optimus_mini_h0_mini,tumor_label_cptac_pan_cancer_pan_cancer_diagnostic_histologic_subtyping_slide,cptac,D1_no_detected_evidence_or_insufficient_disclosure,D1_no_detected_evidence_or_insufficient_disclosure,True
EXAONEPath,exaonepath,tumor_label_cptac_pan_cancer_pan_cancer_diagnostic_histologic_subtyping_slide,cptac,D1_no_detected_evidence_or_insufficient_disclosure,D1_no_detected_evidence_or_insufficient_disclosure,True
H0-mini,h_optimus_mini_h0_mini,mtor_cptac_pan_cancer_pan_cancer_pathway_activation_status_prediction_slide,cptac,D1_no_detected_evidence_or_insufficient_disclosure,D1_no_detected_evidence_or_insufficient_disclosure,True
EXAONEPath,exaonepath,mtor_cptac_pan_cancer_pan_cancer_pathway_activation_status_prediction_slide,cptac,D1_no_detected_evidence_or_insufficient_disclosure,D1_no_detected_evidence_or_insufficient_disclosure,True
H0-mini,h_optimus_mini_h0_mini,p53_cptac_pan_cancer_pan_cancer_pathway_activation_status_prediction_slide,cptac,D1_no_detected_evidence_or_insufficient_disclosure,D1_no_detected_evidence_or_insufficient_disclosure,True
EXAONEPath,exaonepath,p53_cptac_pan_cancer_pan_cancer_pathway_activation_status_prediction_slide,cptac,D1_no_detected_evidence_or_insufficient_disclosure,D1_no_detected_evidence_or_insufficient_disclosure,True
H0-mini,h_optimus_mini_h0_mini,swi_cptac_pan_cancer_pan_cancer_pathway_activation_status_prediction_slide,cptac,D1_no_detected_evidence_or_insufficient_disclosure,D1_no_detected_evidence_or_insufficient_disclosure,True
EXAONEPath,exaonepath,swi_cptac_pan_cancer_pan_cancer_pathway_activation_status_prediction_slide,cptac,D1_no_detected_evidence_or_insufficient_disclosure,D1_no_detected_evidence_or_insufficient_disclosure,True
H0-mini,h_optimus_mini_h0_mini,gi_subtype_tcga_gi_gi_biomarker_status_prediction_slide,tcga,D2_parent_repository_exposure,D2_parent_repository_exposure,True
EXAONEPath,exaonepath,gi_subtype_tcga_gi_gi_biomarker_status_prediction_slide,tcga,D1_no_detected_evidence_or_insufficient_disclosure,D1_no_detected_evidence_or_insufficient_disclosure,True
H0-mini,h_optimus_mini_h0_mini,erg_status_tcga_prad_prostate_biomarker_status_prediction_slide,tcga,D2_parent_repository_exposure,D2_parent_repository_exposure,True
EXAONEPath,exaonepath,erg_status_tcga_prad_prostate_biomarker_status_prediction_slide,tcga,D1_no_detected_evidence_or_insufficient_disclosure,D1_no_detected_evidence_or_insufficient_disclosure,True
H0-mini,h_optimus_mini_h0_mini,prad_mrna_cluster_tcga_prad_prostate_gene_expression_subtype_prediction_slide,tcga,D2_parent_repository_exposure,D2_parent_repository_exposure,True
EXAONEPath,exaonepath,prad_mrna_cluster_tcga_prad_prostate_gene_expression_subtype_prediction_slide,tcga,D1_no_detected_evidence_or_insufficient_disclosure,D1_no_detected_evidence_or_insufficient_disclosure,True
H0-mini,h_optimus_mini_h0_mini,lung_hist_ood1_out_of_domain_lung_lung_diagnostic_histologic_subtyping_slide,stanford_lung,D1_no_detected_evidence_or_insufficient_disclosure,D1_no_detected_evidence_or_insufficient_disclosure,True
EXAONEPath,exaonepath,lung_hist_ood1_out_of_domain_lung_lung_diagnostic_histologic_subtyping_slide,stanford_lung,D1_no_detected_evidence_or_insufficient_disclosure,D1_no_detected_evidence_or_insufficient_disclosure,True
H0-mini,h_optimus_mini_h0_mini,lung_stage_ood_out_of_domain_lung_lung_diagnostic_tumor_staging_slide,stanford_lung,D1_no_detected_evidence_or_insufficient_disclosure,D1_no_detected_evidence_or_insufficient_disclosure,True
EXAONEPath,exaonepath,lung_stage_ood_out_of_domain_lung_lung_diagnostic_tumor_staging_slide,stanford_lung,D1_no_detected_evidence_or_insufficient_disclosure,D1_no_detected_evidence_or_insufficient_disclosure,True
H0-mini,h_optimus_mini_h0_mini,brain_necrosis_out_of_domain_brain_brain_diagnostic_other_slide,stanford_gbm,D1_no_detected_evidence_or_insufficient_disclosure,D1_no_detected_evidence_or_insufficient_disclosure,True
EXAONEPath,exaonepath,brain_necrosis_out_of_domain_brain_brain_diagnostic_other_slide,stanford_gbm,D1_no_detected_evidence_or_insufficient_disclosure,D1_no_detected_evidence_or_insufficient_disclosure,True
H0-mini,h_optimus_mini_h0_mini,mgmt_ood_out_of_domain_brain_brain_biomarker_status_prediction_slide,stanford_gbm,D1_no_detected_evidence_or_insufficient_disclosure,D1_no_detected_evidence_or_insufficient_disclosure,True
EXAONEPath,exaonepath,mgmt_ood_out_of_domain_brain_brain_biomarker_status_prediction_slide,stanford_gbm,D1_no_detected_evidence_or_insufficient_disclosure,D1_no_detected_evidence_or_insufficient_disclosure,True
H0-mini,h_optimus_mini_h0_mini,bach_external_benchmarking_cohort_brca_breast_diagnostic_primary_diagnosis_and_histologic_subtyping_patch,bach,D1_no_detected_evidence_or_insufficient_disclosure,D1_no_detected_evidence_or_insufficient_disclosure,True
EXAONEPath,exaonepath,bach_external_benchmarking_cohort_brca_breast_diagnostic_primary_diagnosis_and_histologic_subtyping_patch,bach,D1_no_detected_evidence_or_insufficient_disclosure,D1_no_detected_evidence_or_insufficient_disclosure,True
H0-mini,h_optimus_mini_h0_mini,bracs_external_benchmarking_cohort_brca_breast_diagnostic_primary_diagnosis_and_histologic_subtyping_patch,bracs,D1_no_detected_evidence_or_insufficient_disclosure,D1_no_detected_evidence_or_insufficient_disclosure,True
EXAONEPath,exaonepath,bracs_external_benchmarking_cohort_brca_breast_diagnostic_primary_diagnosis_and_histologic_subtyping_patch,bracs,D1_no_detected_evidence_or_insufficient_disclosure,D1_no_detected_evidence_or_insufficient_disclosure,True
H0-mini,h_optimus_mini_h0_mini,breakhis_external_benchmarking_cohort_brca_breast_diagnostic_primary_diagnosis_patch,breakhis,D1_no_detected_evidence_or_insufficient_disclosure,D1_no_detected_evidence_or_insufficient_disclosure,True
EXAONEPath,exaonepath,breakhis_external_benchmarking_cohort_brca_breast_diagnostic_primary_diagnosis_patch,breakhis,D1_no_detected_evidence_or_insufficient_disclosure,D1_no_detected_evidence_or_insufficient_disclosure,True
H0-mini,h_optimus_mini_h0_mini,lung_hist_ood2_out_of_domain_lung_lung_diagnostic_histologic_subtyping_slide,dhmc_lung,D1_no_detected_evidence_or_insufficient_disclosure,D1_no_detected_evidence_or_insufficient_disclosure,True
EXAONEPath,exaonepath,lung_hist_ood2_out_of_domain_lung_lung_diagnostic_histologic_subtyping_slide,dhmc_lung,D1_no_detected_evidence_or_insufficient_disclosure,D1_no_detected_evidence_or_insufficient_disclosure,True
H0-mini,h_optimus_mini_h0_mini,lc25000_external_benchmarking_cohort_pan_cancer_pan_cancer_diagnostic_primary_diagnosis_and_histologic_subtyping_patch,lc25000,D1_no_detected_evidence_or_insufficient_disclosure,D1_no_detected_evidence_or_insufficient_disclosure,True
EXAONEPath,exaonepath,lc25000_external_benchmarking_cohort_pan_cancer_pan_cancer_diagnostic_primary_diagnosis_and_histologic_subtyping_patch,lc25000,D1_no_detected_evidence_or_insufficient_disclosure,D1_no_detected_evidence_or_insufficient_disclosure,True
H0-mini,h_optimus_mini_h0_mini,mhist_external_benchmarking_cohort_coad_colon_diagnostic_histologic_subtyping_patch,mhist,D1_no_detected_evidence_or_insufficient_disclosure,D1_no_detected_evidence_or_insufficient_disclosure,True
EXAONEPath,exaonepath,mhist_external_benchmarking_cohort_coad_colon_diagnostic_histologic_subtyping_patch,mhist,D1_no_detected_evidence_or_insufficient_disclosure,D1_no_detected_evidence_or_insufficient_disclosure,True
H0-mini,h_optimus_mini_h0_mini,nct_crc_he_external_benchmarking_cohort_coad_colon_diagnostic_tissue_type_classification_patch,nct_crc_he_100k,D1_no_detected_evidence_or_insufficient_disclosure,D1_no_detected_evidence_or_insufficient_disclosure,True
EXAONEPath,exaonepath,nct_crc_he_external_benchmarking_cohort_coad_colon_diagnostic_tissue_type_classification_patch,nct_crc_he_100k,D1_no_detected_evidence_or_insufficient_disclosure,D1_no_detected_evidence_or_insufficient_disclosure,True
H0-mini,h_optimus_mini_h0_mini,sicapv2_external_benchmarking_cohort_prad_prostate_diagnostic_primary_diagnosis_and_tumor_grading_patch,sicapv2,D1_no_detected_evidence_or_insufficient_disclosure,D1_no_detected_evidence_or_insufficient_disclosure,True
EXAONEPath,exaonepath,sicapv2_external_benchmarking_cohort_prad_prostate_diagnostic_primary_diagnosis_and_tumor_grading_patch,sicapv2,D1_no_detected_evidence_or_insufficient_disclosure,D1_no_detected_evidence_or_insufficient_disclosure,True
H0-mini,h_optimus_mini_h0_mini,unitopatho_external_benchmarking_cohort_coad_colon_diagnostic_primary_diagnosis_patch,unitopatho,D1_no_detected_evidence_or_insufficient_disclosure,D1_no_detected_evidence_or_insufficient_disclosure,True
EXAONEPath,exaonepath,unitopatho_external_benchmarking_cohort_coad_colon_diagnostic_primary_diagnosis_patch,unitopatho,D1_no_detected_evidence_or_insufficient_disclosure,D1_no_detected_evidence_or_insufficient_disclosure,True
H0-mini,h_optimus_mini_h0_mini,lung_grade_out_of_domain_lung_lung_diagnostic_tumor_grading_slide,nlst,D1_no_detected_evidence_or_insufficient_disclosure,D1_no_detected_evidence_or_insufficient_disclosure,True
EXAONEPath,exaonepath,lung_grade_out_of_domain_lung_lung_diagnostic_tumor_grading_slide,nlst,D1_no_detected_evidence_or_insufficient_disclosure,D1_no_detected_evidence_or_insufficient_disclosure,True
H0-mini,h_optimus_mini_h0_mini,lung_stage_out_of_domain_lung_lung_diagnostic_tumor_staging_slide,nlst,D1_no_detected_evidence_or_insufficient_disclosure,D1_no_detected_evidence_or_insufficient_disclosure,True
EXAONEPath,exaonepath,lung_stage_out_of_domain_lung_lung_diagnostic_tumor_staging_slide,nlst,D1_no_detected_evidence_or_insufficient_disclosure,D1_no_detected_evidence_or_insufficient_disclosure,True
H0-mini,h_optimus_mini_h0_mini,kidney_subtype_tcga_kirc_kirp_kich_kidney_diagnostic_histologic_subtyping_slide,tcga,D2_parent_repository_exposure,D2_parent_repository_exposure,True
EXAONEPath,exaonepath,kidney_subtype_tcga_kirc_kirp_kich_kidney_diagnostic_histologic_subtyping_slide,tcga,D1_no_detected_evidence_or_insufficient_disclosure,D1_no_detected_evidence_or_insufficient_disclosure,True
H0-mini,h_optimus_mini_h0_mini,blca_hist_subtype_tcga_blca_bladder_diagnostic_histologic_subtyping_slide,tcga,D2_parent_repository_exposure,D2_parent_repository_exposure,True
EXAONEPath,exaonepath,blca_hist_subtype_tcga_blca_bladder_diagnostic_histologic_subtyping_slide,tcga,D1_no_detected_evidence_or_insufficient_disclosure,D1_no_detected_evidence_or_insufficient_disclosure,True
H0-mini,h_optimus_mini_h0_mini,blca_mrna_cluster_tcga_blca_bladder_gene_expression_subtype_prediction_slide,tcga,D2_parent_repository_exposure,D2_parent_repository_exposure,True
EXAONEPath,exaonepath,blca_mrna_cluster_tcga_blca_bladder_gene_expression_subtype_prediction_slide,tcga,D1_no_detected_evidence_or_insufficient_disclosure,D1_no_detected_evidence_or_insufficient_disclosure,True
H0-mini,h_optimus_mini_h0_mini,er_status_tcga_brca_breast_biomarker_status_prediction_slide,tcga,D2_parent_repository_exposure,D2_parent_repository_exposure,True
EXAONEPath,exaonepath,er_status_tcga_brca_breast_biomarker_status_prediction_slide,tcga,D1_no_detected_evidence_or_insufficient_disclosure,D1_no_detected_evidence_or_insufficient_disclosure,True
H0-mini,h_optimus_mini_h0_mini,pam50_status_tcga_brca_breast_gene_expression_subtype_prediction_slide,tcga,D2_parent_repository_exposure,D2_parent_repository_exposure,True
EXAONEPath,exaonepath,pam50_status_tcga_brca_breast_gene_expression_subtype_prediction_slide,tcga,D1_no_detected_evidence_or_insufficient_disclosure,D1_no_detected_evidence_or_insufficient_disclosure,True
H0-mini,h_optimus_mini_h0_mini,pr_status_tcga_brca_breast_biomarker_status_prediction_slide,tcga,D2_parent_repository_exposure,D2_parent_repository_exposure,True
EXAONEPath,exaonepath,pr_status_tcga_brca_breast_biomarker_status_prediction_slide,tcga,D1_no_detected_evidence_or_insufficient_disclosure,D1_no_detected_evidence_or_insufficient_disclosure,True
H0-mini,h_optimus_mini_h0_mini,idh_tcga_gbm_lgg_brain_biomarker_status_prediction_slide,tcga,D2_parent_repository_exposure,D2_parent_repository_exposure,True
EXAONEPath,exaonepath,idh_tcga_gbm_lgg_brain_biomarker_status_prediction_slide,tcga,D1_no_detected_evidence_or_insufficient_disclosure,D1_no_detected_evidence_or_insufficient_disclosure,True
H0-mini,h_optimus_mini_h0_mini,mgmt_tcga_gbm_lgg_brain_biomarker_status_prediction_slide,tcga,D2_parent_repository_exposure,D2_parent_repository_exposure,True
EXAONEPath,exaonepath,mgmt_tcga_gbm_lgg_brain_biomarker_status_prediction_slide,tcga,D1_no_detected_evidence_or_insufficient_disclosure,D1_no_detected_evidence_or_insufficient_disclosure,True
H0-mini,h_optimus_mini_h0_mini,brain_hist_subtype_tcga_gbm_lgg_brain_diagnostic_histologic_subtyping_slide,tcga,D2_parent_repository_exposure,D2_parent_repository_exposure,True
EXAONEPath,exaonepath,brain_hist_subtype_tcga_gbm_lgg_brain_diagnostic_histologic_subtyping_slide,tcga,D1_no_detected_evidence_or_insufficient_disclosure,D1_no_detected_evidence_or_insufficient_disclosure,True
H0-mini,h_optimus_mini_h0_mini,brain_exp_subtype_tcga_gbm_lgg_brain_gene_expression_subtype_prediction_slide,tcga,D2_parent_repository_exposure,D2_parent_repository_exposure,True
EXAONEPath,exaonepath,brain_exp_subtype_tcga_gbm_lgg_brain_gene_expression_subtype_prediction_slide,tcga,D1_no_detected_evidence_or_insufficient_disclosure,D1_no_detected_evidence_or_insufficient_disclosure,True
H0-mini,h_optimus_mini_h0_mini,myc_tcga_pan_cancer_pan_cancer_pathway_activation_status_prediction_slide,tcga,D2_parent_repository_exposure,D2_parent_repository_exposure,True
EXAONEPath,exaonepath,myc_tcga_pan_cancer_pan_cancer_pathway_activation_status_prediction_slide,tcga,D1_no_detected_evidence_or_insufficient_disclosure,D1_no_detected_evidence_or_insufficient_disclosure,True
H0-mini,h_optimus_mini_h0_mini,pi3k_tcga_pan_cancer_pan_cancer_pathway_activation_status_prediction_slide,tcga,D2_parent_repository_exposure,D2_parent_repository_exposure,True
EXAONEPath,exaonepath,pi3k_tcga_pan_cancer_pan_cancer_pathway_activation_status_prediction_slide,tcga,D1_no_detected_evidence_or_insufficient_disclosure,D1_no_detected_evidence_or_insufficient_disclosure,True
H0-mini,h_optimus_mini_h0_mini,tcga_grade_tcga_pan_cancer_pan_cancer_diagnostic_tumor_grading_slide,tcga,D2_parent_repository_exposure,D2_parent_repository_exposure,True
EXAONEPath,exaonepath,tcga_grade_tcga_pan_cancer_pan_cancer_diagnostic_tumor_grading_slide,tcga,D1_no_detected_evidence_or_insufficient_disclosure,D1_no_detected_evidence_or_insufficient_disclosure,True
H0-mini,h_optimus_mini_h0_mini,immunegroup_tcga_pan_cancer_pan_cancer_gene_expression_subtype_prediction_slide,tcga,D2_parent_repository_exposure,D2_parent_repository_exposure,True
EXAONEPath,exaonepath,immunegroup_tcga_pan_cancer_pan_cancer_gene_expression_subtype_prediction_slide,tcga,D1_no_detected_evidence_or_insufficient_disclosure,D1_no_detected_evidence_or_insufficient_disclosure,True
CONCH,conch,lung_exp_subtype_tcga_lusc_luad_lung_gene_expression_subtype_prediction_slide,tcga,D1_no_detected_evidence_or_insufficient_disclosure,D1_no_detected_evidence_or_insufficient_disclosure,True
CONCH,conch,lusc_vs_luad_tcga_lusc_luad_lung_diagnostic_histologic_subtyping_slide,tcga,D1_no_detected_evidence_or_insufficient_disclosure,D1_no_detected_evidence_or_insufficient_disclosure,True
CONCH,conch,cptac_myc_cptac_pan_cancer_pan_cancer_pathway_activation_status_prediction_slide,cptac,D1_no_detected_evidence_or_insufficient_disclosure,D1_no_detected_evidence_or_insufficient_disclosure,True
CONCH,conch,chrom_cptac_pan_cancer_pan_cancer_pathway_activation_status_prediction_slide,cptac,D1_no_detected_evidence_or_insufficient_disclosure,D1_no_detected_evidence_or_insufficient_disclosure,True
CONCH,conch,cptac_grade_cptac_pan_cancer_pan_cancer_diagnostic_tumor_grading_slide,cptac,D1_no_detected_evidence_or_insufficient_disclosure,D1_no_detected_evidence_or_insufficient_disclosure,True
CONCH,conch,tumor_label_cptac_pan_cancer_pan_cancer_diagnostic_histologic_subtyping_slide,cptac,D1_no_detected_evidence_or_insufficient_disclosure,D1_no_detected_evidence_or_insufficient_disclosure,True
CONCH,conch,mtor_cptac_pan_cancer_pan_cancer_pathway_activation_status_prediction_slide,cptac,D1_no_detected_evidence_or_insufficient_disclosure,D1_no_detected_evidence_or_insufficient_disclosure,True
CONCH,conch,p53_cptac_pan_cancer_pan_cancer_pathway_activation_status_prediction_slide,cptac,D1_no_detected_evidence_or_insufficient_disclosure,D1_no_detected_evidence_or_insufficient_disclosure,True
CONCH,conch,swi_cptac_pan_cancer_pan_cancer_pathway_activation_status_prediction_slide,cptac,D1_no_detected_evidence_or_insufficient_disclosure,D1_no_detected_evidence_or_insufficient_disclosure,True
CONCH,conch,gi_subtype_tcga_gi_gi_biomarker_status_prediction_slide,tcga,D1_no_detected_evidence_or_insufficient_disclosure,D1_no_detected_evidence_or_insufficient_disclosure,True
CONCH,conch,erg_status_tcga_prad_prostate_biomarker_status_prediction_slide,tcga,D1_no_detected_evidence_or_insufficient_disclosure,D1_no_detected_evidence_or_insufficient_disclosure,True
CONCH,conch,prad_mrna_cluster_tcga_prad_prostate_gene_expression_subtype_prediction_slide,tcga,D1_no_detected_evidence_or_insufficient_disclosure,D1_no_detected_evidence_or_insufficient_disclosure,True
CONCH,conch,lung_hist_ood1_out_of_domain_lung_lung_diagnostic_histologic_subtyping_slide,stanford_lung,D1_no_detected_evidence_or_insufficient_disclosure,D1_no_detected_evidence_or_insufficient_disclosure,True
CONCH,conch,lung_stage_ood_out_of_domain_lung_lung_diagnostic_tumor_staging_slide,stanford_lung,D1_no_detected_evidence_or_insufficient_disclosure,D1_no_detected_evidence_or_insufficient_disclosure,True
CONCH,conch,brain_necrosis_out_of_domain_brain_brain_diagnostic_other_slide,stanford_gbm,D1_no_detected_evidence_or_insufficient_disclosure,D1_no_detected_evidence_or_insufficient_disclosure,True
CONCH,conch,mgmt_ood_out_of_domain_brain_brain_biomarker_status_prediction_slide,stanford_gbm,D1_no_detected_evidence_or_insufficient_disclosure,D1_no_detected_evidence_or_insufficient_disclosure,True
CONCH,conch,bach_external_benchmarking_cohort_brca_breast_diagnostic_primary_diagnosis_and_histologic_subtyping_patch,bach,D1_no_detected_evidence_or_insufficient_disclosure,D1_no_detected_evidence_or_insufficient_disclosure,True
CONCH,conch,bracs_external_benchmarking_cohort_brca_breast_diagnostic_primary_diagnosis_and_histologic_subtyping_patch,bracs,D1_no_detected_evidence_or_insufficient_disclosure,D1_no_detected_evidence_or_insufficient_disclosure,True
CONCH,conch,breakhis_external_benchmarking_cohort_brca_breast_diagnostic_primary_diagnosis_patch,breakhis,D1_no_detected_evidence_or_insufficient_disclosure,D1_no_detected_evidence_or_insufficient_disclosure,True
CONCH,conch,lung_hist_ood2_out_of_domain_lung_lung_diagnostic_histologic_subtyping_slide,dhmc_lung,D1_no_detected_evidence_or_insufficient_disclosure,D1_no_detected_evidence_or_insufficient_disclosure,True
CONCH,conch,lc25000_external_benchmarking_cohort_pan_cancer_pan_cancer_diagnostic_primary_diagnosis_and_histologic_subtyping_patch,lc25000,D1_no_detected_evidence_or_insufficient_disclosure,D1_no_detected_evidence_or_insufficient_disclosure,True
CONCH,conch,mhist_external_benchmarking_cohort_coad_colon_diagnostic_histologic_subtyping_patch,mhist,D1_no_detected_evidence_or_insufficient_disclosure,D1_no_detected_evidence_or_insufficient_disclosure,True
CONCH,conch,nct_crc_he_external_benchmarking_cohort_coad_colon_diagnostic_tissue_type_classification_patch,nct_crc_he_100k,D1_no_detected_evidence_or_insufficient_disclosure,D1_no_detected_evidence_or_insufficient_disclosure,True
CONCH,conch,sicapv2_external_benchmarking_cohort_prad_prostate_diagnostic_primary_diagnosis_and_tumor_grading_patch,sicapv2,D1_no_detected_evidence_or_insufficient_disclosure,D1_no_detected_evidence_or_insufficient_disclosure,True
CONCH,conch,unitopatho_external_benchmarking_cohort_coad_colon_diagnostic_primary_diagnosis_patch,unitopatho,D1_no_detected_evidence_or_insufficient_disclosure,D1_no_detected_evidence_or_insufficient_disclosure,True
CONCH,conch,lung_grade_out_of_domain_lung_lung_diagnostic_tumor_grading_slide,nlst,D1_no_detected_evidence_or_insufficient_disclosure,D1_no_detected_evidence_or_insufficient_disclosure,True
CONCH,conch,lung_stage_out_of_domain_lung_lung_diagnostic_tumor_staging_slide,nlst,D1_no_detected_evidence_or_insufficient_disclosure,D1_no_detected_evidence_or_insufficient_disclosure,True
CONCH,conch,kidney_subtype_tcga_kirc_kirp_kich_kidney_diagnostic_histologic_subtyping_slide,tcga,D1_no_detected_evidence_or_insufficient_disclosure,D1_no_detected_evidence_or_insufficient_disclosure,True
CONCH,conch,blca_hist_subtype_tcga_blca_bladder_diagnostic_histologic_subtyping_slide,tcga,D1_no_detected_evidence_or_insufficient_disclosure,D1_no_detected_evidence_or_insufficient_disclosure,True
CONCH,conch,blca_mrna_cluster_tcga_blca_bladder_gene_expression_subtype_prediction_slide,tcga,D1_no_detected_evidence_or_insufficient_disclosure,D1_no_detected_evidence_or_insufficient_disclosure,True
CONCH,conch,er_status_tcga_brca_breast_biomarker_status_prediction_slide,tcga,D1_no_detected_evidence_or_insufficient_disclosure,D1_no_detected_evidence_or_insufficient_disclosure,True
CONCH,conch,pam50_status_tcga_brca_breast_gene_expression_subtype_prediction_slide,tcga,D1_no_detected_evidence_or_insufficient_disclosure,D1_no_detected_evidence_or_insufficient_disclosure,True
CONCH,conch,pr_status_tcga_brca_breast_biomarker_status_prediction_slide,tcga,D1_no_detected_evidence_or_insufficient_disclosure,D1_no_detected_evidence_or_insufficient_disclosure,True
CONCH,conch,idh_tcga_gbm_lgg_brain_biomarker_status_prediction_slide,tcga,D1_no_detected_evidence_or_insufficient_disclosure,D1_no_detected_evidence_or_insufficient_disclosure,True
CONCH,conch,mgmt_tcga_gbm_lgg_brain_biomarker_status_prediction_slide,tcga,D1_no_detected_evidence_or_insufficient_disclosure,D1_no_detected_evidence_or_insufficient_disclosure,True
CONCH,conch,brain_hist_subtype_tcga_gbm_lgg_brain_diagnostic_histologic_subtyping_slide,tcga,D1_no_detected_evidence_or_insufficient_disclosure,D1_no_detected_evidence_or_insufficient_disclosure,True
CONCH,conch,brain_exp_subtype_tcga_gbm_lgg_brain_gene_expression_subtype_prediction_slide,tcga,D1_no_detected_evidence_or_insufficient_disclosure,D1_no_detected_evidence_or_insufficient_disclosure,True
CONCH,conch,myc_tcga_pan_cancer_pan_cancer_pathway_activation_status_prediction_slide,tcga,D1_no_detected_evidence_or_insufficient_disclosure,D1_no_detected_evidence_or_insufficient_disclosure,True
CONCH,conch,pi3k_tcga_pan_cancer_pan_cancer_pathway_activation_status_prediction_slide,tcga,D1_no_detected_evidence_or_insufficient_disclosure,D1_no_detected_evidence_or_insufficient_disclosure,True
CONCH,conch,tcga_grade_tcga_pan_cancer_pan_cancer_diagnostic_tumor_grading_slide,tcga,D1_no_detected_evidence_or_insufficient_disclosure,D1_no_detected_evidence_or_insufficient_disclosure,True
CONCH,conch,immunegroup_tcga_pan_cancer_pan_cancer_gene_expression_subtype_prediction_slide,tcga,D1_no_detected_evidence_or_insufficient_disclosure,D1_no_detected_evidence_or_insufficient_disclosure,True
cTranspath,ctranspath,idh_tcga_gbm_lgg_brain_biomarker_status_prediction_slide,tcga,D2_parent_repository_exposure,D2_parent_repository_exposure,True
GPFM,gpfm,idh_tcga_gbm_lgg_brain_biomarker_status_prediction_slide,tcga,D2_parent_repository_exposure,D2_parent_repository_exposure,True
mizero bioclinicalbert,mi_zero_clinicalbert,idh_tcga_gbm_lgg_brain_biomarker_status_prediction_slide,tcga,D2_parent_repository_exposure,D2_parent_repository_exposure,True
mizero pubmedbert,mi_zero_pubmedbert,idh_tcga_gbm_lgg_brain_biomarker_status_prediction_slide,tcga,D2_parent_repository_exposure,D2_parent_repository_exposure,True
beit3-L16,beit_3_l16,idh_tcga_gbm_lgg_brain_biomarker_status_prediction_slide,tcga,D1_no_detected_evidence_or_insufficient_disclosure,D1_no_detected_evidence_or_insufficient_disclosure,True
Blip-B16-14M,blip_b16_14m,idh_tcga_gbm_lgg_brain_biomarker_status_prediction_slide,tcga,D1_no_detected_evidence_or_insufficient_disclosure,D1_no_detected_evidence_or_insufficient_disclosure,True
Align-base,align_base,idh_tcga_gbm_lgg_brain_biomarker_status_prediction_slide,tcga,D1_no_detected_evidence_or_insufficient_disclosure,D1_no_detected_evidence_or_insufficient_disclosure,True
cTranspath,ctranspath,mgmt_tcga_gbm_lgg_brain_biomarker_status_prediction_slide,tcga,D2_parent_repository_exposure,D2_parent_repository_exposure,True
GPFM,gpfm,mgmt_tcga_gbm_lgg_brain_biomarker_status_prediction_slide,tcga,D2_parent_repository_exposure,D2_parent_repository_exposure,True
mizero bioclinicalbert,mi_zero_clinicalbert,mgmt_tcga_gbm_lgg_brain_biomarker_status_prediction_slide,tcga,D2_parent_repository_exposure,D2_parent_repository_exposure,True
mizero pubmedbert,mi_zero_pubmedbert,mgmt_tcga_gbm_lgg_brain_biomarker_status_prediction_slide,tcga,D2_parent_repository_exposure,D2_parent_repository_exposure,True
beit3-L16,beit_3_l16,mgmt_tcga_gbm_lgg_brain_biomarker_status_prediction_slide,tcga,D1_no_detected_evidence_or_insufficient_disclosure,D1_no_detected_evidence_or_insufficient_disclosure,True
Blip-B16-14M,blip_b16_14m,mgmt_tcga_gbm_lgg_brain_biomarker_status_prediction_slide,tcga,D1_no_detected_evidence_or_insufficient_disclosure,D1_no_detected_evidence_or_insufficient_disclosure,True
Align-base,align_base,mgmt_tcga_gbm_lgg_brain_biomarker_status_prediction_slide,tcga,D1_no_detected_evidence_or_insufficient_disclosure,D1_no_detected_evidence_or_insufficient_disclosure,True
cTranspath,ctranspath,brain_hist_subtype_tcga_gbm_lgg_brain_diagnostic_histologic_subtyping_slide,tcga,D2_parent_repository_exposure,D2_parent_repository_exposure,True
GPFM,gpfm,brain_hist_subtype_tcga_gbm_lgg_brain_diagnostic_histologic_subtyping_slide,tcga,D2_parent_repository_exposure,D2_parent_repository_exposure,True
mizero bioclinicalbert,mi_zero_clinicalbert,brain_hist_subtype_tcga_gbm_lgg_brain_diagnostic_histologic_subtyping_slide,tcga,D2_parent_repository_exposure,D2_parent_repository_exposure,True
mizero pubmedbert,mi_zero_pubmedbert,brain_hist_subtype_tcga_gbm_lgg_brain_diagnostic_histologic_subtyping_slide,tcga,D2_parent_repository_exposure,D2_parent_repository_exposure,True
beit3-L16,beit_3_l16,brain_hist_subtype_tcga_gbm_lgg_brain_diagnostic_histologic_subtyping_slide,tcga,D1_no_detected_evidence_or_insufficient_disclosure,D1_no_detected_evidence_or_insufficient_disclosure,True
Blip-B16-14M,blip_b16_14m,brain_hist_subtype_tcga_gbm_lgg_brain_diagnostic_histologic_subtyping_slide,tcga,D1_no_detected_evidence_or_insufficient_disclosure,D1_no_detected_evidence_or_insufficient_disclosure,True
Align-base,align_base,brain_hist_subtype_tcga_gbm_lgg_brain_diagnostic_histologic_subtyping_slide,tcga,D1_no_detected_evidence_or_insufficient_disclosure,D1_no_detected_evidence_or_insufficient_disclosure,True
cTranspath,ctranspath,brain_exp_subtype_tcga_gbm_lgg_brain_gene_expression_subtype_prediction_slide,tcga,D2_parent_repository_exposure,D2_parent_repository_exposure,True
GPFM,gpfm,brain_exp_subtype_tcga_gbm_lgg_brain_gene_expression_subtype_prediction_slide,tcga,D2_parent_repository_exposure,D2_parent_repository_exposure,True
mizero bioclinicalbert,mi_zero_clinicalbert,brain_exp_subtype_tcga_gbm_lgg_brain_gene_expression_subtype_prediction_slide,tcga,D2_parent_repository_exposure,D2_parent_repository_exposure,True
mizero pubmedbert,mi_zero_pubmedbert,brain_exp_subtype_tcga_gbm_lgg_brain_gene_expression_subtype_prediction_slide,tcga,D2_parent_repository_exposure,D2_parent_repository_exposure,True
beit3-L16,beit_3_l16,brain_exp_subtype_tcga_gbm_lgg_brain_gene_expression_subtype_prediction_slide,tcga,D1_no_detected_evidence_or_insufficient_disclosure,D1_no_detected_evidence_or_insufficient_disclosure,True
Blip-B16-14M,blip_b16_14m,brain_exp_subtype_tcga_gbm_lgg_brain_gene_expression_subtype_prediction_slide,tcga,D1_no_detected_evidence_or_insufficient_disclosure,D1_no_detected_evidence_or_insufficient_disclosure,True
Align-base,align_base,brain_exp_subtype_tcga_gbm_lgg_brain_gene_expression_subtype_prediction_slide,tcga,D1_no_detected_evidence_or_insufficient_disclosure,D1_no_detected_evidence_or_insufficient_disclosure,True
cTranspath,ctranspath,bach_external_benchmarking_cohort_brca_breast_diagnostic_primary_diagnosis_and_histologic_subtyping_patch,bach,D1_no_detected_evidence_or_insufficient_disclosure,D1_no_detected_evidence_or_insufficient_disclosure,True
GPFM,gpfm,bach_external_benchmarking_cohort_brca_breast_diagnostic_primary_diagnosis_and_histologic_subtyping_patch,bach,D3_exact_dataset_exposure,D3_exact_dataset_exposure,True
mizero bioclinicalbert,mi_zero_clinicalbert,bach_external_benchmarking_cohort_brca_breast_diagnostic_primary_diagnosis_and_histologic_subtyping_patch,bach,D1_no_detected_evidence_or_insufficient_disclosure,D1_no_detected_evidence_or_insufficient_disclosure,True
mizero pubmedbert,mi_zero_pubmedbert,bach_external_benchmarking_cohort_brca_breast_diagnostic_primary_diagnosis_and_histologic_subtyping_patch,bach,D1_no_detected_evidence_or_insufficient_disclosure,D1_no_detected_evidence_or_insufficient_disclosure,True
beit3-L16,beit_3_l16,bach_external_benchmarking_cohort_brca_breast_diagnostic_primary_diagnosis_and_histologic_subtyping_patch,bach,D1_no_detected_evidence_or_insufficient_disclosure,D1_no_detected_evidence_or_insufficient_disclosure,True
Blip-B16-14M,blip_b16_14m,bach_external_benchmarking_cohort_brca_breast_diagnostic_primary_diagnosis_and_histologic_subtyping_patch,bach,D1_no_detected_evidence_or_insufficient_disclosure,D1_no_detected_evidence_or_insufficient_disclosure,True
Align-base,align_base,bach_external_benchmarking_cohort_brca_breast_diagnostic_primary_diagnosis_and_histologic_subtyping_patch,bach,D1_no_detected_evidence_or_insufficient_disclosure,D1_no_detected_evidence_or_insufficient_disclosure,True
cTranspath,ctranspath,bracs_external_benchmarking_cohort_brca_breast_diagnostic_primary_diagnosis_and_histologic_subtyping_patch,bracs,D1_no_detected_evidence_or_insufficient_disclosure,D1_no_detected_evidence_or_insufficient_disclosure,True
GPFM,gpfm,bracs_external_benchmarking_cohort_brca_breast_diagnostic_primary_diagnosis_and_histologic_subtyping_patch,bracs,D3_exact_dataset_exposure,D3_exact_dataset_exposure,True
mizero bioclinicalbert,mi_zero_clinicalbert,bracs_external_benchmarking_cohort_brca_breast_diagnostic_primary_diagnosis_and_histologic_subtyping_patch,bracs,D1_no_detected_evidence_or_insufficient_disclosure,D1_no_detected_evidence_or_insufficient_disclosure,True
mizero pubmedbert,mi_zero_pubmedbert,bracs_external_benchmarking_cohort_brca_breast_diagnostic_primary_diagnosis_and_histologic_subtyping_patch,bracs,D1_no_detected_evidence_or_insufficient_disclosure,D1_no_detected_evidence_or_insufficient_disclosure,True
beit3-L16,beit_3_l16,bracs_external_benchmarking_cohort_brca_breast_diagnostic_primary_diagnosis_and_histologic_subtyping_patch,bracs,D1_no_detected_evidence_or_insufficient_disclosure,D1_no_detected_evidence_or_insufficient_disclosure,True
Blip-B16-14M,blip_b16_14m,bracs_external_benchmarking_cohort_brca_breast_diagnostic_primary_diagnosis_and_histologic_subtyping_patch,bracs,D1_no_detected_evidence_or_insufficient_disclosure,D1_no_detected_evidence_or_insufficient_disclosure,True
Align-base,align_base,bracs_external_benchmarking_cohort_brca_breast_diagnostic_primary_diagnosis_and_histologic_subtyping_patch,bracs,D1_no_detected_evidence_or_insufficient_disclosure,D1_no_detected_evidence_or_insufficient_disclosure,True
cTranspath,ctranspath,breakhis_external_benchmarking_cohort_brca_breast_diagnostic_primary_diagnosis_patch,breakhis,D1_no_detected_evidence_or_insufficient_disclosure,D1_no_detected_evidence_or_insufficient_disclosure,True
GPFM,gpfm,breakhis_external_benchmarking_cohort_brca_breast_diagnostic_primary_diagnosis_patch,breakhis,D1_no_detected_evidence_or_insufficient_disclosure,D1_no_detected_evidence_or_insufficient_disclosure,True
mizero bioclinicalbert,mi_zero_clinicalbert,breakhis_external_benchmarking_cohort_brca_breast_diagnostic_primary_diagnosis_patch,breakhis,D1_no_detected_evidence_or_insufficient_disclosure,D1_no_detected_evidence_or_insufficient_disclosure,True
mizero pubmedbert,mi_zero_pubmedbert,breakhis_external_benchmarking_cohort_brca_breast_diagnostic_primary_diagnosis_patch,breakhis,D1_no_detected_evidence_or_insufficient_disclosure,D1_no_detected_evidence_or_insufficient_disclosure,True
beit3-L16,beit_3_l16,breakhis_external_benchmarking_cohort_brca_breast_diagnostic_primary_diagnosis_patch,breakhis,D1_no_detected_evidence_or_insufficient_disclosure,D1_no_detected_evidence_or_insufficient_disclosure,True
Blip-B16-14M,blip_b16_14m,breakhis_external_benchmarking_cohort_brca_breast_diagnostic_primary_diagnosis_patch,breakhis,D1_no_detected_evidence_or_insufficient_disclosure,D1_no_detected_evidence_or_insufficient_disclosure,True
Align-base,align_base,breakhis_external_benchmarking_cohort_brca_breast_diagnostic_primary_diagnosis_patch,breakhis,D1_no_detected_evidence_or_insufficient_disclosure,D1_no_detected_evidence_or_insufficient_disclosure,True
cTranspath,ctranspath,lung_hist_ood2_out_of_domain_lung_lung_diagnostic_histologic_subtyping_slide,dhmc_lung,D1_no_detected_evidence_or_insufficient_disclosure,D1_no_detected_evidence_or_insufficient_disclosure,True
GPFM,gpfm,lung_hist_ood2_out_of_domain_lung_lung_diagnostic_histologic_subtyping_slide,dhmc_lung,D1_no_detected_evidence_or_insufficient_disclosure,D1_no_detected_evidence_or_insufficient_disclosure,True
mizero bioclinicalbert,mi_zero_clinicalbert,lung_hist_ood2_out_of_domain_lung_lung_diagnostic_histologic_subtyping_slide,dhmc_lung,D1_no_detected_evidence_or_insufficient_disclosure,D1_no_detected_evidence_or_insufficient_disclosure,True
mizero pubmedbert,mi_zero_pubmedbert,lung_hist_ood2_out_of_domain_lung_lung_diagnostic_histologic_subtyping_slide,dhmc_lung,D1_no_detected_evidence_or_insufficient_disclosure,D1_no_detected_evidence_or_insufficient_disclosure,True
beit3-L16,beit_3_l16,lung_hist_ood2_out_of_domain_lung_lung_diagnostic_histologic_subtyping_slide,dhmc_lung,D1_no_detected_evidence_or_insufficient_disclosure,D1_no_detected_evidence_or_insufficient_disclosure,True
Blip-B16-14M,blip_b16_14m,lung_hist_ood2_out_of_domain_lung_lung_diagnostic_histologic_subtyping_slide,dhmc_lung,D1_no_detected_evidence_or_insufficient_disclosure,D1_no_detected_evidence_or_insufficient_disclosure,True
Align-base,align_base,lung_hist_ood2_out_of_domain_lung_lung_diagnostic_histologic_subtyping_slide,dhmc_lung,D1_no_detected_evidence_or_insufficient_disclosure,D1_no_detected_evidence_or_insufficient_disclosure,True
cTranspath,ctranspath,lc25000_external_benchmarking_cohort_pan_cancer_pan_cancer_diagnostic_primary_diagnosis_and_histologic_subtyping_patch,lc25000,D1_no_detected_evidence_or_insufficient_disclosure,D1_no_detected_evidence_or_insufficient_disclosure,True
GPFM,gpfm,lc25000_external_benchmarking_cohort_pan_cancer_pan_cancer_diagnostic_primary_diagnosis_and_histologic_subtyping_patch,lc25000,D3_exact_dataset_exposure,D3_exact_dataset_exposure,True
mizero bioclinicalbert,mi_zero_clinicalbert,lc25000_external_benchmarking_cohort_pan_cancer_pan_cancer_diagnostic_primary_diagnosis_and_histologic_subtyping_patch,lc25000,D1_no_detected_evidence_or_insufficient_disclosure,D1_no_detected_evidence_or_insufficient_disclosure,True
mizero pubmedbert,mi_zero_pubmedbert,lc25000_external_benchmarking_cohort_pan_cancer_pan_cancer_diagnostic_primary_diagnosis_and_histologic_subtyping_patch,lc25000,D1_no_detected_evidence_or_insufficient_disclosure,D1_no_detected_evidence_or_insufficient_disclosure,True
beit3-L16,beit_3_l16,lc25000_external_benchmarking_cohort_pan_cancer_pan_cancer_diagnostic_primary_diagnosis_and_histologic_subtyping_patch,lc25000,D1_no_detected_evidence_or_insufficient_disclosure,D1_no_detected_evidence_or_insufficient_disclosure,True
Blip-B16-14M,blip_b16_14m,lc25000_external_benchmarking_cohort_pan_cancer_pan_cancer_diagnostic_primary_diagnosis_and_histologic_subtyping_patch,lc25000,D1_no_detected_evidence_or_insufficient_disclosure,D1_no_detected_evidence_or_insufficient_disclosure,True
Align-base,align_base,lc25000_external_benchmarking_cohort_pan_cancer_pan_cancer_diagnostic_primary_diagnosis_and_histologic_subtyping_patch,lc25000,D1_no_detected_evidence_or_insufficient_disclosure,D1_no_detected_evidence_or_insufficient_disclosure,True
cTranspath,ctranspath,mhist_external_benchmarking_cohort_coad_colon_diagnostic_histologic_subtyping_patch,mhist,D1_no_detected_evidence_or_insufficient_disclosure,D1_no_detected_evidence_or_insufficient_disclosure,True
GPFM,gpfm,mhist_external_benchmarking_cohort_coad_colon_diagnostic_histologic_subtyping_patch,mhist,D1_no_detected_evidence_or_insufficient_disclosure,D1_no_detected_evidence_or_insufficient_disclosure,True
mizero bioclinicalbert,mi_zero_clinicalbert,mhist_external_benchmarking_cohort_coad_colon_diagnostic_histologic_subtyping_patch,mhist,D1_no_detected_evidence_or_insufficient_disclosure,D1_no_detected_evidence_or_insufficient_disclosure,True
mizero pubmedbert,mi_zero_pubmedbert,mhist_external_benchmarking_cohort_coad_colon_diagnostic_histologic_subtyping_patch,mhist,D1_no_detected_evidence_or_insufficient_disclosure,D1_no_detected_evidence_or_insufficient_disclosure,True
beit3-L16,beit_3_l16,mhist_external_benchmarking_cohort_coad_colon_diagnostic_histologic_subtyping_patch,mhist,D1_no_detected_evidence_or_insufficient_disclosure,D1_no_detected_evidence_or_insufficient_disclosure,True
Blip-B16-14M,blip_b16_14m,mhist_external_benchmarking_cohort_coad_colon_diagnostic_histologic_subtyping_patch,mhist,D1_no_detected_evidence_or_insufficient_disclosure,D1_no_detected_evidence_or_insufficient_disclosure,True
Align-base,align_base,mhist_external_benchmarking_cohort_coad_colon_diagnostic_histologic_subtyping_patch,mhist,D1_no_detected_evidence_or_insufficient_disclosure,D1_no_detected_evidence_or_insufficient_disclosure,True
cTranspath,ctranspath,nct_crc_he_external_benchmarking_cohort_coad_colon_diagnostic_tissue_type_classification_patch,nct_crc_he_100k,D1_no_detected_evidence_or_insufficient_disclosure,D1_no_detected_evidence_or_insufficient_disclosure,True
GPFM,gpfm,nct_crc_he_external_benchmarking_cohort_coad_colon_diagnostic_tissue_type_classification_patch,nct_crc_he_100k,D1_no_detected_evidence_or_insufficient_disclosure,D1_no_detected_evidence_or_insufficient_disclosure,True
mizero bioclinicalbert,mi_zero_clinicalbert,nct_crc_he_external_benchmarking_cohort_coad_colon_diagnostic_tissue_type_classification_patch,nct_crc_he_100k,D1_no_detected_evidence_or_insufficient_disclosure,D1_no_detected_evidence_or_insufficient_disclosure,True
mizero pubmedbert,mi_zero_pubmedbert,nct_crc_he_external_benchmarking_cohort_coad_colon_diagnostic_tissue_type_classification_patch,nct_crc_he_100k,D1_no_detected_evidence_or_insufficient_disclosure,D1_no_detected_evidence_or_insufficient_disclosure,True
beit3-L16,beit_3_l16,nct_crc_he_external_benchmarking_cohort_coad_colon_diagnostic_tissue_type_classification_patch,nct_crc_he_100k,D1_no_detected_evidence_or_insufficient_disclosure,D1_no_detected_evidence_or_insufficient_disclosure,True
Blip-B16-14M,blip_b16_14m,nct_crc_he_external_benchmarking_cohort_coad_colon_diagnostic_tissue_type_classification_patch,nct_crc_he_100k,D1_no_detected_evidence_or_insufficient_disclosure,D1_no_detected_evidence_or_insufficient_disclosure,True
Align-base,align_base,nct_crc_he_external_benchmarking_cohort_coad_colon_diagnostic_tissue_type_classification_patch,nct_crc_he_100k,D1_no_detected_evidence_or_insufficient_disclosure,D1_no_detected_evidence_or_insufficient_disclosure,True
cTranspath,ctranspath,sicapv2_external_benchmarking_cohort_prad_prostate_diagnostic_primary_diagnosis_and_tumor_grading_patch,sicapv2,D1_no_detected_evidence_or_insufficient_disclosure,D1_no_detected_evidence_or_insufficient_disclosure,True
GPFM,gpfm,sicapv2_external_benchmarking_cohort_prad_prostate_diagnostic_primary_diagnosis_and_tumor_grading_patch,sicapv2,D3_exact_dataset_exposure,D3_exact_dataset_exposure,True
mizero bioclinicalbert,mi_zero_clinicalbert,sicapv2_external_benchmarking_cohort_prad_prostate_diagnostic_primary_diagnosis_and_tumor_grading_patch,sicapv2,D1_no_detected_evidence_or_insufficient_disclosure,D1_no_detected_evidence_or_insufficient_disclosure,True
mizero pubmedbert,mi_zero_pubmedbert,sicapv2_external_benchmarking_cohort_prad_prostate_diagnostic_primary_diagnosis_and_tumor_grading_patch,sicapv2,D1_no_detected_evidence_or_insufficient_disclosure,D1_no_detected_evidence_or_insufficient_disclosure,True
beit3-L16,beit_3_l16,sicapv2_external_benchmarking_cohort_prad_prostate_diagnostic_primary_diagnosis_and_tumor_grading_patch,sicapv2,D1_no_detected_evidence_or_insufficient_disclosure,D1_no_detected_evidence_or_insufficient_disclosure,True
Blip-B16-14M,blip_b16_14m,sicapv2_external_benchmarking_cohort_prad_prostate_diagnostic_primary_diagnosis_and_tumor_grading_patch,sicapv2,D1_no_detected_evidence_or_insufficient_disclosure,D1_no_detected_evidence_or_insufficient_disclosure,True
Align-base,align_base,sicapv2_external_benchmarking_cohort_prad_prostate_diagnostic_primary_diagnosis_and_tumor_grading_patch,sicapv2,D1_no_detected_evidence_or_insufficient_disclosure,D1_no_detected_evidence_or_insufficient_disclosure,True
cTranspath,ctranspath,unitopatho_external_benchmarking_cohort_coad_colon_diagnostic_primary_diagnosis_patch,unitopatho,D1_no_detected_evidence_or_insufficient_disclosure,D1_no_detected_evidence_or_insufficient_disclosure,True
GPFM,gpfm,unitopatho_external_benchmarking_cohort_coad_colon_diagnostic_primary_diagnosis_patch,unitopatho,D1_no_detected_evidence_or_insufficient_disclosure,D1_no_detected_evidence_or_insufficient_disclosure,True
mizero bioclinicalbert,mi_zero_clinicalbert,unitopatho_external_benchmarking_cohort_coad_colon_diagnostic_primary_diagnosis_patch,unitopatho,D1_no_detected_evidence_or_insufficient_disclosure,D1_no_detected_evidence_or_insufficient_disclosure,True
mizero pubmedbert,mi_zero_pubmedbert,unitopatho_external_benchmarking_cohort_coad_colon_diagnostic_primary_diagnosis_patch,unitopatho,D1_no_detected_evidence_or_insufficient_disclosure,D1_no_detected_evidence_or_insufficient_disclosure,True
beit3-L16,beit_3_l16,unitopatho_external_benchmarking_cohort_coad_colon_diagnostic_primary_diagnosis_patch,unitopatho,D1_no_detected_evidence_or_insufficient_disclosure,D1_no_detected_evidence_or_insufficient_disclosure,True
Blip-B16-14M,blip_b16_14m,unitopatho_external_benchmarking_cohort_coad_colon_diagnostic_primary_diagnosis_patch,unitopatho,D1_no_detected_evidence_or_insufficient_disclosure,D1_no_detected_evidence_or_insufficient_disclosure,True
Align-base,align_base,unitopatho_external_benchmarking_cohort_coad_colon_diagnostic_primary_diagnosis_patch,unitopatho,D1_no_detected_evidence_or_insufficient_disclosure,D1_no_detected_evidence_or_insufficient_disclosure,True
cTranspath,ctranspath,erg_status_tcga_prad_prostate_biomarker_status_prediction_slide,tcga,D2_parent_repository_exposure,D2_parent_repository_exposure,True
GPFM,gpfm,erg_status_tcga_prad_prostate_biomarker_status_prediction_slide,tcga,D2_parent_repository_exposure,D2_parent_repository_exposure,True
mizero bioclinicalbert,mi_zero_clinicalbert,erg_status_tcga_prad_prostate_biomarker_status_prediction_slide,tcga,D2_parent_repository_exposure,D2_parent_repository_exposure,True
mizero pubmedbert,mi_zero_pubmedbert,erg_status_tcga_prad_prostate_biomarker_status_prediction_slide,tcga,D2_parent_repository_exposure,D2_parent_repository_exposure,True
beit3-L16,beit_3_l16,erg_status_tcga_prad_prostate_biomarker_status_prediction_slide,tcga,D1_no_detected_evidence_or_insufficient_disclosure,D1_no_detected_evidence_or_insufficient_disclosure,True
Blip-B16-14M,blip_b16_14m,erg_status_tcga_prad_prostate_biomarker_status_prediction_slide,tcga,D1_no_detected_evidence_or_insufficient_disclosure,D1_no_detected_evidence_or_insufficient_disclosure,True
Align-base,align_base,erg_status_tcga_prad_prostate_biomarker_status_prediction_slide,tcga,D1_no_detected_evidence_or_insufficient_disclosure,D1_no_detected_evidence_or_insufficient_disclosure,True
cTranspath,ctranspath,prad_mrna_cluster_tcga_prad_prostate_gene_expression_subtype_prediction_slide,tcga,D2_parent_repository_exposure,D2_parent_repository_exposure,True
GPFM,gpfm,prad_mrna_cluster_tcga_prad_prostate_gene_expression_subtype_prediction_slide,tcga,D2_parent_repository_exposure,D2_parent_repository_exposure,True
mizero bioclinicalbert,mi_zero_clinicalbert,prad_mrna_cluster_tcga_prad_prostate_gene_expression_subtype_prediction_slide,tcga,D2_parent_repository_exposure,D2_parent_repository_exposure,True
mizero pubmedbert,mi_zero_pubmedbert,prad_mrna_cluster_tcga_prad_prostate_gene_expression_subtype_prediction_slide,tcga,D2_parent_repository_exposure,D2_parent_repository_exposure,True
beit3-L16,beit_3_l16,prad_mrna_cluster_tcga_prad_prostate_gene_expression_subtype_prediction_slide,tcga,D1_no_detected_evidence_or_insufficient_disclosure,D1_no_detected_evidence_or_insufficient_disclosure,True
Blip-B16-14M,blip_b16_14m,prad_mrna_cluster_tcga_prad_prostate_gene_expression_subtype_prediction_slide,tcga,D1_no_detected_evidence_or_insufficient_disclosure,D1_no_detected_evidence_or_insufficient_disclosure,True
Align-base,align_base,prad_mrna_cluster_tcga_prad_prostate_gene_expression_subtype_prediction_slide,tcga,D1_no_detected_evidence_or_insufficient_disclosure,D1_no_detected_evidence_or_insufficient_disclosure,True
cTranspath,ctranspath,lung_exp_subtype_tcga_lusc_luad_lung_gene_expression_subtype_prediction_slide,tcga,D2_parent_repository_exposure,D2_parent_repository_exposure,True
GPFM,gpfm,lung_exp_subtype_tcga_lusc_luad_lung_gene_expression_subtype_prediction_slide,tcga,D2_parent_repository_exposure,D2_parent_repository_exposure,True
mizero bioclinicalbert,mi_zero_clinicalbert,lung_exp_subtype_tcga_lusc_luad_lung_gene_expression_subtype_prediction_slide,tcga,D2_parent_repository_exposure,D2_parent_repository_exposure,True
mizero pubmedbert,mi_zero_pubmedbert,lung_exp_subtype_tcga_lusc_luad_lung_gene_expression_subtype_prediction_slide,tcga,D2_parent_repository_exposure,D2_parent_repository_exposure,True
beit3-L16,beit_3_l16,lung_exp_subtype_tcga_lusc_luad_lung_gene_expression_subtype_prediction_slide,tcga,D1_no_detected_evidence_or_insufficient_disclosure,D1_no_detected_evidence_or_insufficient_disclosure,True
Blip-B16-14M,blip_b16_14m,lung_exp_subtype_tcga_lusc_luad_lung_gene_expression_subtype_prediction_slide,tcga,D1_no_detected_evidence_or_insufficient_disclosure,D1_no_detected_evidence_or_insufficient_disclosure,True
Align-base,align_base,lung_exp_subtype_tcga_lusc_luad_lung_gene_expression_subtype_prediction_slide,tcga,D1_no_detected_evidence_or_insufficient_disclosure,D1_no_detected_evidence_or_insufficient_disclosure,True
cTranspath,ctranspath,lusc_vs_luad_tcga_lusc_luad_lung_diagnostic_histologic_subtyping_slide,tcga,D2_parent_repository_exposure,D2_parent_repository_exposure,True
GPFM,gpfm,lusc_vs_luad_tcga_lusc_luad_lung_diagnostic_histologic_subtyping_slide,tcga,D2_parent_repository_exposure,D2_parent_repository_exposure,True
mizero bioclinicalbert,mi_zero_clinicalbert,lusc_vs_luad_tcga_lusc_luad_lung_diagnostic_histologic_subtyping_slide,tcga,D2_parent_repository_exposure,D2_parent_repository_exposure,True
mizero pubmedbert,mi_zero_pubmedbert,lusc_vs_luad_tcga_lusc_luad_lung_diagnostic_histologic_subtyping_slide,tcga,D2_parent_repository_exposure,D2_parent_repository_exposure,True
beit3-L16,beit_3_l16,lusc_vs_luad_tcga_lusc_luad_lung_diagnostic_histologic_subtyping_slide,tcga,D1_no_detected_evidence_or_insufficient_disclosure,D1_no_detected_evidence_or_insufficient_disclosure,True
Blip-B16-14M,blip_b16_14m,lusc_vs_luad_tcga_lusc_luad_lung_diagnostic_histologic_subtyping_slide,tcga,D1_no_detected_evidence_or_insufficient_disclosure,D1_no_detected_evidence_or_insufficient_disclosure,True
Align-base,align_base,lusc_vs_luad_tcga_lusc_luad_lung_diagnostic_histologic_subtyping_slide,tcga,D1_no_detected_evidence_or_insufficient_disclosure,D1_no_detected_evidence_or_insufficient_disclosure,True
cTranspath,ctranspath,cptac_myc_cptac_pan_cancer_pan_cancer_pathway_activation_status_prediction_slide,cptac,D1_no_detected_evidence_or_insufficient_disclosure,D1_no_detected_evidence_or_insufficient_disclosure,True
GPFM,gpfm,cptac_myc_cptac_pan_cancer_pan_cancer_pathway_activation_status_prediction_slide,cptac,D2_parent_repository_exposure,D2_parent_repository_exposure,True
mizero bioclinicalbert,mi_zero_clinicalbert,cptac_myc_cptac_pan_cancer_pan_cancer_pathway_activation_status_prediction_slide,cptac,D1_no_detected_evidence_or_insufficient_disclosure,D1_no_detected_evidence_or_insufficient_disclosure,True
mizero pubmedbert,mi_zero_pubmedbert,cptac_myc_cptac_pan_cancer_pan_cancer_pathway_activation_status_prediction_slide,cptac,D1_no_detected_evidence_or_insufficient_disclosure,D1_no_detected_evidence_or_insufficient_disclosure,True
beit3-L16,beit_3_l16,cptac_myc_cptac_pan_cancer_pan_cancer_pathway_activation_status_prediction_slide,cptac,D1_no_detected_evidence_or_insufficient_disclosure,D1_no_detected_evidence_or_insufficient_disclosure,True
Blip-B16-14M,blip_b16_14m,cptac_myc_cptac_pan_cancer_pan_cancer_pathway_activation_status_prediction_slide,cptac,D1_no_detected_evidence_or_insufficient_disclosure,D1_no_detected_evidence_or_insufficient_disclosure,True
Align-base,align_base,cptac_myc_cptac_pan_cancer_pan_cancer_pathway_activation_status_prediction_slide,cptac,D1_no_detected_evidence_or_insufficient_disclosure,D1_no_detected_evidence_or_insufficient_disclosure,True
cTranspath,ctranspath,chrom_cptac_pan_cancer_pan_cancer_pathway_activation_status_prediction_slide,cptac,D1_no_detected_evidence_or_insufficient_disclosure,D1_no_detected_evidence_or_insufficient_disclosure,True
GPFM,gpfm,chrom_cptac_pan_cancer_pan_cancer_pathway_activation_status_prediction_slide,cptac,D2_parent_repository_exposure,D2_parent_repository_exposure,True
mizero bioclinicalbert,mi_zero_clinicalbert,chrom_cptac_pan_cancer_pan_cancer_pathway_activation_status_prediction_slide,cptac,D1_no_detected_evidence_or_insufficient_disclosure,D1_no_detected_evidence_or_insufficient_disclosure,True
mizero pubmedbert,mi_zero_pubmedbert,chrom_cptac_pan_cancer_pan_cancer_pathway_activation_status_prediction_slide,cptac,D1_no_detected_evidence_or_insufficient_disclosure,D1_no_detected_evidence_or_insufficient_disclosure,True
beit3-L16,beit_3_l16,chrom_cptac_pan_cancer_pan_cancer_pathway_activation_status_prediction_slide,cptac,D1_no_detected_evidence_or_insufficient_disclosure,D1_no_detected_evidence_or_insufficient_disclosure,True
Blip-B16-14M,blip_b16_14m,chrom_cptac_pan_cancer_pan_cancer_pathway_activation_status_prediction_slide,cptac,D1_no_detected_evidence_or_insufficient_disclosure,D1_no_detected_evidence_or_insufficient_disclosure,True
Align-base,align_base,chrom_cptac_pan_cancer_pan_cancer_pathway_activation_status_prediction_slide,cptac,D1_no_detected_evidence_or_insufficient_disclosure,D1_no_detected_evidence_or_insufficient_disclosure,True
cTranspath,ctranspath,cptac_grade_cptac_pan_cancer_pan_cancer_diagnostic_tumor_grading_slide,cptac,D1_no_detected_evidence_or_insufficient_disclosure,D1_no_detected_evidence_or_insufficient_disclosure,True
GPFM,gpfm,cptac_grade_cptac_pan_cancer_pan_cancer_diagnostic_tumor_grading_slide,cptac,D2_parent_repository_exposure,D2_parent_repository_exposure,True
mizero bioclinicalbert,mi_zero_clinicalbert,cptac_grade_cptac_pan_cancer_pan_cancer_diagnostic_tumor_grading_slide,cptac,D1_no_detected_evidence_or_insufficient_disclosure,D1_no_detected_evidence_or_insufficient_disclosure,True
mizero pubmedbert,mi_zero_pubmedbert,cptac_grade_cptac_pan_cancer_pan_cancer_diagnostic_tumor_grading_slide,cptac,D1_no_detected_evidence_or_insufficient_disclosure,D1_no_detected_evidence_or_insufficient_disclosure,True
beit3-L16,beit_3_l16,cptac_grade_cptac_pan_cancer_pan_cancer_diagnostic_tumor_grading_slide,cptac,D1_no_detected_evidence_or_insufficient_disclosure,D1_no_detected_evidence_or_insufficient_disclosure,True
Blip-B16-14M,blip_b16_14m,cptac_grade_cptac_pan_cancer_pan_cancer_diagnostic_tumor_grading_slide,cptac,D1_no_detected_evidence_or_insufficient_disclosure,D1_no_detected_evidence_or_insufficient_disclosure,True
Align-base,align_base,cptac_grade_cptac_pan_cancer_pan_cancer_diagnostic_tumor_grading_slide,cptac,D1_no_detected_evidence_or_insufficient_disclosure,D1_no_detected_evidence_or_insufficient_disclosure,True
cTranspath,ctranspath,tumor_label_cptac_pan_cancer_pan_cancer_diagnostic_histologic_subtyping_slide,cptac,D1_no_detected_evidence_or_insufficient_disclosure,D1_no_detected_evidence_or_insufficient_disclosure,True
GPFM,gpfm,tumor_label_cptac_pan_cancer_pan_cancer_diagnostic_histologic_subtyping_slide,cptac,D2_parent_repository_exposure,D2_parent_repository_exposure,True
mizero bioclinicalbert,mi_zero_clinicalbert,tumor_label_cptac_pan_cancer_pan_cancer_diagnostic_histologic_subtyping_slide,cptac,D1_no_detected_evidence_or_insufficient_disclosure,D1_no_detected_evidence_or_insufficient_disclosure,True
mizero pubmedbert,mi_zero_pubmedbert,tumor_label_cptac_pan_cancer_pan_cancer_diagnostic_histologic_subtyping_slide,cptac,D1_no_detected_evidence_or_insufficient_disclosure,D1_no_detected_evidence_or_insufficient_disclosure,True
beit3-L16,beit_3_l16,tumor_label_cptac_pan_cancer_pan_cancer_diagnostic_histologic_subtyping_slide,cptac,D1_no_detected_evidence_or_insufficient_disclosure,D1_no_detected_evidence_or_insufficient_disclosure,True
Blip-B16-14M,blip_b16_14m,tumor_label_cptac_pan_cancer_pan_cancer_diagnostic_histologic_subtyping_slide,cptac,D1_no_detected_evidence_or_insufficient_disclosure,D1_no_detected_evidence_or_insufficient_disclosure,True
Align-base,align_base,tumor_label_cptac_pan_cancer_pan_cancer_diagnostic_histologic_subtyping_slide,cptac,D1_no_detected_evidence_or_insufficient_disclosure,D1_no_detected_evidence_or_insufficient_disclosure,True
cTranspath,ctranspath,mtor_cptac_pan_cancer_pan_cancer_pathway_activation_status_prediction_slide,cptac,D1_no_detected_evidence_or_insufficient_disclosure,D1_no_detected_evidence_or_insufficient_disclosure,True
GPFM,gpfm,mtor_cptac_pan_cancer_pan_cancer_pathway_activation_status_prediction_slide,cptac,D2_parent_repository_exposure,D2_parent_repository_exposure,True
mizero bioclinicalbert,mi_zero_clinicalbert,mtor_cptac_pan_cancer_pan_cancer_pathway_activation_status_prediction_slide,cptac,D1_no_detected_evidence_or_insufficient_disclosure,D1_no_detected_evidence_or_insufficient_disclosure,True
mizero pubmedbert,mi_zero_pubmedbert,mtor_cptac_pan_cancer_pan_cancer_pathway_activation_status_prediction_slide,cptac,D1_no_detected_evidence_or_insufficient_disclosure,D1_no_detected_evidence_or_insufficient_disclosure,True
beit3-L16,beit_3_l16,mtor_cptac_pan_cancer_pan_cancer_pathway_activation_status_prediction_slide,cptac,D1_no_detected_evidence_or_insufficient_disclosure,D1_no_detected_evidence_or_insufficient_disclosure,True
Blip-B16-14M,blip_b16_14m,mtor_cptac_pan_cancer_pan_cancer_pathway_activation_status_prediction_slide,cptac,D1_no_detected_evidence_or_insufficient_disclosure,D1_no_detected_evidence_or_insufficient_disclosure,True
Align-base,align_base,mtor_cptac_pan_cancer_pan_cancer_pathway_activation_status_prediction_slide,cptac,D1_no_detected_evidence_or_insufficient_disclosure,D1_no_detected_evidence_or_insufficient_disclosure,True
cTranspath,ctranspath,p53_cptac_pan_cancer_pan_cancer_pathway_activation_status_prediction_slide,cptac,D1_no_detected_evidence_or_insufficient_disclosure,D1_no_detected_evidence_or_insufficient_disclosure,True
GPFM,gpfm,p53_cptac_pan_cancer_pan_cancer_pathway_activation_status_prediction_slide,cptac,D2_parent_repository_exposure,D2_parent_repository_exposure,True
mizero bioclinicalbert,mi_zero_clinicalbert,p53_cptac_pan_cancer_pan_cancer_pathway_activation_status_prediction_slide,cptac,D1_no_detected_evidence_or_insufficient_disclosure,D1_no_detected_evidence_or_insufficient_disclosure,True
mizero pubmedbert,mi_zero_pubmedbert,p53_cptac_pan_cancer_pan_cancer_pathway_activation_status_prediction_slide,cptac,D1_no_detected_evidence_or_insufficient_disclosure,D1_no_detected_evidence_or_insufficient_disclosure,True
beit3-L16,beit_3_l16,p53_cptac_pan_cancer_pan_cancer_pathway_activation_status_prediction_slide,cptac,D1_no_detected_evidence_or_insufficient_disclosure,D1_no_detected_evidence_or_insufficient_disclosure,True
Blip-B16-14M,blip_b16_14m,p53_cptac_pan_cancer_pan_cancer_pathway_activation_status_prediction_slide,cptac,D1_no_detected_evidence_or_insufficient_disclosure,D1_no_detected_evidence_or_insufficient_disclosure,True
Align-base,align_base,p53_cptac_pan_cancer_pan_cancer_pathway_activation_status_prediction_slide,cptac,D1_no_detected_evidence_or_insufficient_disclosure,D1_no_detected_evidence_or_insufficient_disclosure,True
cTranspath,ctranspath,swi_cptac_pan_cancer_pan_cancer_pathway_activation_status_prediction_slide,cptac,D1_no_detected_evidence_or_insufficient_disclosure,D1_no_detected_evidence_or_insufficient_disclosure,True
GPFM,gpfm,swi_cptac_pan_cancer_pan_cancer_pathway_activation_status_prediction_slide,cptac,D2_parent_repository_exposure,D2_parent_repository_exposure,True
mizero bioclinicalbert,mi_zero_clinicalbert,swi_cptac_pan_cancer_pan_cancer_pathway_activation_status_prediction_slide,cptac,D1_no_detected_evidence_or_insufficient_disclosure,D1_no_detected_evidence_or_insufficient_disclosure,True
mizero pubmedbert,mi_zero_pubmedbert,swi_cptac_pan_cancer_pan_cancer_pathway_activation_status_prediction_slide,cptac,D1_no_detected_evidence_or_insufficient_disclosure,D1_no_detected_evidence_or_insufficient_disclosure,True
beit3-L16,beit_3_l16,swi_cptac_pan_cancer_pan_cancer_pathway_activation_status_prediction_slide,cptac,D1_no_detected_evidence_or_insufficient_disclosure,D1_no_detected_evidence_or_insufficient_disclosure,True
Blip-B16-14M,blip_b16_14m,swi_cptac_pan_cancer_pan_cancer_pathway_activation_status_prediction_slide,cptac,D1_no_detected_evidence_or_insufficient_disclosure,D1_no_detected_evidence_or_insufficient_disclosure,True
Align-base,align_base,swi_cptac_pan_cancer_pan_cancer_pathway_activation_status_prediction_slide,cptac,D1_no_detected_evidence_or_insufficient_disclosure,D1_no_detected_evidence_or_insufficient_disclosure,True
cTranspath,ctranspath,er_status_tcga_brca_breast_biomarker_status_prediction_slide,tcga,D2_parent_repository_exposure,D2_parent_repository_exposure,True
GPFM,gpfm,er_status_tcga_brca_breast_biomarker_status_prediction_slide,tcga,D2_parent_repository_exposure,D2_parent_repository_exposure,True
mizero bioclinicalbert,mi_zero_clinicalbert,er_status_tcga_brca_breast_biomarker_status_prediction_slide,tcga,D2_parent_repository_exposure,D2_parent_repository_exposure,True
mizero pubmedbert,mi_zero_pubmedbert,er_status_tcga_brca_breast_biomarker_status_prediction_slide,tcga,D2_parent_repository_exposure,D2_parent_repository_exposure,True
beit3-L16,beit_3_l16,er_status_tcga_brca_breast_biomarker_status_prediction_slide,tcga,D1_no_detected_evidence_or_insufficient_disclosure,D1_no_detected_evidence_or_insufficient_disclosure,True
Blip-B16-14M,blip_b16_14m,er_status_tcga_brca_breast_biomarker_status_prediction_slide,tcga,D1_no_detected_evidence_or_insufficient_disclosure,D1_no_detected_evidence_or_insufficient_disclosure,True
Align-base,align_base,er_status_tcga_brca_breast_biomarker_status_prediction_slide,tcga,D1_no_detected_evidence_or_insufficient_disclosure,D1_no_detected_evidence_or_insufficient_disclosure,True
cTranspath,ctranspath,pam50_status_tcga_brca_breast_gene_expression_subtype_prediction_slide,tcga,D2_parent_repository_exposure,D2_parent_repository_exposure,True
GPFM,gpfm,pam50_status_tcga_brca_breast_gene_expression_subtype_prediction_slide,tcga,D2_parent_repository_exposure,D2_parent_repository_exposure,True
mizero bioclinicalbert,mi_zero_clinicalbert,pam50_status_tcga_brca_breast_gene_expression_subtype_prediction_slide,tcga,D2_parent_repository_exposure,D2_parent_repository_exposure,True
mizero pubmedbert,mi_zero_pubmedbert,pam50_status_tcga_brca_breast_gene_expression_subtype_prediction_slide,tcga,D2_parent_repository_exposure,D2_parent_repository_exposure,True
beit3-L16,beit_3_l16,pam50_status_tcga_brca_breast_gene_expression_subtype_prediction_slide,tcga,D1_no_detected_evidence_or_insufficient_disclosure,D1_no_detected_evidence_or_insufficient_disclosure,True
Blip-B16-14M,blip_b16_14m,pam50_status_tcga_brca_breast_gene_expression_subtype_prediction_slide,tcga,D1_no_detected_evidence_or_insufficient_disclosure,D1_no_detected_evidence_or_insufficient_disclosure,True
Align-base,align_base,pam50_status_tcga_brca_breast_gene_expression_subtype_prediction_slide,tcga,D1_no_detected_evidence_or_insufficient_disclosure,D1_no_detected_evidence_or_insufficient_disclosure,True
cTranspath,ctranspath,pr_status_tcga_brca_breast_biomarker_status_prediction_slide,tcga,D2_parent_repository_exposure,D2_parent_repository_exposure,True
GPFM,gpfm,pr_status_tcga_brca_breast_biomarker_status_prediction_slide,tcga,D2_parent_repository_exposure,D2_parent_repository_exposure,True
mizero bioclinicalbert,mi_zero_clinicalbert,pr_status_tcga_brca_breast_biomarker_status_prediction_slide,tcga,D2_parent_repository_exposure,D2_parent_repository_exposure,True
mizero pubmedbert,mi_zero_pubmedbert,pr_status_tcga_brca_breast_biomarker_status_prediction_slide,tcga,D2_parent_repository_exposure,D2_parent_repository_exposure,True
beit3-L16,beit_3_l16,pr_status_tcga_brca_breast_biomarker_status_prediction_slide,tcga,D1_no_detected_evidence_or_insufficient_disclosure,D1_no_detected_evidence_or_insufficient_disclosure,True
Blip-B16-14M,blip_b16_14m,pr_status_tcga_brca_breast_biomarker_status_prediction_slide,tcga,D1_no_detected_evidence_or_insufficient_disclosure,D1_no_detected_evidence_or_insufficient_disclosure,True
Align-base,align_base,pr_status_tcga_brca_breast_biomarker_status_prediction_slide,tcga,D1_no_detected_evidence_or_insufficient_disclosure,D1_no_detected_evidence_or_insufficient_disclosure,True
cTranspath,ctranspath,lung_hist_ood1_out_of_domain_lung_lung_diagnostic_histologic_subtyping_slide,stanford_lung,D1_no_detected_evidence_or_insufficient_disclosure,D1_no_detected_evidence_or_insufficient_disclosure,True
GPFM,gpfm,lung_hist_ood1_out_of_domain_lung_lung_diagnostic_histologic_subtyping_slide,stanford_lung,D1_no_detected_evidence_or_insufficient_disclosure,D1_no_detected_evidence_or_insufficient_disclosure,True
mizero bioclinicalbert,mi_zero_clinicalbert,lung_hist_ood1_out_of_domain_lung_lung_diagnostic_histologic_subtyping_slide,stanford_lung,D1_no_detected_evidence_or_insufficient_disclosure,D1_no_detected_evidence_or_insufficient_disclosure,True
mizero pubmedbert,mi_zero_pubmedbert,lung_hist_ood1_out_of_domain_lung_lung_diagnostic_histologic_subtyping_slide,stanford_lung,D1_no_detected_evidence_or_insufficient_disclosure,D1_no_detected_evidence_or_insufficient_disclosure,True
beit3-L16,beit_3_l16,lung_hist_ood1_out_of_domain_lung_lung_diagnostic_histologic_subtyping_slide,stanford_lung,D1_no_detected_evidence_or_insufficient_disclosure,D1_no_detected_evidence_or_insufficient_disclosure,True
Blip-B16-14M,blip_b16_14m,lung_hist_ood1_out_of_domain_lung_lung_diagnostic_histologic_subtyping_slide,stanford_lung,D1_no_detected_evidence_or_insufficient_disclosure,D1_no_detected_evidence_or_insufficient_disclosure,True
Align-base,align_base,lung_hist_ood1_out_of_domain_lung_lung_diagnostic_histologic_subtyping_slide,stanford_lung,D1_no_detected_evidence_or_insufficient_disclosure,D1_no_detected_evidence_or_insufficient_disclosure,True
cTranspath,ctranspath,lung_stage_ood_out_of_domain_lung_lung_diagnostic_tumor_staging_slide,stanford_lung,D1_no_detected_evidence_or_insufficient_disclosure,D1_no_detected_evidence_or_insufficient_disclosure,True
GPFM,gpfm,lung_stage_ood_out_of_domain_lung_lung_diagnostic_tumor_staging_slide,stanford_lung,D1_no_detected_evidence_or_insufficient_disclosure,D1_no_detected_evidence_or_insufficient_disclosure,True
mizero bioclinicalbert,mi_zero_clinicalbert,lung_stage_ood_out_of_domain_lung_lung_diagnostic_tumor_staging_slide,stanford_lung,D1_no_detected_evidence_or_insufficient_disclosure,D1_no_detected_evidence_or_insufficient_disclosure,True
mizero pubmedbert,mi_zero_pubmedbert,lung_stage_ood_out_of_domain_lung_lung_diagnostic_tumor_staging_slide,stanford_lung,D1_no_detected_evidence_or_insufficient_disclosure,D1_no_detected_evidence_or_insufficient_disclosure,True
beit3-L16,beit_3_l16,lung_stage_ood_out_of_domain_lung_lung_diagnostic_tumor_staging_slide,stanford_lung,D1_no_detected_evidence_or_insufficient_disclosure,D1_no_detected_evidence_or_insufficient_disclosure,True
Blip-B16-14M,blip_b16_14m,lung_stage_ood_out_of_domain_lung_lung_diagnostic_tumor_staging_slide,stanford_lung,D1_no_detected_evidence_or_insufficient_disclosure,D1_no_detected_evidence_or_insufficient_disclosure,True
Align-base,align_base,lung_stage_ood_out_of_domain_lung_lung_diagnostic_tumor_staging_slide,stanford_lung,D1_no_detected_evidence_or_insufficient_disclosure,D1_no_detected_evidence_or_insufficient_disclosure,True
cTranspath,ctranspath,brain_necrosis_out_of_domain_brain_brain_diagnostic_other_slide,stanford_gbm,D1_no_detected_evidence_or_insufficient_disclosure,D1_no_detected_evidence_or_insufficient_disclosure,True
GPFM,gpfm,brain_necrosis_out_of_domain_brain_brain_diagnostic_other_slide,stanford_gbm,D1_no_detected_evidence_or_insufficient_disclosure,D1_no_detected_evidence_or_insufficient_disclosure,True
mizero bioclinicalbert,mi_zero_clinicalbert,brain_necrosis_out_of_domain_brain_brain_diagnostic_other_slide,stanford_gbm,D1_no_detected_evidence_or_insufficient_disclosure,D1_no_detected_evidence_or_insufficient_disclosure,True
mizero pubmedbert,mi_zero_pubmedbert,brain_necrosis_out_of_domain_brain_brain_diagnostic_other_slide,stanford_gbm,D1_no_detected_evidence_or_insufficient_disclosure,D1_no_detected_evidence_or_insufficient_disclosure,True
beit3-L16,beit_3_l16,brain_necrosis_out_of_domain_brain_brain_diagnostic_other_slide,stanford_gbm,D1_no_detected_evidence_or_insufficient_disclosure,D1_no_detected_evidence_or_insufficient_disclosure,True
Blip-B16-14M,blip_b16_14m,brain_necrosis_out_of_domain_brain_brain_diagnostic_other_slide,stanford_gbm,D1_no_detected_evidence_or_insufficient_disclosure,D1_no_detected_evidence_or_insufficient_disclosure,True
Align-base,align_base,brain_necrosis_out_of_domain_brain_brain_diagnostic_other_slide,stanford_gbm,D1_no_detected_evidence_or_insufficient_disclosure,D1_no_detected_evidence_or_insufficient_disclosure,True
cTranspath,ctranspath,mgmt_ood_out_of_domain_brain_brain_biomarker_status_prediction_slide,stanford_gbm,D1_no_detected_evidence_or_insufficient_disclosure,D1_no_detected_evidence_or_insufficient_disclosure,True
GPFM,gpfm,mgmt_ood_out_of_domain_brain_brain_biomarker_status_prediction_slide,stanford_gbm,D1_no_detected_evidence_or_insufficient_disclosure,D1_no_detected_evidence_or_insufficient_disclosure,True
mizero bioclinicalbert,mi_zero_clinicalbert,mgmt_ood_out_of_domain_brain_brain_biomarker_status_prediction_slide,stanford_gbm,D1_no_detected_evidence_or_insufficient_disclosure,D1_no_detected_evidence_or_insufficient_disclosure,True
mizero pubmedbert,mi_zero_pubmedbert,mgmt_ood_out_of_domain_brain_brain_biomarker_status_prediction_slide,stanford_gbm,D1_no_detected_evidence_or_insufficient_disclosure,D1_no_detected_evidence_or_insufficient_disclosure,True
beit3-L16,beit_3_l16,mgmt_ood_out_of_domain_brain_brain_biomarker_status_prediction_slide,stanford_gbm,D1_no_detected_evidence_or_insufficient_disclosure,D1_no_detected_evidence_or_insufficient_disclosure,True
Blip-B16-14M,blip_b16_14m,mgmt_ood_out_of_domain_brain_brain_biomarker_status_prediction_slide,stanford_gbm,D1_no_detected_evidence_or_insufficient_disclosure,D1_no_detected_evidence_or_insufficient_disclosure,True
Align-base,align_base,mgmt_ood_out_of_domain_brain_brain_biomarker_status_prediction_slide,stanford_gbm,D1_no_detected_evidence_or_insufficient_disclosure,D1_no_detected_evidence_or_insufficient_disclosure,True
cTranspath,ctranspath,blca_hist_subtype_tcga_blca_bladder_diagnostic_histologic_subtyping_slide,tcga,D2_parent_repository_exposure,D2_parent_repository_exposure,True
GPFM,gpfm,blca_hist_subtype_tcga_blca_bladder_diagnostic_histologic_subtyping_slide,tcga,D2_parent_repository_exposure,D2_parent_repository_exposure,True
mizero bioclinicalbert,mi_zero_clinicalbert,blca_hist_subtype_tcga_blca_bladder_diagnostic_histologic_subtyping_slide,tcga,D2_parent_repository_exposure,D2_parent_repository_exposure,True
mizero pubmedbert,mi_zero_pubmedbert,blca_hist_subtype_tcga_blca_bladder_diagnostic_histologic_subtyping_slide,tcga,D2_parent_repository_exposure,D2_parent_repository_exposure,True
beit3-L16,beit_3_l16,blca_hist_subtype_tcga_blca_bladder_diagnostic_histologic_subtyping_slide,tcga,D1_no_detected_evidence_or_insufficient_disclosure,D1_no_detected_evidence_or_insufficient_disclosure,True
Blip-B16-14M,blip_b16_14m,blca_hist_subtype_tcga_blca_bladder_diagnostic_histologic_subtyping_slide,tcga,D1_no_detected_evidence_or_insufficient_disclosure,D1_no_detected_evidence_or_insufficient_disclosure,True
Align-base,align_base,blca_hist_subtype_tcga_blca_bladder_diagnostic_histologic_subtyping_slide,tcga,D1_no_detected_evidence_or_insufficient_disclosure,D1_no_detected_evidence_or_insufficient_disclosure,True
cTranspath,ctranspath,blca_mrna_cluster_tcga_blca_bladder_gene_expression_subtype_prediction_slide,tcga,D2_parent_repository_exposure,D2_parent_repository_exposure,True
GPFM,gpfm,blca_mrna_cluster_tcga_blca_bladder_gene_expression_subtype_prediction_slide,tcga,D2_parent_repository_exposure,D2_parent_repository_exposure,True
mizero bioclinicalbert,mi_zero_clinicalbert,blca_mrna_cluster_tcga_blca_bladder_gene_expression_subtype_prediction_slide,tcga,D2_parent_repository_exposure,D2_parent_repository_exposure,True
mizero pubmedbert,mi_zero_pubmedbert,blca_mrna_cluster_tcga_blca_bladder_gene_expression_subtype_prediction_slide,tcga,D2_parent_repository_exposure,D2_parent_repository_exposure,True
beit3-L16,beit_3_l16,blca_mrna_cluster_tcga_blca_bladder_gene_expression_subtype_prediction_slide,tcga,D1_no_detected_evidence_or_insufficient_disclosure,D1_no_detected_evidence_or_insufficient_disclosure,True
Blip-B16-14M,blip_b16_14m,blca_mrna_cluster_tcga_blca_bladder_gene_expression_subtype_prediction_slide,tcga,D1_no_detected_evidence_or_insufficient_disclosure,D1_no_detected_evidence_or_insufficient_disclosure,True
Align-base,align_base,blca_mrna_cluster_tcga_blca_bladder_gene_expression_subtype_prediction_slide,tcga,D1_no_detected_evidence_or_insufficient_disclosure,D1_no_detected_evidence_or_insufficient_disclosure,True
cTranspath,ctranspath,lung_grade_out_of_domain_lung_lung_diagnostic_tumor_grading_slide,nlst,D1_no_detected_evidence_or_insufficient_disclosure,D1_no_detected_evidence_or_insufficient_disclosure,True
GPFM,gpfm,lung_grade_out_of_domain_lung_lung_diagnostic_tumor_grading_slide,nlst,D1_no_detected_evidence_or_insufficient_disclosure,D1_no_detected_evidence_or_insufficient_disclosure,True
mizero bioclinicalbert,mi_zero_clinicalbert,lung_grade_out_of_domain_lung_lung_diagnostic_tumor_grading_slide,nlst,D1_no_detected_evidence_or_insufficient_disclosure,D1_no_detected_evidence_or_insufficient_disclosure,True
mizero pubmedbert,mi_zero_pubmedbert,lung_grade_out_of_domain_lung_lung_diagnostic_tumor_grading_slide,nlst,D1_no_detected_evidence_or_insufficient_disclosure,D1_no_detected_evidence_or_insufficient_disclosure,True
beit3-L16,beit_3_l16,lung_grade_out_of_domain_lung_lung_diagnostic_tumor_grading_slide,nlst,D1_no_detected_evidence_or_insufficient_disclosure,D1_no_detected_evidence_or_insufficient_disclosure,True
Blip-B16-14M,blip_b16_14m,lung_grade_out_of_domain_lung_lung_diagnostic_tumor_grading_slide,nlst,D1_no_detected_evidence_or_insufficient_disclosure,D1_no_detected_evidence_or_insufficient_disclosure,True
Align-base,align_base,lung_grade_out_of_domain_lung_lung_diagnostic_tumor_grading_slide,nlst,D1_no_detected_evidence_or_insufficient_disclosure,D1_no_detected_evidence_or_insufficient_disclosure,True
cTranspath,ctranspath,lung_stage_out_of_domain_lung_lung_diagnostic_tumor_staging_slide,nlst,D1_no_detected_evidence_or_insufficient_disclosure,D1_no_detected_evidence_or_insufficient_disclosure,True
GPFM,gpfm,lung_stage_out_of_domain_lung_lung_diagnostic_tumor_staging_slide,nlst,D1_no_detected_evidence_or_insufficient_disclosure,D1_no_detected_evidence_or_insufficient_disclosure,True
mizero bioclinicalbert,mi_zero_clinicalbert,lung_stage_out_of_domain_lung_lung_diagnostic_tumor_staging_slide,nlst,D1_no_detected_evidence_or_insufficient_disclosure,D1_no_detected_evidence_or_insufficient_disclosure,True
mizero pubmedbert,mi_zero_pubmedbert,lung_stage_out_of_domain_lung_lung_diagnostic_tumor_staging_slide,nlst,D1_no_detected_evidence_or_insufficient_disclosure,D1_no_detected_evidence_or_insufficient_disclosure,True
beit3-L16,beit_3_l16,lung_stage_out_of_domain_lung_lung_diagnostic_tumor_staging_slide,nlst,D1_no_detected_evidence_or_insufficient_disclosure,D1_no_detected_evidence_or_insufficient_disclosure,True
Blip-B16-14M,blip_b16_14m,lung_stage_out_of_domain_lung_lung_diagnostic_tumor_staging_slide,nlst,D1_no_detected_evidence_or_insufficient_disclosure,D1_no_detected_evidence_or_insufficient_disclosure,True
Align-base,align_base,lung_stage_out_of_domain_lung_lung_diagnostic_tumor_staging_slide,nlst,D1_no_detected_evidence_or_insufficient_disclosure,D1_no_detected_evidence_or_insufficient_disclosure,True
cTranspath,ctranspath,kidney_subtype_tcga_kirc_kirp_kich_kidney_diagnostic_histologic_subtyping_slide,tcga,D2_parent_repository_exposure,D2_parent_repository_exposure,True
GPFM,gpfm,kidney_subtype_tcga_kirc_kirp_kich_kidney_diagnostic_histologic_subtyping_slide,tcga,D2_parent_repository_exposure,D2_parent_repository_exposure,True
mizero bioclinicalbert,mi_zero_clinicalbert,kidney_subtype_tcga_kirc_kirp_kich_kidney_diagnostic_histologic_subtyping_slide,tcga,D2_parent_repository_exposure,D2_parent_repository_exposure,True
mizero pubmedbert,mi_zero_pubmedbert,kidney_subtype_tcga_kirc_kirp_kich_kidney_diagnostic_histologic_subtyping_slide,tcga,D2_parent_repository_exposure,D2_parent_repository_exposure,True
beit3-L16,beit_3_l16,kidney_subtype_tcga_kirc_kirp_kich_kidney_diagnostic_histologic_subtyping_slide,tcga,D1_no_detected_evidence_or_insufficient_disclosure,D1_no_detected_evidence_or_insufficient_disclosure,True
Blip-B16-14M,blip_b16_14m,kidney_subtype_tcga_kirc_kirp_kich_kidney_diagnostic_histologic_subtyping_slide,tcga,D1_no_detected_evidence_or_insufficient_disclosure,D1_no_detected_evidence_or_insufficient_disclosure,True
Align-base,align_base,kidney_subtype_tcga_kirc_kirp_kich_kidney_diagnostic_histologic_subtyping_slide,tcga,D1_no_detected_evidence_or_insufficient_disclosure,D1_no_detected_evidence_or_insufficient_disclosure,True
cTranspath,ctranspath,gi_subtype_tcga_gi_gi_biomarker_status_prediction_slide,tcga,D2_parent_repository_exposure,D2_parent_repository_exposure,True
GPFM,gpfm,gi_subtype_tcga_gi_gi_biomarker_status_prediction_slide,tcga,D2_parent_repository_exposure,D2_parent_repository_exposure,True
mizero bioclinicalbert,mi_zero_clinicalbert,gi_subtype_tcga_gi_gi_biomarker_status_prediction_slide,tcga,D2_parent_repository_exposure,D2_parent_repository_exposure,True
mizero pubmedbert,mi_zero_pubmedbert,gi_subtype_tcga_gi_gi_biomarker_status_prediction_slide,tcga,D2_parent_repository_exposure,D2_parent_repository_exposure,True
beit3-L16,beit_3_l16,gi_subtype_tcga_gi_gi_biomarker_status_prediction_slide,tcga,D1_no_detected_evidence_or_insufficient_disclosure,D1_no_detected_evidence_or_insufficient_disclosure,True
Blip-B16-14M,blip_b16_14m,gi_subtype_tcga_gi_gi_biomarker_status_prediction_slide,tcga,D1_no_detected_evidence_or_insufficient_disclosure,D1_no_detected_evidence_or_insufficient_disclosure,True
Align-base,align_base,gi_subtype_tcga_gi_gi_biomarker_status_prediction_slide,tcga,D1_no_detected_evidence_or_insufficient_disclosure,D1_no_detected_evidence_or_insufficient_disclosure,True
cTranspath,ctranspath,myc_tcga_pan_cancer_pan_cancer_pathway_activation_status_prediction_slide,tcga,D2_parent_repository_exposure,D2_parent_repository_exposure,True
GPFM,gpfm,myc_tcga_pan_cancer_pan_cancer_pathway_activation_status_prediction_slide,tcga,D2_parent_repository_exposure,D2_parent_repository_exposure,True
mizero bioclinicalbert,mi_zero_clinicalbert,myc_tcga_pan_cancer_pan_cancer_pathway_activation_status_prediction_slide,tcga,D2_parent_repository_exposure,D2_parent_repository_exposure,True
mizero pubmedbert,mi_zero_pubmedbert,myc_tcga_pan_cancer_pan_cancer_pathway_activation_status_prediction_slide,tcga,D2_parent_repository_exposure,D2_parent_repository_exposure,True
beit3-L16,beit_3_l16,myc_tcga_pan_cancer_pan_cancer_pathway_activation_status_prediction_slide,tcga,D1_no_detected_evidence_or_insufficient_disclosure,D1_no_detected_evidence_or_insufficient_disclosure,True
Blip-B16-14M,blip_b16_14m,myc_tcga_pan_cancer_pan_cancer_pathway_activation_status_prediction_slide,tcga,D1_no_detected_evidence_or_insufficient_disclosure,D1_no_detected_evidence_or_insufficient_disclosure,True
Align-base,align_base,myc_tcga_pan_cancer_pan_cancer_pathway_activation_status_prediction_slide,tcga,D1_no_detected_evidence_or_insufficient_disclosure,D1_no_detected_evidence_or_insufficient_disclosure,True
cTranspath,ctranspath,pi3k_tcga_pan_cancer_pan_cancer_pathway_activation_status_prediction_slide,tcga,D2_parent_repository_exposure,D2_parent_repository_exposure,True
GPFM,gpfm,pi3k_tcga_pan_cancer_pan_cancer_pathway_activation_status_prediction_slide,tcga,D2_parent_repository_exposure,D2_parent_repository_exposure,True
mizero bioclinicalbert,mi_zero_clinicalbert,pi3k_tcga_pan_cancer_pan_cancer_pathway_activation_status_prediction_slide,tcga,D2_parent_repository_exposure,D2_parent_repository_exposure,True
mizero pubmedbert,mi_zero_pubmedbert,pi3k_tcga_pan_cancer_pan_cancer_pathway_activation_status_prediction_slide,tcga,D2_parent_repository_exposure,D2_parent_repository_exposure,True
beit3-L16,beit_3_l16,pi3k_tcga_pan_cancer_pan_cancer_pathway_activation_status_prediction_slide,tcga,D1_no_detected_evidence_or_insufficient_disclosure,D1_no_detected_evidence_or_insufficient_disclosure,True
Blip-B16-14M,blip_b16_14m,pi3k_tcga_pan_cancer_pan_cancer_pathway_activation_status_prediction_slide,tcga,D1_no_detected_evidence_or_insufficient_disclosure,D1_no_detected_evidence_or_insufficient_disclosure,True
Align-base,align_base,pi3k_tcga_pan_cancer_pan_cancer_pathway_activation_status_prediction_slide,tcga,D1_no_detected_evidence_or_insufficient_disclosure,D1_no_detected_evidence_or_insufficient_disclosure,True
cTranspath,ctranspath,tcga_grade_tcga_pan_cancer_pan_cancer_diagnostic_tumor_grading_slide,tcga,D2_parent_repository_exposure,D2_parent_repository_exposure,True
GPFM,gpfm,tcga_grade_tcga_pan_cancer_pan_cancer_diagnostic_tumor_grading_slide,tcga,D2_parent_repository_exposure,D2_parent_repository_exposure,True
mizero bioclinicalbert,mi_zero_clinicalbert,tcga_grade_tcga_pan_cancer_pan_cancer_diagnostic_tumor_grading_slide,tcga,D2_parent_repository_exposure,D2_parent_repository_exposure,True
mizero pubmedbert,mi_zero_pubmedbert,tcga_grade_tcga_pan_cancer_pan_cancer_diagnostic_tumor_grading_slide,tcga,D2_parent_repository_exposure,D2_parent_repository_exposure,True
beit3-L16,beit_3_l16,tcga_grade_tcga_pan_cancer_pan_cancer_diagnostic_tumor_grading_slide,tcga,D1_no_detected_evidence_or_insufficient_disclosure,D1_no_detected_evidence_or_insufficient_disclosure,True
Blip-B16-14M,blip_b16_14m,tcga_grade_tcga_pan_cancer_pan_cancer_diagnostic_tumor_grading_slide,tcga,D1_no_detected_evidence_or_insufficient_disclosure,D1_no_detected_evidence_or_insufficient_disclosure,True
Align-base,align_base,tcga_grade_tcga_pan_cancer_pan_cancer_diagnostic_tumor_grading_slide,tcga,D1_no_detected_evidence_or_insufficient_disclosure,D1_no_detected_evidence_or_insufficient_disclosure,True
cTranspath,ctranspath,immunegroup_tcga_pan_cancer_pan_cancer_gene_expression_subtype_prediction_slide,tcga,D2_parent_repository_exposure,D2_parent_repository_exposure,True
GPFM,gpfm,immunegroup_tcga_pan_cancer_pan_cancer_gene_expression_subtype_prediction_slide,tcga,D2_parent_repository_exposure,D2_parent_repository_exposure,True
mizero bioclinicalbert,mi_zero_clinicalbert,immunegroup_tcga_pan_cancer_pan_cancer_gene_expression_subtype_prediction_slide,tcga,D2_parent_repository_exposure,D2_parent_repository_exposure,True
mizero pubmedbert,mi_zero_pubmedbert,immunegroup_tcga_pan_cancer_pan_cancer_gene_expression_subtype_prediction_slide,tcga,D2_parent_repository_exposure,D2_parent_repository_exposure,True
beit3-L16,beit_3_l16,immunegroup_tcga_pan_cancer_pan_cancer_gene_expression_subtype_prediction_slide,tcga,D1_no_detected_evidence_or_insufficient_disclosure,D1_no_detected_evidence_or_insufficient_disclosure,True
Blip-B16-14M,blip_b16_14m,immunegroup_tcga_pan_cancer_pan_cancer_gene_expression_subtype_prediction_slide,tcga,D1_no_detected_evidence_or_insufficient_disclosure,D1_no_detected_evidence_or_insufficient_disclosure,True
Align-base,align_base,immunegroup_tcga_pan_cancer_pan_cancer_gene_expression_subtype_prediction_slide,tcga,D1_no_detected_evidence_or_insufficient_disclosure,D1_no_detected_evidence_or_insufficient_disclosure,True
