model_label,task_id,dataset_group,auroc,auprc,source_row_type,model_id,canonical_evaluation_dataset_id,dataset_label_resolvable,exposure_scope,evidence_strength,independence_statement
Kaiko,lung_exp_subtype_tcga_lusc_luad_lung_gene_expression_subtype_prediction_slide,TCGA,0.855271057070945,0.6330143,published_benchmark_result,kaiko,tcga,Yes,D1_no_detected_evidence_or_insufficient_disclosure,D_incomplete_or_ambiguous_disclosure,No detected evidence; independence cannot be assumed.
Lunit,lung_exp_subtype_tcga_lusc_luad_lung_gene_expression_subtype_prediction_slide,TCGA,0.911013479040977,0.7614629,published_benchmark_result,lunit_dinosslpath,tcga,Yes,D3_exact_dataset_exposure,B_explicit_primary_source_statement,The named evaluation dataset is reported in model development; independence cannot be assumed.
Phikon,lung_exp_subtype_tcga_lusc_luad_lung_gene_expression_subtype_prediction_slide,TCGA,0.902568684499789,0.7494682,published_benchmark_result,phikon,tcga,Yes,D3_exact_dataset_exposure,B_explicit_primary_source_statement,The named evaluation dataset is reported in model development; independence cannot be assumed.
HIPT,lung_exp_subtype_tcga_lusc_luad_lung_gene_expression_subtype_prediction_slide,TCGA,0.823845621403782,0.5822791,published_benchmark_result,hipt,tcga,Yes,D3_exact_dataset_exposure,B_explicit_primary_source_statement,The named evaluation dataset is reported in model development; independence cannot be assumed.
iBot-B16,lung_exp_subtype_tcga_lusc_luad_lung_gene_expression_subtype_prediction_slide,TCGA,0.890411163088303,0.702238,published_benchmark_result,ibot_b16,tcga,Yes,D1_no_detected_evidence_or_insufficient_disclosure,D_incomplete_or_ambiguous_disclosure,No detected evidence; independence cannot be assumed.
iBot-L16,lung_exp_subtype_tcga_lusc_luad_lung_gene_expression_subtype_prediction_slide,TCGA,0.878183614174975,0.6842929,published_benchmark_result,ibot_l16,tcga,Yes,D1_no_detected_evidence_or_insufficient_disclosure,D_incomplete_or_ambiguous_disclosure,No detected evidence; independence cannot be assumed.
Dino-S16,lung_exp_subtype_tcga_lusc_luad_lung_gene_expression_subtype_prediction_slide,TCGA,0.881527557033785,0.6933322,published_benchmark_result,dino_s16,tcga,Yes,D1_no_detected_evidence_or_insufficient_disclosure,D_incomplete_or_ambiguous_disclosure,No detected evidence; independence cannot be assumed.
Dino-B16,lung_exp_subtype_tcga_lusc_luad_lung_gene_expression_subtype_prediction_slide,TCGA,0.898302530998594,0.7138621,published_benchmark_result,dino_b16,tcga,Yes,D1_no_detected_evidence_or_insufficient_disclosure,D_incomplete_or_ambiguous_disclosure,No detected evidence; independence cannot be assumed.
Kaiko,lusc_vs_luad_tcga_lusc_luad_lung_diagnostic_histologic_subtyping_slide,TCGA,0.92500418426613,0.925401950465886,published_benchmark_result,kaiko,tcga,Yes,D1_no_detected_evidence_or_insufficient_disclosure,D_incomplete_or_ambiguous_disclosure,No detected evidence; independence cannot be assumed.
Lunit,lusc_vs_luad_tcga_lusc_luad_lung_diagnostic_histologic_subtyping_slide,TCGA,0.941495340651813,0.943617344058828,published_benchmark_result,lunit_dinosslpath,tcga,Yes,D3_exact_dataset_exposure,B_explicit_primary_source_statement,The named evaluation dataset is reported in model development; independence cannot be assumed.
Phikon,lusc_vs_luad_tcga_lusc_luad_lung_diagnostic_histologic_subtyping_slide,TCGA,0.94072952799219,0.941862356707858,published_benchmark_result,phikon,tcga,Yes,D3_exact_dataset_exposure,B_explicit_primary_source_statement,The named evaluation dataset is reported in model development; independence cannot be assumed.
HIPT,lusc_vs_luad_tcga_lusc_luad_lung_diagnostic_histologic_subtyping_slide,TCGA,0.859516429953939,0.851377684936335,published_benchmark_result,hipt,tcga,Yes,D3_exact_dataset_exposure,B_explicit_primary_source_statement,The named evaluation dataset is reported in model development; independence cannot be assumed.
iBot-B16,lusc_vs_luad_tcga_lusc_luad_lung_diagnostic_histologic_subtyping_slide,TCGA,0.936436651679081,0.936905491206156,published_benchmark_result,ibot_b16,tcga,Yes,D1_no_detected_evidence_or_insufficient_disclosure,D_incomplete_or_ambiguous_disclosure,No detected evidence; independence cannot be assumed.
iBot-L16,lusc_vs_luad_tcga_lusc_luad_lung_diagnostic_histologic_subtyping_slide,TCGA,0.942766227034285,0.941930855093333,published_benchmark_result,ibot_l16,tcga,Yes,D1_no_detected_evidence_or_insufficient_disclosure,D_incomplete_or_ambiguous_disclosure,No detected evidence; independence cannot be assumed.
Dino-S16,lusc_vs_luad_tcga_lusc_luad_lung_diagnostic_histologic_subtyping_slide,TCGA,0.935254333827706,0.932312577613351,published_benchmark_result,dino_s16,tcga,Yes,D1_no_detected_evidence_or_insufficient_disclosure,D_incomplete_or_ambiguous_disclosure,No detected evidence; independence cannot be assumed.
Dino-B16,lusc_vs_luad_tcga_lusc_luad_lung_diagnostic_histologic_subtyping_slide,TCGA,0.930700251498296,0.935186758431582,published_benchmark_result,dino_b16,tcga,Yes,D1_no_detected_evidence_or_insufficient_disclosure,D_incomplete_or_ambiguous_disclosure,No detected evidence; independence cannot be assumed.
Kaiko,cptac_myc_cptac_pan_cancer_pan_cancer_pathway_activation_status_prediction_slide,CPTAC,0.846703176388909,0.803878747855785,published_benchmark_result,kaiko,cptac,Yes,D1_no_detected_evidence_or_insufficient_disclosure,D_incomplete_or_ambiguous_disclosure,No detected evidence; independence cannot be assumed.
Lunit,cptac_myc_cptac_pan_cancer_pan_cancer_pathway_activation_status_prediction_slide,CPTAC,0.80888906573975,0.770236157173352,published_benchmark_result,lunit_dinosslpath,cptac,Yes,D1_no_detected_evidence_or_insufficient_disclosure,D_incomplete_or_ambiguous_disclosure,No detected evidence; independence cannot be assumed.
Phikon,cptac_myc_cptac_pan_cancer_pan_cancer_pathway_activation_status_prediction_slide,CPTAC,0.87654397495827,0.871228133481601,published_benchmark_result,phikon,cptac,Yes,D1_no_detected_evidence_or_insufficient_disclosure,D_incomplete_or_ambiguous_disclosure,No detected evidence; independence cannot be assumed.
HIPT,cptac_myc_cptac_pan_cancer_pan_cancer_pathway_activation_status_prediction_slide,CPTAC,0.790055979322496,0.75588185262259,published_benchmark_result,hipt,cptac,Yes,D1_no_detected_evidence_or_insufficient_disclosure,D_incomplete_or_ambiguous_disclosure,No detected evidence; independence cannot be assumed.
iBot-B16,cptac_myc_cptac_pan_cancer_pan_cancer_pathway_activation_status_prediction_slide,CPTAC,0.840263554596989,0.806642430246175,published_benchmark_result,ibot_b16,cptac,Yes,D1_no_detected_evidence_or_insufficient_disclosure,D_incomplete_or_ambiguous_disclosure,No detected evidence; independence cannot be assumed.
iBot-L16,cptac_myc_cptac_pan_cancer_pan_cancer_pathway_activation_status_prediction_slide,CPTAC,0.817809802642285,0.79919032174063,published_benchmark_result,ibot_l16,cptac,Yes,D1_no_detected_evidence_or_insufficient_disclosure,D_incomplete_or_ambiguous_disclosure,No detected evidence; independence cannot be assumed.
Dino-S16,cptac_myc_cptac_pan_cancer_pan_cancer_pathway_activation_status_prediction_slide,CPTAC,0.820162199538658,0.80109080929658,published_benchmark_result,dino_s16,cptac,Yes,D1_no_detected_evidence_or_insufficient_disclosure,D_incomplete_or_ambiguous_disclosure,No detected evidence; independence cannot be assumed.
Dino-B16,cptac_myc_cptac_pan_cancer_pan_cancer_pathway_activation_status_prediction_slide,CPTAC,0.819572422026164,0.798793350755949,published_benchmark_result,dino_b16,cptac,Yes,D1_no_detected_evidence_or_insufficient_disclosure,D_incomplete_or_ambiguous_disclosure,No detected evidence; independence cannot be assumed.
Kaiko,chrom_cptac_pan_cancer_pan_cancer_pathway_activation_status_prediction_slide,CPTAC,0.798922577982501,0.763269700821244,published_benchmark_result,kaiko,cptac,Yes,D1_no_detected_evidence_or_insufficient_disclosure,D_incomplete_or_ambiguous_disclosure,No detected evidence; independence cannot be assumed.
Lunit,chrom_cptac_pan_cancer_pan_cancer_pathway_activation_status_prediction_slide,CPTAC,0.758787728733301,0.709287336370313,published_benchmark_result,lunit_dinosslpath,cptac,Yes,D1_no_detected_evidence_or_insufficient_disclosure,D_incomplete_or_ambiguous_disclosure,No detected evidence; independence cannot be assumed.
Phikon,chrom_cptac_pan_cancer_pan_cancer_pathway_activation_status_prediction_slide,CPTAC,0.807089435762204,0.79221818370043,published_benchmark_result,phikon,cptac,Yes,D1_no_detected_evidence_or_insufficient_disclosure,D_incomplete_or_ambiguous_disclosure,No detected evidence; independence cannot be assumed.
HIPT,chrom_cptac_pan_cancer_pan_cancer_pathway_activation_status_prediction_slide,CPTAC,0.757206914687218,0.745685141176073,published_benchmark_result,hipt,cptac,Yes,D1_no_detected_evidence_or_insufficient_disclosure,D_incomplete_or_ambiguous_disclosure,No detected evidence; independence cannot be assumed.
iBot-B16,chrom_cptac_pan_cancer_pan_cancer_pathway_activation_status_prediction_slide,CPTAC,0.757753231430082,0.737352747072799,published_benchmark_result,ibot_b16,cptac,Yes,D1_no_detected_evidence_or_insufficient_disclosure,D_incomplete_or_ambiguous_disclosure,No detected evidence; independence cannot be assumed.
iBot-L16,chrom_cptac_pan_cancer_pan_cancer_pathway_activation_status_prediction_slide,CPTAC,0.785842034364752,0.742328078976446,published_benchmark_result,ibot_l16,cptac,Yes,D1_no_detected_evidence_or_insufficient_disclosure,D_incomplete_or_ambiguous_disclosure,No detected evidence; independence cannot be assumed.
Dino-S16,chrom_cptac_pan_cancer_pan_cancer_pathway_activation_status_prediction_slide,CPTAC,0.775608593015797,0.770546327983364,published_benchmark_result,dino_s16,cptac,Yes,D1_no_detected_evidence_or_insufficient_disclosure,D_incomplete_or_ambiguous_disclosure,No detected evidence; independence cannot be assumed.
Dino-B16,chrom_cptac_pan_cancer_pan_cancer_pathway_activation_status_prediction_slide,CPTAC,0.793515515584095,0.768709450086127,published_benchmark_result,dino_b16,cptac,Yes,D1_no_detected_evidence_or_insufficient_disclosure,D_incomplete_or_ambiguous_disclosure,No detected evidence; independence cannot be assumed.
Kaiko,cptac_grade_cptac_pan_cancer_pan_cancer_diagnostic_tumor_grading_slide,CPTAC,0.735399444652158,0.5393674,published_benchmark_result,kaiko,cptac,Yes,D1_no_detected_evidence_or_insufficient_disclosure,D_incomplete_or_ambiguous_disclosure,No detected evidence; independence cannot be assumed.
Lunit,cptac_grade_cptac_pan_cancer_pan_cancer_diagnostic_tumor_grading_slide,CPTAC,0.7247796109943,0.5091879,published_benchmark_result,lunit_dinosslpath,cptac,Yes,D1_no_detected_evidence_or_insufficient_disclosure,D_incomplete_or_ambiguous_disclosure,No detected evidence; independence cannot be assumed.
Phikon,cptac_grade_cptac_pan_cancer_pan_cancer_diagnostic_tumor_grading_slide,CPTAC,0.742947847135103,0.5317753,published_benchmark_result,phikon,cptac,Yes,D1_no_detected_evidence_or_insufficient_disclosure,D_incomplete_or_ambiguous_disclosure,No detected evidence; independence cannot be assumed.
HIPT,cptac_grade_cptac_pan_cancer_pan_cancer_diagnostic_tumor_grading_slide,CPTAC,0.692973037374996,0.4786932,published_benchmark_result,hipt,cptac,Yes,D1_no_detected_evidence_or_insufficient_disclosure,D_incomplete_or_ambiguous_disclosure,No detected evidence; independence cannot be assumed.
iBot-B16,cptac_grade_cptac_pan_cancer_pan_cancer_diagnostic_tumor_grading_slide,CPTAC,0.733904716089471,0.5477082,published_benchmark_result,ibot_b16,cptac,Yes,D1_no_detected_evidence_or_insufficient_disclosure,D_incomplete_or_ambiguous_disclosure,No detected evidence; independence cannot be assumed.
iBot-L16,cptac_grade_cptac_pan_cancer_pan_cancer_diagnostic_tumor_grading_slide,CPTAC,0.720201337088397,0.5257171,published_benchmark_result,ibot_l16,cptac,Yes,D1_no_detected_evidence_or_insufficient_disclosure,D_incomplete_or_ambiguous_disclosure,No detected evidence; independence cannot be assumed.
Dino-S16,cptac_grade_cptac_pan_cancer_pan_cancer_diagnostic_tumor_grading_slide,CPTAC,0.758104047078851,0.595301,published_benchmark_result,dino_s16,cptac,Yes,D1_no_detected_evidence_or_insufficient_disclosure,D_incomplete_or_ambiguous_disclosure,No detected evidence; independence cannot be assumed.
Dino-B16,cptac_grade_cptac_pan_cancer_pan_cancer_diagnostic_tumor_grading_slide,CPTAC,0.73387616127253,0.5662532,published_benchmark_result,dino_b16,cptac,Yes,D1_no_detected_evidence_or_insufficient_disclosure,D_incomplete_or_ambiguous_disclosure,No detected evidence; independence cannot be assumed.
Kaiko,tumor_label_cptac_pan_cancer_pan_cancer_diagnostic_histologic_subtyping_slide,CPTAC,0.985272751175811,0.9359997,published_benchmark_result,kaiko,cptac,Yes,D1_no_detected_evidence_or_insufficient_disclosure,D_incomplete_or_ambiguous_disclosure,No detected evidence; independence cannot be assumed.
Lunit,tumor_label_cptac_pan_cancer_pan_cancer_diagnostic_histologic_subtyping_slide,CPTAC,0.98776812783684,0.9461109,published_benchmark_result,lunit_dinosslpath,cptac,Yes,D1_no_detected_evidence_or_insufficient_disclosure,D_incomplete_or_ambiguous_disclosure,No detected evidence; independence cannot be assumed.
Phikon,tumor_label_cptac_pan_cancer_pan_cancer_diagnostic_histologic_subtyping_slide,CPTAC,0.992542227146376,0.9635275,published_benchmark_result,phikon,cptac,Yes,D1_no_detected_evidence_or_insufficient_disclosure,D_incomplete_or_ambiguous_disclosure,No detected evidence; independence cannot be assumed.
HIPT,tumor_label_cptac_pan_cancer_pan_cancer_diagnostic_histologic_subtyping_slide,CPTAC,0.98037188175013,0.9094601,published_benchmark_result,hipt,cptac,Yes,D1_no_detected_evidence_or_insufficient_disclosure,D_incomplete_or_ambiguous_disclosure,No detected evidence; independence cannot be assumed.
iBot-B16,tumor_label_cptac_pan_cancer_pan_cancer_diagnostic_histologic_subtyping_slide,CPTAC,0.988038473050225,0.9463168,published_benchmark_result,ibot_b16,cptac,Yes,D1_no_detected_evidence_or_insufficient_disclosure,D_incomplete_or_ambiguous_disclosure,No detected evidence; independence cannot be assumed.
iBot-L16,tumor_label_cptac_pan_cancer_pan_cancer_diagnostic_histologic_subtyping_slide,CPTAC,0.987937878297576,0.9473177,published_benchmark_result,ibot_l16,cptac,Yes,D1_no_detected_evidence_or_insufficient_disclosure,D_incomplete_or_ambiguous_disclosure,No detected evidence; independence cannot be assumed.
Dino-S16,tumor_label_cptac_pan_cancer_pan_cancer_diagnostic_histologic_subtyping_slide,CPTAC,0.980281190109521,0.9213192,published_benchmark_result,dino_s16,cptac,Yes,D1_no_detected_evidence_or_insufficient_disclosure,D_incomplete_or_ambiguous_disclosure,No detected evidence; independence cannot be assumed.
Dino-B16,tumor_label_cptac_pan_cancer_pan_cancer_diagnostic_histologic_subtyping_slide,CPTAC,0.984946844458986,0.936907,published_benchmark_result,dino_b16,cptac,Yes,D1_no_detected_evidence_or_insufficient_disclosure,D_incomplete_or_ambiguous_disclosure,No detected evidence; independence cannot be assumed.
Kaiko,mtor_cptac_pan_cancer_pan_cancer_pathway_activation_status_prediction_slide,CPTAC,0.754268898573821,0.739438989440866,published_benchmark_result,kaiko,cptac,Yes,D1_no_detected_evidence_or_insufficient_disclosure,D_incomplete_or_ambiguous_disclosure,No detected evidence; independence cannot be assumed.
Lunit,mtor_cptac_pan_cancer_pan_cancer_pathway_activation_status_prediction_slide,CPTAC,0.733566497062332,0.707201864608007,published_benchmark_result,lunit_dinosslpath,cptac,Yes,D1_no_detected_evidence_or_insufficient_disclosure,D_incomplete_or_ambiguous_disclosure,No detected evidence; independence cannot be assumed.
Phikon,mtor_cptac_pan_cancer_pan_cancer_pathway_activation_status_prediction_slide,CPTAC,0.747376185855147,0.711893026542514,published_benchmark_result,phikon,cptac,Yes,D1_no_detected_evidence_or_insufficient_disclosure,D_incomplete_or_ambiguous_disclosure,No detected evidence; independence cannot be assumed.
HIPT,mtor_cptac_pan_cancer_pan_cancer_pathway_activation_status_prediction_slide,CPTAC,0.698822269389673,0.673989585375206,published_benchmark_result,hipt,cptac,Yes,D1_no_detected_evidence_or_insufficient_disclosure,D_incomplete_or_ambiguous_disclosure,No detected evidence; independence cannot be assumed.
iBot-B16,mtor_cptac_pan_cancer_pan_cancer_pathway_activation_status_prediction_slide,CPTAC,0.737334183308505,0.706408373777138,published_benchmark_result,ibot_b16,cptac,Yes,D1_no_detected_evidence_or_insufficient_disclosure,D_incomplete_or_ambiguous_disclosure,No detected evidence; independence cannot be assumed.
iBot-L16,mtor_cptac_pan_cancer_pan_cancer_pathway_activation_status_prediction_slide,CPTAC,0.753263786990637,0.733352315522566,published_benchmark_result,ibot_l16,cptac,Yes,D1_no_detected_evidence_or_insufficient_disclosure,D_incomplete_or_ambiguous_disclosure,No detected evidence; independence cannot be assumed.
Dino-S16,mtor_cptac_pan_cancer_pan_cancer_pathway_activation_status_prediction_slide,CPTAC,0.742836021413008,0.72580669784282,published_benchmark_result,dino_s16,cptac,Yes,D1_no_detected_evidence_or_insufficient_disclosure,D_incomplete_or_ambiguous_disclosure,No detected evidence; independence cannot be assumed.
Dino-B16,mtor_cptac_pan_cancer_pan_cancer_pathway_activation_status_prediction_slide,CPTAC,0.756832241740309,0.738074897340932,published_benchmark_result,dino_b16,cptac,Yes,D1_no_detected_evidence_or_insufficient_disclosure,D_incomplete_or_ambiguous_disclosure,No detected evidence; independence cannot be assumed.
Kaiko,p53_cptac_pan_cancer_pan_cancer_pathway_activation_status_prediction_slide,CPTAC,0.850175258347991,0.844972200404447,published_benchmark_result,kaiko,cptac,Yes,D1_no_detected_evidence_or_insufficient_disclosure,D_incomplete_or_ambiguous_disclosure,No detected evidence; independence cannot be assumed.
Lunit,p53_cptac_pan_cancer_pan_cancer_pathway_activation_status_prediction_slide,CPTAC,0.85285870000762,0.864036188080019,published_benchmark_result,lunit_dinosslpath,cptac,Yes,D1_no_detected_evidence_or_insufficient_disclosure,D_incomplete_or_ambiguous_disclosure,No detected evidence; independence cannot be assumed.
Phikon,p53_cptac_pan_cancer_pan_cancer_pathway_activation_status_prediction_slide,CPTAC,0.862554321084646,0.881738320736386,published_benchmark_result,phikon,cptac,Yes,D1_no_detected_evidence_or_insufficient_disclosure,D_incomplete_or_ambiguous_disclosure,No detected evidence; independence cannot be assumed.
HIPT,p53_cptac_pan_cancer_pan_cancer_pathway_activation_status_prediction_slide,CPTAC,0.84453828932866,0.845917954405759,published_benchmark_result,hipt,cptac,Yes,D1_no_detected_evidence_or_insufficient_disclosure,D_incomplete_or_ambiguous_disclosure,No detected evidence; independence cannot be assumed.
iBot-B16,p53_cptac_pan_cancer_pan_cancer_pathway_activation_status_prediction_slide,CPTAC,0.873774448007714,0.885039257775947,published_benchmark_result,ibot_b16,cptac,Yes,D1_no_detected_evidence_or_insufficient_disclosure,D_incomplete_or_ambiguous_disclosure,No detected evidence; independence cannot be assumed.
iBot-L16,p53_cptac_pan_cancer_pan_cancer_pathway_activation_status_prediction_slide,CPTAC,0.869621364454923,0.890682729004704,published_benchmark_result,ibot_l16,cptac,Yes,D1_no_detected_evidence_or_insufficient_disclosure,D_incomplete_or_ambiguous_disclosure,No detected evidence; independence cannot be assumed.
Dino-S16,p53_cptac_pan_cancer_pan_cancer_pathway_activation_status_prediction_slide,CPTAC,0.82970643934033,0.819345396943826,published_benchmark_result,dino_s16,cptac,Yes,D1_no_detected_evidence_or_insufficient_disclosure,D_incomplete_or_ambiguous_disclosure,No detected evidence; independence cannot be assumed.
Dino-B16,p53_cptac_pan_cancer_pan_cancer_pathway_activation_status_prediction_slide,CPTAC,0.865344957845004,0.876739462099866,published_benchmark_result,dino_b16,cptac,Yes,D1_no_detected_evidence_or_insufficient_disclosure,D_incomplete_or_ambiguous_disclosure,No detected evidence; independence cannot be assumed.
Kaiko,swi_cptac_pan_cancer_pan_cancer_pathway_activation_status_prediction_slide,CPTAC,0.760432155993631,0.758072224133762,published_benchmark_result,kaiko,cptac,Yes,D1_no_detected_evidence_or_insufficient_disclosure,D_incomplete_or_ambiguous_disclosure,No detected evidence; independence cannot be assumed.
Lunit,swi_cptac_pan_cancer_pan_cancer_pathway_activation_status_prediction_slide,CPTAC,0.73148785707505,0.734933992552197,published_benchmark_result,lunit_dinosslpath,cptac,Yes,D1_no_detected_evidence_or_insufficient_disclosure,D_incomplete_or_ambiguous_disclosure,No detected evidence; independence cannot be assumed.
Phikon,swi_cptac_pan_cancer_pan_cancer_pathway_activation_status_prediction_slide,CPTAC,0.761841428815987,0.723413130608141,published_benchmark_result,phikon,cptac,Yes,D1_no_detected_evidence_or_insufficient_disclosure,D_incomplete_or_ambiguous_disclosure,No detected evidence; independence cannot be assumed.
HIPT,swi_cptac_pan_cancer_pan_cancer_pathway_activation_status_prediction_slide,CPTAC,0.775804151564783,0.773259538065069,published_benchmark_result,hipt,cptac,Yes,D1_no_detected_evidence_or_insufficient_disclosure,D_incomplete_or_ambiguous_disclosure,No detected evidence; independence cannot be assumed.
iBot-B16,swi_cptac_pan_cancer_pan_cancer_pathway_activation_status_prediction_slide,CPTAC,0.777805607176857,0.754161544502118,published_benchmark_result,ibot_b16,cptac,Yes,D1_no_detected_evidence_or_insufficient_disclosure,D_incomplete_or_ambiguous_disclosure,No detected evidence; independence cannot be assumed.
iBot-L16,swi_cptac_pan_cancer_pan_cancer_pathway_activation_status_prediction_slide,CPTAC,0.787538217725018,0.777478552623908,published_benchmark_result,ibot_l16,cptac,Yes,D1_no_detected_evidence_or_insufficient_disclosure,D_incomplete_or_ambiguous_disclosure,No detected evidence; independence cannot be assumed.
Dino-S16,swi_cptac_pan_cancer_pan_cancer_pathway_activation_status_prediction_slide,CPTAC,0.780857397088829,0.753305698263304,published_benchmark_result,dino_s16,cptac,Yes,D1_no_detected_evidence_or_insufficient_disclosure,D_incomplete_or_ambiguous_disclosure,No detected evidence; independence cannot be assumed.
Dino-B16,swi_cptac_pan_cancer_pan_cancer_pathway_activation_status_prediction_slide,CPTAC,0.800864200819664,0.767943035654213,published_benchmark_result,dino_b16,cptac,Yes,D1_no_detected_evidence_or_insufficient_disclosure,D_incomplete_or_ambiguous_disclosure,No detected evidence; independence cannot be assumed.
Kaiko,gi_subtype_tcga_gi_gi_biomarker_status_prediction_slide,TCGA,0.663757184049088,0.5065897,published_benchmark_result,kaiko,tcga,Yes,D1_no_detected_evidence_or_insufficient_disclosure,D_incomplete_or_ambiguous_disclosure,No detected evidence; independence cannot be assumed.
Lunit,gi_subtype_tcga_gi_gi_biomarker_status_prediction_slide,TCGA,0.689464510287501,0.5372244,published_benchmark_result,lunit_dinosslpath,tcga,Yes,D3_exact_dataset_exposure,B_explicit_primary_source_statement,The named evaluation dataset is reported in model development; independence cannot be assumed.
Phikon,gi_subtype_tcga_gi_gi_biomarker_status_prediction_slide,TCGA,0.686332878768188,0.5396053,published_benchmark_result,phikon,tcga,Yes,D3_exact_dataset_exposure,B_explicit_primary_source_statement,The named evaluation dataset is reported in model development; independence cannot be assumed.
HIPT,gi_subtype_tcga_gi_gi_biomarker_status_prediction_slide,TCGA,0.621743244887379,0.4895666,published_benchmark_result,hipt,tcga,Yes,D3_exact_dataset_exposure,B_explicit_primary_source_statement,The named evaluation dataset is reported in model development; independence cannot be assumed.
iBot-B16,gi_subtype_tcga_gi_gi_biomarker_status_prediction_slide,TCGA,0.738239372817391,0.6017096,published_benchmark_result,ibot_b16,tcga,Yes,D1_no_detected_evidence_or_insufficient_disclosure,D_incomplete_or_ambiguous_disclosure,No detected evidence; independence cannot be assumed.
iBot-L16,gi_subtype_tcga_gi_gi_biomarker_status_prediction_slide,TCGA,0.74346766557701,0.6004404,published_benchmark_result,ibot_l16,tcga,Yes,D1_no_detected_evidence_or_insufficient_disclosure,D_incomplete_or_ambiguous_disclosure,No detected evidence; independence cannot be assumed.
Dino-S16,gi_subtype_tcga_gi_gi_biomarker_status_prediction_slide,TCGA,0.704127673567045,0.5559217,published_benchmark_result,dino_s16,tcga,Yes,D1_no_detected_evidence_or_insufficient_disclosure,D_incomplete_or_ambiguous_disclosure,No detected evidence; independence cannot be assumed.
Dino-B16,gi_subtype_tcga_gi_gi_biomarker_status_prediction_slide,TCGA,0.705692607505033,0.572848,published_benchmark_result,dino_b16,tcga,Yes,D1_no_detected_evidence_or_insufficient_disclosure,D_incomplete_or_ambiguous_disclosure,No detected evidence; independence cannot be assumed.
Kaiko,erg_status_tcga_prad_prostate_biomarker_status_prediction_slide,TCGA,0.746360104528922,0.739420131150472,published_benchmark_result,kaiko,tcga,Yes,D1_no_detected_evidence_or_insufficient_disclosure,D_incomplete_or_ambiguous_disclosure,No detected evidence; independence cannot be assumed.
Lunit,erg_status_tcga_prad_prostate_biomarker_status_prediction_slide,TCGA,0.783077658495465,0.797673312252723,published_benchmark_result,lunit_dinosslpath,tcga,Yes,D3_exact_dataset_exposure,B_explicit_primary_source_statement,The named evaluation dataset is reported in model development; independence cannot be assumed.
Phikon,erg_status_tcga_prad_prostate_biomarker_status_prediction_slide,TCGA,0.778270478431395,0.772927255326759,published_benchmark_result,phikon,tcga,Yes,D3_exact_dataset_exposure,B_explicit_primary_source_statement,The named evaluation dataset is reported in model development; independence cannot be assumed.
HIPT,erg_status_tcga_prad_prostate_biomarker_status_prediction_slide,TCGA,0.725227221125486,0.739830847159796,published_benchmark_result,hipt,tcga,Yes,D3_exact_dataset_exposure,B_explicit_primary_source_statement,The named evaluation dataset is reported in model development; independence cannot be assumed.
iBot-B16,erg_status_tcga_prad_prostate_biomarker_status_prediction_slide,TCGA,0.779994295462647,0.797331094398836,published_benchmark_result,ibot_b16,tcga,Yes,D1_no_detected_evidence_or_insufficient_disclosure,D_incomplete_or_ambiguous_disclosure,No detected evidence; independence cannot be assumed.
iBot-L16,erg_status_tcga_prad_prostate_biomarker_status_prediction_slide,TCGA,0.756592225609563,0.774638963412708,published_benchmark_result,ibot_l16,tcga,Yes,D1_no_detected_evidence_or_insufficient_disclosure,D_incomplete_or_ambiguous_disclosure,No detected evidence; independence cannot be assumed.
Dino-S16,erg_status_tcga_prad_prostate_biomarker_status_prediction_slide,TCGA,0.764522082420721,0.78594989189707,published_benchmark_result,dino_s16,tcga,Yes,D1_no_detected_evidence_or_insufficient_disclosure,D_incomplete_or_ambiguous_disclosure,No detected evidence; independence cannot be assumed.
Dino-B16,erg_status_tcga_prad_prostate_biomarker_status_prediction_slide,TCGA,0.776485183363578,0.800859346860494,published_benchmark_result,dino_b16,tcga,Yes,D1_no_detected_evidence_or_insufficient_disclosure,D_incomplete_or_ambiguous_disclosure,No detected evidence; independence cannot be assumed.
Kaiko,prad_mrna_cluster_tcga_prad_prostate_gene_expression_subtype_prediction_slide,TCGA,0.758975079620059,0.6268029,published_benchmark_result,kaiko,tcga,Yes,D1_no_detected_evidence_or_insufficient_disclosure,D_incomplete_or_ambiguous_disclosure,No detected evidence; independence cannot be assumed.
Lunit,prad_mrna_cluster_tcga_prad_prostate_gene_expression_subtype_prediction_slide,TCGA,0.781007245065867,0.6589336,published_benchmark_result,lunit_dinosslpath,tcga,Yes,D3_exact_dataset_exposure,B_explicit_primary_source_statement,The named evaluation dataset is reported in model development; independence cannot be assumed.
Phikon,prad_mrna_cluster_tcga_prad_prostate_gene_expression_subtype_prediction_slide,TCGA,0.507351986188017,0.3647748,published_benchmark_result,phikon,tcga,Yes,D3_exact_dataset_exposure,B_explicit_primary_source_statement,The named evaluation dataset is reported in model development; independence cannot be assumed.
HIPT,prad_mrna_cluster_tcga_prad_prostate_gene_expression_subtype_prediction_slide,TCGA,0.443182095931374,0.3232036,published_benchmark_result,hipt,tcga,Yes,D3_exact_dataset_exposure,B_explicit_primary_source_statement,The named evaluation dataset is reported in model development; independence cannot be assumed.
iBot-B16,prad_mrna_cluster_tcga_prad_prostate_gene_expression_subtype_prediction_slide,TCGA,0.501071123783866,0.3669119,published_benchmark_result,ibot_b16,tcga,Yes,D1_no_detected_evidence_or_insufficient_disclosure,D_incomplete_or_ambiguous_disclosure,No detected evidence; independence cannot be assumed.
iBot-L16,prad_mrna_cluster_tcga_prad_prostate_gene_expression_subtype_prediction_slide,TCGA,0.772280941893511,0.6489508,published_benchmark_result,ibot_l16,tcga,Yes,D1_no_detected_evidence_or_insufficient_disclosure,D_incomplete_or_ambiguous_disclosure,No detected evidence; independence cannot be assumed.
Dino-S16,prad_mrna_cluster_tcga_prad_prostate_gene_expression_subtype_prediction_slide,TCGA,0.562651466126577,0.4055643,published_benchmark_result,dino_s16,tcga,Yes,D1_no_detected_evidence_or_insufficient_disclosure,D_incomplete_or_ambiguous_disclosure,No detected evidence; independence cannot be assumed.
Dino-B16,prad_mrna_cluster_tcga_prad_prostate_gene_expression_subtype_prediction_slide,TCGA,0.530977544455055,0.3832812,published_benchmark_result,dino_b16,tcga,Yes,D1_no_detected_evidence_or_insufficient_disclosure,D_incomplete_or_ambiguous_disclosure,No detected evidence; independence cannot be assumed.
Kaiko,lung_hist_ood1_out_of_domain_lung_lung_diagnostic_histologic_subtyping_slide,Out of Domain,0.597793702131202,0.651480044641601,published_benchmark_result,kaiko,,No,D1_no_detected_evidence_or_insufficient_disclosure,D_incomplete_or_ambiguous_disclosure,Benchmark dataset label is too coarse or exposure evidence is incomplete; independence cannot be assumed.
Lunit,lung_hist_ood1_out_of_domain_lung_lung_diagnostic_histologic_subtyping_slide,Out of Domain,0.624847062088239,0.684711813321913,published_benchmark_result,lunit_dinosslpath,,No,D1_no_detected_evidence_or_insufficient_disclosure,D_incomplete_or_ambiguous_disclosure,Benchmark dataset label is too coarse or exposure evidence is incomplete; independence cannot be assumed.
Phikon,lung_hist_ood1_out_of_domain_lung_lung_diagnostic_histologic_subtyping_slide,Out of Domain,0.596976850926851,0.672780967326557,published_benchmark_result,phikon,,No,D1_no_detected_evidence_or_insufficient_disclosure,D_incomplete_or_ambiguous_disclosure,Benchmark dataset label is too coarse or exposure evidence is incomplete; independence cannot be assumed.
HIPT,lung_hist_ood1_out_of_domain_lung_lung_diagnostic_histologic_subtyping_slide,Out of Domain,0.677157992171228,0.696182023616014,published_benchmark_result,hipt,,No,D1_no_detected_evidence_or_insufficient_disclosure,D_incomplete_or_ambiguous_disclosure,Benchmark dataset label is too coarse or exposure evidence is incomplete; independence cannot be assumed.
iBot-B16,lung_hist_ood1_out_of_domain_lung_lung_diagnostic_histologic_subtyping_slide,Out of Domain,0.682764287265023,0.702738685366418,published_benchmark_result,ibot_b16,,No,D1_no_detected_evidence_or_insufficient_disclosure,D_incomplete_or_ambiguous_disclosure,Benchmark dataset label is too coarse or exposure evidence is incomplete; independence cannot be assumed.
iBot-L16,lung_hist_ood1_out_of_domain_lung_lung_diagnostic_histologic_subtyping_slide,Out of Domain,0.642703916916417,0.676730691243228,published_benchmark_result,ibot_l16,,No,D1_no_detected_evidence_or_insufficient_disclosure,D_incomplete_or_ambiguous_disclosure,Benchmark dataset label is too coarse or exposure evidence is incomplete; independence cannot be assumed.
Dino-S16,lung_hist_ood1_out_of_domain_lung_lung_diagnostic_histologic_subtyping_slide,Out of Domain,0.688025698892611,0.698394960483308,published_benchmark_result,dino_s16,,No,D1_no_detected_evidence_or_insufficient_disclosure,D_incomplete_or_ambiguous_disclosure,Benchmark dataset label is too coarse or exposure evidence is incomplete; independence cannot be assumed.
Dino-B16,lung_hist_ood1_out_of_domain_lung_lung_diagnostic_histologic_subtyping_slide,Out of Domain,0.699115651015651,0.711083275212597,published_benchmark_result,dino_b16,,No,D1_no_detected_evidence_or_insufficient_disclosure,D_incomplete_or_ambiguous_disclosure,Benchmark dataset label is too coarse or exposure evidence is incomplete; independence cannot be assumed.
Kaiko,lung_stage_ood_out_of_domain_lung_lung_diagnostic_tumor_staging_slide,Out of Domain,0.516389146971704,0.521746195238095,published_benchmark_result,kaiko,,No,D1_no_detected_evidence_or_insufficient_disclosure,D_incomplete_or_ambiguous_disclosure,Benchmark dataset label is too coarse or exposure evidence is incomplete; independence cannot be assumed.
Lunit,lung_stage_ood_out_of_domain_lung_lung_diagnostic_tumor_staging_slide,Out of Domain,0.602919717250191,0.589012374136321,published_benchmark_result,lunit_dinosslpath,,No,D1_no_detected_evidence_or_insufficient_disclosure,D_incomplete_or_ambiguous_disclosure,Benchmark dataset label is too coarse or exposure evidence is incomplete; independence cannot be assumed.
Phikon,lung_stage_ood_out_of_domain_lung_lung_diagnostic_tumor_staging_slide,Out of Domain,0.487213367735508,0.453768320701654,published_benchmark_result,phikon,,No,D1_no_detected_evidence_or_insufficient_disclosure,D_incomplete_or_ambiguous_disclosure,Benchmark dataset label is too coarse or exposure evidence is incomplete; independence cannot be assumed.
HIPT,lung_stage_ood_out_of_domain_lung_lung_diagnostic_tumor_staging_slide,Out of Domain,0.478508377201351,0.449605517784376,published_benchmark_result,hipt,,No,D1_no_detected_evidence_or_insufficient_disclosure,D_incomplete_or_ambiguous_disclosure,Benchmark dataset label is too coarse or exposure evidence is incomplete; independence cannot be assumed.
iBot-B16,lung_stage_ood_out_of_domain_lung_lung_diagnostic_tumor_staging_slide,Out of Domain,0.453184620692791,0.471025022226983,published_benchmark_result,ibot_b16,,No,D1_no_detected_evidence_or_insufficient_disclosure,D_incomplete_or_ambiguous_disclosure,Benchmark dataset label is too coarse or exposure evidence is incomplete; independence cannot be assumed.
iBot-L16,lung_stage_ood_out_of_domain_lung_lung_diagnostic_tumor_staging_slide,Out of Domain,0.603691685193891,0.547843343343343,published_benchmark_result,ibot_l16,,No,D1_no_detected_evidence_or_insufficient_disclosure,D_incomplete_or_ambiguous_disclosure,Benchmark dataset label is too coarse or exposure evidence is incomplete; independence cannot be assumed.
Dino-S16,lung_stage_ood_out_of_domain_lung_lung_diagnostic_tumor_staging_slide,Out of Domain,0.543379678798265,0.504979914285714,published_benchmark_result,dino_s16,,No,D1_no_detected_evidence_or_insufficient_disclosure,D_incomplete_or_ambiguous_disclosure,Benchmark dataset label is too coarse or exposure evidence is incomplete; independence cannot be assumed.
Dino-B16,lung_stage_ood_out_of_domain_lung_lung_diagnostic_tumor_staging_slide,Out of Domain,0.559830233804866,0.508347052639116,published_benchmark_result,dino_b16,,No,D1_no_detected_evidence_or_insufficient_disclosure,D_incomplete_or_ambiguous_disclosure,Benchmark dataset label is too coarse or exposure evidence is incomplete; independence cannot be assumed.
Kaiko,brain_necrosis_out_of_domain_brain_brain_diagnostic_other_slide,Out of Domain,0.687027118680227,0.714757141845674,published_benchmark_result,kaiko,,No,D1_no_detected_evidence_or_insufficient_disclosure,D_incomplete_or_ambiguous_disclosure,Benchmark dataset label is too coarse or exposure evidence is incomplete; independence cannot be assumed.
Lunit,brain_necrosis_out_of_domain_brain_brain_diagnostic_other_slide,Out of Domain,0.616188841869065,0.619545376128919,published_benchmark_result,lunit_dinosslpath,,No,D1_no_detected_evidence_or_insufficient_disclosure,D_incomplete_or_ambiguous_disclosure,Benchmark dataset label is too coarse or exposure evidence is incomplete; independence cannot be assumed.
Phikon,brain_necrosis_out_of_domain_brain_brain_diagnostic_other_slide,Out of Domain,0.660979133975718,0.699708253255252,published_benchmark_result,phikon,,No,D1_no_detected_evidence_or_insufficient_disclosure,D_incomplete_or_ambiguous_disclosure,Benchmark dataset label is too coarse or exposure evidence is incomplete; independence cannot be assumed.
HIPT,brain_necrosis_out_of_domain_brain_brain_diagnostic_other_slide,Out of Domain,0.617059039847483,0.670255218869908,published_benchmark_result,hipt,,No,D1_no_detected_evidence_or_insufficient_disclosure,D_incomplete_or_ambiguous_disclosure,Benchmark dataset label is too coarse or exposure evidence is incomplete; independence cannot be assumed.
iBot-B16,brain_necrosis_out_of_domain_brain_brain_diagnostic_other_slide,Out of Domain,0.627890334520559,0.649059415459463,published_benchmark_result,ibot_b16,,No,D1_no_detected_evidence_or_insufficient_disclosure,D_incomplete_or_ambiguous_disclosure,Benchmark dataset label is too coarse or exposure evidence is incomplete; independence cannot be assumed.
iBot-L16,brain_necrosis_out_of_domain_brain_brain_diagnostic_other_slide,Out of Domain,0.56362939282081,0.60585968608524,published_benchmark_result,ibot_l16,,No,D1_no_detected_evidence_or_insufficient_disclosure,D_incomplete_or_ambiguous_disclosure,Benchmark dataset label is too coarse or exposure evidence is incomplete; independence cannot be assumed.
Dino-S16,brain_necrosis_out_of_domain_brain_brain_diagnostic_other_slide,Out of Domain,0.655548530911495,0.66658793641506,published_benchmark_result,dino_s16,,No,D1_no_detected_evidence_or_insufficient_disclosure,D_incomplete_or_ambiguous_disclosure,Benchmark dataset label is too coarse or exposure evidence is incomplete; independence cannot be assumed.
Dino-B16,brain_necrosis_out_of_domain_brain_brain_diagnostic_other_slide,Out of Domain,0.651221083652682,0.65601116324278,published_benchmark_result,dino_b16,,No,D1_no_detected_evidence_or_insufficient_disclosure,D_incomplete_or_ambiguous_disclosure,Benchmark dataset label is too coarse or exposure evidence is incomplete; independence cannot be assumed.
Kaiko,mgmt_ood_out_of_domain_brain_brain_biomarker_status_prediction_slide,Out of Domain,0.472282701562246,0.524771189582203,published_benchmark_result,kaiko,,No,D1_no_detected_evidence_or_insufficient_disclosure,D_incomplete_or_ambiguous_disclosure,Benchmark dataset label is too coarse or exposure evidence is incomplete; independence cannot be assumed.
Lunit,mgmt_ood_out_of_domain_brain_brain_biomarker_status_prediction_slide,Out of Domain,0.419167709162743,0.466100259800884,published_benchmark_result,lunit_dinosslpath,,No,D1_no_detected_evidence_or_insufficient_disclosure,D_incomplete_or_ambiguous_disclosure,Benchmark dataset label is too coarse or exposure evidence is incomplete; independence cannot be assumed.
Phikon,mgmt_ood_out_of_domain_brain_brain_biomarker_status_prediction_slide,Out of Domain,0.496545068371265,0.548486246163174,published_benchmark_result,phikon,,No,D1_no_detected_evidence_or_insufficient_disclosure,D_incomplete_or_ambiguous_disclosure,Benchmark dataset label is too coarse or exposure evidence is incomplete; independence cannot be assumed.
HIPT,mgmt_ood_out_of_domain_brain_brain_biomarker_status_prediction_slide,Out of Domain,0.476987874213551,0.534392128975462,published_benchmark_result,hipt,,No,D1_no_detected_evidence_or_insufficient_disclosure,D_incomplete_or_ambiguous_disclosure,Benchmark dataset label is too coarse or exposure evidence is incomplete; independence cannot be assumed.
iBot-B16,mgmt_ood_out_of_domain_brain_brain_biomarker_status_prediction_slide,Out of Domain,0.530397956157788,0.535206002903643,published_benchmark_result,ibot_b16,,No,D1_no_detected_evidence_or_insufficient_disclosure,D_incomplete_or_ambiguous_disclosure,Benchmark dataset label is too coarse or exposure evidence is incomplete; independence cannot be assumed.
iBot-L16,mgmt_ood_out_of_domain_brain_brain_biomarker_status_prediction_slide,Out of Domain,0.534181401826924,0.581497644743171,published_benchmark_result,ibot_l16,,No,D1_no_detected_evidence_or_insufficient_disclosure,D_incomplete_or_ambiguous_disclosure,Benchmark dataset label is too coarse or exposure evidence is incomplete; independence cannot be assumed.
Dino-S16,mgmt_ood_out_of_domain_brain_brain_biomarker_status_prediction_slide,Out of Domain,0.599817433710529,0.683623716864496,published_benchmark_result,dino_s16,,No,D1_no_detected_evidence_or_insufficient_disclosure,D_incomplete_or_ambiguous_disclosure,Benchmark dataset label is too coarse or exposure evidence is incomplete; independence cannot be assumed.
Dino-B16,mgmt_ood_out_of_domain_brain_brain_biomarker_status_prediction_slide,Out of Domain,0.492109979380784,0.518711276307926,published_benchmark_result,dino_b16,,No,D1_no_detected_evidence_or_insufficient_disclosure,D_incomplete_or_ambiguous_disclosure,Benchmark dataset label is too coarse or exposure evidence is incomplete; independence cannot be assumed.
Kaiko,bach_external_benchmarking_cohort_brca_breast_diagnostic_primary_diagnosis_and_histologic_subtyping_patch,External_benchmarking_cohort,0.980371157277654,0.9587894,published_benchmark_result,kaiko,bach,Yes,D1_no_detected_evidence_or_insufficient_disclosure,D_incomplete_or_ambiguous_disclosure,No detected evidence; independence cannot be assumed.
Lunit,bach_external_benchmarking_cohort_brca_breast_diagnostic_primary_diagnosis_and_histologic_subtyping_patch,External_benchmarking_cohort,0.982957652507278,0.9594064,published_benchmark_result,lunit_dinosslpath,bach,Yes,D1_no_detected_evidence_or_insufficient_disclosure,D_incomplete_or_ambiguous_disclosure,No detected evidence; independence cannot be assumed.
Phikon,bach_external_benchmarking_cohort_brca_breast_diagnostic_primary_diagnosis_and_histologic_subtyping_patch,External_benchmarking_cohort,0.992090364545203,0.9797604,published_benchmark_result,phikon,bach,Yes,D1_no_detected_evidence_or_insufficient_disclosure,D_incomplete_or_ambiguous_disclosure,No detected evidence; independence cannot be assumed.
HIPT,bach_external_benchmarking_cohort_brca_breast_diagnostic_primary_diagnosis_and_histologic_subtyping_patch,External_benchmarking_cohort,0.891548596673268,0.7832945,published_benchmark_result,hipt,bach,Yes,D1_no_detected_evidence_or_insufficient_disclosure,D_incomplete_or_ambiguous_disclosure,No detected evidence; independence cannot be assumed.
iBot-B16,bach_external_benchmarking_cohort_brca_breast_diagnostic_primary_diagnosis_and_histologic_subtyping_patch,External_benchmarking_cohort,0.957626275575021,0.9101881,published_benchmark_result,ibot_b16,bach,Yes,D1_no_detected_evidence_or_insufficient_disclosure,D_incomplete_or_ambiguous_disclosure,No detected evidence; independence cannot be assumed.
iBot-L16,bach_external_benchmarking_cohort_brca_breast_diagnostic_primary_diagnosis_and_histologic_subtyping_patch,External_benchmarking_cohort,0.976876836094961,0.9430098,published_benchmark_result,ibot_l16,bach,Yes,D1_no_detected_evidence_or_insufficient_disclosure,D_incomplete_or_ambiguous_disclosure,No detected evidence; independence cannot be assumed.
Dino-S16,bach_external_benchmarking_cohort_brca_breast_diagnostic_primary_diagnosis_and_histologic_subtyping_patch,External_benchmarking_cohort,0.961647522417085,0.9191461,published_benchmark_result,dino_s16,bach,Yes,D1_no_detected_evidence_or_insufficient_disclosure,D_incomplete_or_ambiguous_disclosure,No detected evidence; independence cannot be assumed.
Dino-B16,bach_external_benchmarking_cohort_brca_breast_diagnostic_primary_diagnosis_and_histologic_subtyping_patch,External_benchmarking_cohort,0.950816211417731,0.9015699,published_benchmark_result,dino_b16,bach,Yes,D1_no_detected_evidence_or_insufficient_disclosure,D_incomplete_or_ambiguous_disclosure,No detected evidence; independence cannot be assumed.
Kaiko,bracs_external_benchmarking_cohort_brca_breast_diagnostic_primary_diagnosis_and_histologic_subtyping_patch,External_benchmarking_cohort,0.924841998137754,0.6996678,published_benchmark_result,kaiko,bracs,Yes,D1_no_detected_evidence_or_insufficient_disclosure,D_incomplete_or_ambiguous_disclosure,No detected evidence; independence cannot be assumed.
Lunit,bracs_external_benchmarking_cohort_brca_breast_diagnostic_primary_diagnosis_and_histologic_subtyping_patch,External_benchmarking_cohort,0.931795665027746,0.7210197,published_benchmark_result,lunit_dinosslpath,bracs,Yes,D1_no_detected_evidence_or_insufficient_disclosure,D_incomplete_or_ambiguous_disclosure,No detected evidence; independence cannot be assumed.
Phikon,bracs_external_benchmarking_cohort_brca_breast_diagnostic_primary_diagnosis_and_histologic_subtyping_patch,External_benchmarking_cohort,0.914750687937393,0.6910633,published_benchmark_result,phikon,bracs,Yes,D1_no_detected_evidence_or_insufficient_disclosure,D_incomplete_or_ambiguous_disclosure,No detected evidence; independence cannot be assumed.
HIPT,bracs_external_benchmarking_cohort_brca_breast_diagnostic_primary_diagnosis_and_histologic_subtyping_patch,External_benchmarking_cohort,0.855469182723919,0.5619719,published_benchmark_result,hipt,bracs,Yes,D1_no_detected_evidence_or_insufficient_disclosure,D_incomplete_or_ambiguous_disclosure,No detected evidence; independence cannot be assumed.
iBot-B16,bracs_external_benchmarking_cohort_brca_breast_diagnostic_primary_diagnosis_and_histologic_subtyping_patch,External_benchmarking_cohort,0.894136956767055,0.6528646,published_benchmark_result,ibot_b16,bracs,Yes,D1_no_detected_evidence_or_insufficient_disclosure,D_incomplete_or_ambiguous_disclosure,No detected evidence; independence cannot be assumed.
iBot-L16,bracs_external_benchmarking_cohort_brca_breast_diagnostic_primary_diagnosis_and_histologic_subtyping_patch,External_benchmarking_cohort,0.910141127674267,0.6912734,published_benchmark_result,ibot_l16,bracs,Yes,D1_no_detected_evidence_or_insufficient_disclosure,D_incomplete_or_ambiguous_disclosure,No detected evidence; independence cannot be assumed.
Dino-S16,bracs_external_benchmarking_cohort_brca_breast_diagnostic_primary_diagnosis_and_histologic_subtyping_patch,External_benchmarking_cohort,0.90967233233407,0.6973639,published_benchmark_result,dino_s16,bracs,Yes,D1_no_detected_evidence_or_insufficient_disclosure,D_incomplete_or_ambiguous_disclosure,No detected evidence; independence cannot be assumed.
Dino-B16,bracs_external_benchmarking_cohort_brca_breast_diagnostic_primary_diagnosis_and_histologic_subtyping_patch,External_benchmarking_cohort,0.911337822668376,0.6841157,published_benchmark_result,dino_b16,bracs,Yes,D1_no_detected_evidence_or_insufficient_disclosure,D_incomplete_or_ambiguous_disclosure,No detected evidence; independence cannot be assumed.
Kaiko,breakhis_external_benchmarking_cohort_brca_breast_diagnostic_primary_diagnosis_patch,External_benchmarking_cohort,0.9575327217484,0.975617897505626,published_benchmark_result,kaiko,breakhis,Yes,D1_no_detected_evidence_or_insufficient_disclosure,D_incomplete_or_ambiguous_disclosure,No detected evidence; independence cannot be assumed.
Lunit,breakhis_external_benchmarking_cohort_brca_breast_diagnostic_primary_diagnosis_patch,External_benchmarking_cohort,0.951922599636353,0.974288250984061,published_benchmark_result,lunit_dinosslpath,breakhis,Yes,D1_no_detected_evidence_or_insufficient_disclosure,D_incomplete_or_ambiguous_disclosure,No detected evidence; independence cannot be assumed.
Phikon,breakhis_external_benchmarking_cohort_brca_breast_diagnostic_primary_diagnosis_patch,External_benchmarking_cohort,0.965850433837495,0.980534745443279,published_benchmark_result,phikon,breakhis,Yes,D1_no_detected_evidence_or_insufficient_disclosure,D_incomplete_or_ambiguous_disclosure,No detected evidence; independence cannot be assumed.
HIPT,breakhis_external_benchmarking_cohort_brca_breast_diagnostic_primary_diagnosis_patch,External_benchmarking_cohort,0.923816882238374,0.949962990605858,published_benchmark_result,hipt,breakhis,Yes,D1_no_detected_evidence_or_insufficient_disclosure,D_incomplete_or_ambiguous_disclosure,No detected evidence; independence cannot be assumed.
iBot-B16,breakhis_external_benchmarking_cohort_brca_breast_diagnostic_primary_diagnosis_patch,External_benchmarking_cohort,0.942620210079618,0.964701672971903,published_benchmark_result,ibot_b16,breakhis,Yes,D1_no_detected_evidence_or_insufficient_disclosure,D_incomplete_or_ambiguous_disclosure,No detected evidence; independence cannot be assumed.
iBot-L16,breakhis_external_benchmarking_cohort_brca_breast_diagnostic_primary_diagnosis_patch,External_benchmarking_cohort,0.954672662380312,0.97463966571293,published_benchmark_result,ibot_l16,breakhis,Yes,D1_no_detected_evidence_or_insufficient_disclosure,D_incomplete_or_ambiguous_disclosure,No detected evidence; independence cannot be assumed.
Dino-S16,breakhis_external_benchmarking_cohort_brca_breast_diagnostic_primary_diagnosis_patch,External_benchmarking_cohort,0.941862779105299,0.965786100627226,published_benchmark_result,dino_s16,breakhis,Yes,D1_no_detected_evidence_or_insufficient_disclosure,D_incomplete_or_ambiguous_disclosure,No detected evidence; independence cannot be assumed.
Dino-B16,breakhis_external_benchmarking_cohort_brca_breast_diagnostic_primary_diagnosis_patch,External_benchmarking_cohort,0.950695276504818,0.9674291604338,published_benchmark_result,dino_b16,breakhis,Yes,D1_no_detected_evidence_or_insufficient_disclosure,D_incomplete_or_ambiguous_disclosure,No detected evidence; independence cannot be assumed.
Kaiko,lung_hist_ood2_out_of_domain_lung_lung_diagnostic_histologic_subtyping_slide,Out of Domain,0.858269642949184,0.7376458,published_benchmark_result,kaiko,,No,D1_no_detected_evidence_or_insufficient_disclosure,D_incomplete_or_ambiguous_disclosure,Benchmark dataset label is too coarse or exposure evidence is incomplete; independence cannot be assumed.
Lunit,lung_hist_ood2_out_of_domain_lung_lung_diagnostic_histologic_subtyping_slide,Out of Domain,0.819152919698232,0.6733354,published_benchmark_result,lunit_dinosslpath,,No,D1_no_detected_evidence_or_insufficient_disclosure,D_incomplete_or_ambiguous_disclosure,Benchmark dataset label is too coarse or exposure evidence is incomplete; independence cannot be assumed.
Phikon,lung_hist_ood2_out_of_domain_lung_lung_diagnostic_histologic_subtyping_slide,Out of Domain,0.811615145714025,0.667911211211211,published_benchmark_result,phikon,,No,D1_no_detected_evidence_or_insufficient_disclosure,D_incomplete_or_ambiguous_disclosure,Benchmark dataset label is too coarse or exposure evidence is incomplete; independence cannot be assumed.
HIPT,lung_hist_ood2_out_of_domain_lung_lung_diagnostic_histologic_subtyping_slide,Out of Domain,0.889580750695569,0.8036721,published_benchmark_result,hipt,,No,D1_no_detected_evidence_or_insufficient_disclosure,D_incomplete_or_ambiguous_disclosure,Benchmark dataset label is too coarse or exposure evidence is incomplete; independence cannot be assumed.
iBot-B16,lung_hist_ood2_out_of_domain_lung_lung_diagnostic_histologic_subtyping_slide,Out of Domain,0.882179618002157,0.76986503006012,published_benchmark_result,ibot_b16,,No,D1_no_detected_evidence_or_insufficient_disclosure,D_incomplete_or_ambiguous_disclosure,Benchmark dataset label is too coarse or exposure evidence is incomplete; independence cannot be assumed.
iBot-L16,lung_hist_ood2_out_of_domain_lung_lung_diagnostic_histologic_subtyping_slide,Out of Domain,0.865349766938673,0.7386504,published_benchmark_result,ibot_l16,,No,D1_no_detected_evidence_or_insufficient_disclosure,D_incomplete_or_ambiguous_disclosure,Benchmark dataset label is too coarse or exposure evidence is incomplete; independence cannot be assumed.
Dino-S16,lung_hist_ood2_out_of_domain_lung_lung_diagnostic_histologic_subtyping_slide,Out of Domain,0.859438761637192,0.7426017,published_benchmark_result,dino_s16,,No,D1_no_detected_evidence_or_insufficient_disclosure,D_incomplete_or_ambiguous_disclosure,Benchmark dataset label is too coarse or exposure evidence is incomplete; independence cannot be assumed.
Dino-B16,lung_hist_ood2_out_of_domain_lung_lung_diagnostic_histologic_subtyping_slide,Out of Domain,0.86245555083342,0.742228428428429,published_benchmark_result,dino_b16,,No,D1_no_detected_evidence_or_insufficient_disclosure,D_incomplete_or_ambiguous_disclosure,Benchmark dataset label is too coarse or exposure evidence is incomplete; independence cannot be assumed.
Kaiko,lc25000_external_benchmarking_cohort_pan_cancer_pan_cancer_diagnostic_primary_diagnosis_and_histologic_subtyping_patch,External_benchmarking_cohort,0.99997997897097,0.9999144,published_benchmark_result,kaiko,lc25000,Yes,D1_no_detected_evidence_or_insufficient_disclosure,D_incomplete_or_ambiguous_disclosure,No detected evidence; independence cannot be assumed.
Lunit,lc25000_external_benchmarking_cohort_pan_cancer_pan_cancer_diagnostic_primary_diagnosis_and_histologic_subtyping_patch,External_benchmarking_cohort,0.999983787969808,0.9999281,published_benchmark_result,lunit_dinosslpath,lc25000,Yes,D1_no_detected_evidence_or_insufficient_disclosure,D_incomplete_or_ambiguous_disclosure,No detected evidence; independence cannot be assumed.
Phikon,lc25000_external_benchmarking_cohort_pan_cancer_pan_cancer_diagnostic_primary_diagnosis_and_histologic_subtyping_patch,External_benchmarking_cohort,0.999999729203825,1,published_benchmark_result,phikon,lc25000,Yes,D1_no_detected_evidence_or_insufficient_disclosure,D_incomplete_or_ambiguous_disclosure,No detected evidence; independence cannot be assumed.
HIPT,lc25000_external_benchmarking_cohort_pan_cancer_pan_cancer_diagnostic_primary_diagnosis_and_histologic_subtyping_patch,External_benchmarking_cohort,0.999058899244386,0.9963452,published_benchmark_result,hipt,lc25000,Yes,D1_no_detected_evidence_or_insufficient_disclosure,D_incomplete_or_ambiguous_disclosure,No detected evidence; independence cannot be assumed.
iBot-B16,lc25000_external_benchmarking_cohort_pan_cancer_pan_cancer_diagnostic_primary_diagnosis_and_histologic_subtyping_patch,External_benchmarking_cohort,0.999879578426397,0.9995257,published_benchmark_result,ibot_b16,lc25000,Yes,D1_no_detected_evidence_or_insufficient_disclosure,D_incomplete_or_ambiguous_disclosure,No detected evidence; independence cannot be assumed.
iBot-L16,lc25000_external_benchmarking_cohort_pan_cancer_pan_cancer_diagnostic_primary_diagnosis_and_histologic_subtyping_patch,External_benchmarking_cohort,0.99997794980329,0.9999065,published_benchmark_result,ibot_l16,lc25000,Yes,D1_no_detected_evidence_or_insufficient_disclosure,D_incomplete_or_ambiguous_disclosure,No detected evidence; independence cannot be assumed.
Dino-S16,lc25000_external_benchmarking_cohort_pan_cancer_pan_cancer_diagnostic_primary_diagnosis_and_histologic_subtyping_patch,External_benchmarking_cohort,0.999958213663723,0.9998351,published_benchmark_result,dino_s16,lc25000,Yes,D1_no_detected_evidence_or_insufficient_disclosure,D_incomplete_or_ambiguous_disclosure,No detected evidence; independence cannot be assumed.
Dino-B16,lc25000_external_benchmarking_cohort_pan_cancer_pan_cancer_diagnostic_primary_diagnosis_and_histologic_subtyping_patch,External_benchmarking_cohort,0.999960804077556,0.9998461,published_benchmark_result,dino_b16,lc25000,Yes,D1_no_detected_evidence_or_insufficient_disclosure,D_incomplete_or_ambiguous_disclosure,No detected evidence; independence cannot be assumed.
Kaiko,mhist_external_benchmarking_cohort_coad_colon_diagnostic_histologic_subtyping_patch,External_benchmarking_cohort,0.848889332385287,0.750253872596903,published_benchmark_result,kaiko,mhist,Yes,D1_no_detected_evidence_or_insufficient_disclosure,D_incomplete_or_ambiguous_disclosure,No detected evidence; independence cannot be assumed.
Lunit,mhist_external_benchmarking_cohort_coad_colon_diagnostic_histologic_subtyping_patch,External_benchmarking_cohort,0.849709826157353,0.736166785753869,published_benchmark_result,lunit_dinosslpath,mhist,Yes,D1_no_detected_evidence_or_insufficient_disclosure,D_incomplete_or_ambiguous_disclosure,No detected evidence; independence cannot be assumed.
Phikon,mhist_external_benchmarking_cohort_coad_colon_diagnostic_histologic_subtyping_patch,External_benchmarking_cohort,0.85820240708299,0.741247627641551,published_benchmark_result,phikon,mhist,Yes,D1_no_detected_evidence_or_insufficient_disclosure,D_incomplete_or_ambiguous_disclosure,No detected evidence; independence cannot be assumed.
HIPT,mhist_external_benchmarking_cohort_coad_colon_diagnostic_histologic_subtyping_patch,External_benchmarking_cohort,0.826613410007499,0.705913488167313,published_benchmark_result,hipt,mhist,Yes,D1_no_detected_evidence_or_insufficient_disclosure,D_incomplete_or_ambiguous_disclosure,No detected evidence; independence cannot be assumed.
iBot-B16,mhist_external_benchmarking_cohort_coad_colon_diagnostic_histologic_subtyping_patch,External_benchmarking_cohort,0.925057825775247,0.871740538524262,published_benchmark_result,ibot_b16,mhist,Yes,D1_no_detected_evidence_or_insufficient_disclosure,D_incomplete_or_ambiguous_disclosure,No detected evidence; independence cannot be assumed.
iBot-L16,mhist_external_benchmarking_cohort_coad_colon_diagnostic_histologic_subtyping_patch,External_benchmarking_cohort,0.922751720914411,0.865523648371186,published_benchmark_result,ibot_l16,mhist,Yes,D1_no_detected_evidence_or_insufficient_disclosure,D_incomplete_or_ambiguous_disclosure,No detected evidence; independence cannot be assumed.
Dino-S16,mhist_external_benchmarking_cohort_coad_colon_diagnostic_histologic_subtyping_patch,External_benchmarking_cohort,0.905317132923372,0.84150085187369,published_benchmark_result,dino_s16,mhist,Yes,D1_no_detected_evidence_or_insufficient_disclosure,D_incomplete_or_ambiguous_disclosure,No detected evidence; independence cannot be assumed.
Dino-B16,mhist_external_benchmarking_cohort_coad_colon_diagnostic_histologic_subtyping_patch,External_benchmarking_cohort,0.908902791113166,0.837062874838064,published_benchmark_result,dino_b16,mhist,Yes,D1_no_detected_evidence_or_insufficient_disclosure,D_incomplete_or_ambiguous_disclosure,No detected evidence; independence cannot be assumed.
Kaiko,nct_crc_he_external_benchmarking_cohort_coad_colon_diagnostic_tissue_type_classification_patch,External_benchmarking_cohort,0.994950808719705,0.972171,published_benchmark_result,kaiko,nct_crc_he_100k,Yes,D1_no_detected_evidence_or_insufficient_disclosure,D_incomplete_or_ambiguous_disclosure,No detected evidence; independence cannot be assumed.
Lunit,nct_crc_he_external_benchmarking_cohort_coad_colon_diagnostic_tissue_type_classification_patch,External_benchmarking_cohort,0.997718566290394,0.9781051,published_benchmark_result,lunit_dinosslpath,nct_crc_he_100k,Yes,D1_no_detected_evidence_or_insufficient_disclosure,D_incomplete_or_ambiguous_disclosure,No detected evidence; independence cannot be assumed.
Phikon,nct_crc_he_external_benchmarking_cohort_coad_colon_diagnostic_tissue_type_classification_patch,External_benchmarking_cohort,0.993749916717314,0.960766,published_benchmark_result,phikon,nct_crc_he_100k,Yes,D1_no_detected_evidence_or_insufficient_disclosure,D_incomplete_or_ambiguous_disclosure,No detected evidence; independence cannot be assumed.
HIPT,nct_crc_he_external_benchmarking_cohort_coad_colon_diagnostic_tissue_type_classification_patch,External_benchmarking_cohort,0.993516032820024,0.9400805,published_benchmark_result,hipt,nct_crc_he_100k,Yes,D1_no_detected_evidence_or_insufficient_disclosure,D_incomplete_or_ambiguous_disclosure,No detected evidence; independence cannot be assumed.
iBot-B16,nct_crc_he_external_benchmarking_cohort_coad_colon_diagnostic_tissue_type_classification_patch,External_benchmarking_cohort,0.996903528287337,0.9723498,published_benchmark_result,ibot_b16,nct_crc_he_100k,Yes,D1_no_detected_evidence_or_insufficient_disclosure,D_incomplete_or_ambiguous_disclosure,No detected evidence; independence cannot be assumed.
iBot-L16,nct_crc_he_external_benchmarking_cohort_coad_colon_diagnostic_tissue_type_classification_patch,External_benchmarking_cohort,0.997056042798306,0.9692913,published_benchmark_result,ibot_l16,nct_crc_he_100k,Yes,D1_no_detected_evidence_or_insufficient_disclosure,D_incomplete_or_ambiguous_disclosure,No detected evidence; independence cannot be assumed.
Dino-S16,nct_crc_he_external_benchmarking_cohort_coad_colon_diagnostic_tissue_type_classification_patch,External_benchmarking_cohort,0.99508756430228,0.9506813,published_benchmark_result,dino_s16,nct_crc_he_100k,Yes,D1_no_detected_evidence_or_insufficient_disclosure,D_incomplete_or_ambiguous_disclosure,No detected evidence; independence cannot be assumed.
Dino-B16,nct_crc_he_external_benchmarking_cohort_coad_colon_diagnostic_tissue_type_classification_patch,External_benchmarking_cohort,0.996917475595588,0.9732179,published_benchmark_result,dino_b16,nct_crc_he_100k,Yes,D1_no_detected_evidence_or_insufficient_disclosure,D_incomplete_or_ambiguous_disclosure,No detected evidence; independence cannot be assumed.
Kaiko,sicapv2_external_benchmarking_cohort_prad_prostate_diagnostic_primary_diagnosis_and_tumor_grading_patch,External_benchmarking_cohort,0.923333364269263,0.7927457,published_benchmark_result,kaiko,sicapv2,Yes,D1_no_detected_evidence_or_insufficient_disclosure,D_incomplete_or_ambiguous_disclosure,No detected evidence; independence cannot be assumed.
Lunit,sicapv2_external_benchmarking_cohort_prad_prostate_diagnostic_primary_diagnosis_and_tumor_grading_patch,External_benchmarking_cohort,0.934530868921933,0.8210853,published_benchmark_result,lunit_dinosslpath,sicapv2,Yes,D1_no_detected_evidence_or_insufficient_disclosure,D_incomplete_or_ambiguous_disclosure,No detected evidence; independence cannot be assumed.
Phikon,sicapv2_external_benchmarking_cohort_prad_prostate_diagnostic_primary_diagnosis_and_tumor_grading_patch,External_benchmarking_cohort,0.908490650995978,0.7647884,published_benchmark_result,phikon,sicapv2,Yes,D1_no_detected_evidence_or_insufficient_disclosure,D_incomplete_or_ambiguous_disclosure,No detected evidence; independence cannot be assumed.
HIPT,sicapv2_external_benchmarking_cohort_prad_prostate_diagnostic_primary_diagnosis_and_tumor_grading_patch,External_benchmarking_cohort,0.846097514242154,0.6411499,published_benchmark_result,hipt,sicapv2,Yes,D1_no_detected_evidence_or_insufficient_disclosure,D_incomplete_or_ambiguous_disclosure,No detected evidence; independence cannot be assumed.
iBot-B16,sicapv2_external_benchmarking_cohort_prad_prostate_diagnostic_primary_diagnosis_and_tumor_grading_patch,External_benchmarking_cohort,0.915832599141397,0.7628072,published_benchmark_result,ibot_b16,sicapv2,Yes,D1_no_detected_evidence_or_insufficient_disclosure,D_incomplete_or_ambiguous_disclosure,No detected evidence; independence cannot be assumed.
iBot-L16,sicapv2_external_benchmarking_cohort_prad_prostate_diagnostic_primary_diagnosis_and_tumor_grading_patch,External_benchmarking_cohort,0.921520877264446,0.7802873,published_benchmark_result,ibot_l16,sicapv2,Yes,D1_no_detected_evidence_or_insufficient_disclosure,D_incomplete_or_ambiguous_disclosure,No detected evidence; independence cannot be assumed.
Dino-S16,sicapv2_external_benchmarking_cohort_prad_prostate_diagnostic_primary_diagnosis_and_tumor_grading_patch,External_benchmarking_cohort,0.898883725812542,0.7160051,published_benchmark_result,dino_s16,sicapv2,Yes,D1_no_detected_evidence_or_insufficient_disclosure,D_incomplete_or_ambiguous_disclosure,No detected evidence; independence cannot be assumed.
Dino-B16,sicapv2_external_benchmarking_cohort_prad_prostate_diagnostic_primary_diagnosis_and_tumor_grading_patch,External_benchmarking_cohort,0.904038211345571,0.7364412,published_benchmark_result,dino_b16,sicapv2,Yes,D1_no_detected_evidence_or_insufficient_disclosure,D_incomplete_or_ambiguous_disclosure,No detected evidence; independence cannot be assumed.
Kaiko,unitopatho_external_benchmarking_cohort_coad_colon_diagnostic_primary_diagnosis_patch,External_benchmarking_cohort,0.828790890013429,0.5242207,published_benchmark_result,kaiko,unitopatho,Yes,D1_no_detected_evidence_or_insufficient_disclosure,D_incomplete_or_ambiguous_disclosure,No detected evidence; independence cannot be assumed.
Lunit,unitopatho_external_benchmarking_cohort_coad_colon_diagnostic_primary_diagnosis_patch,External_benchmarking_cohort,0.833753389337581,0.5395423,published_benchmark_result,lunit_dinosslpath,unitopatho,Yes,D1_no_detected_evidence_or_insufficient_disclosure,D_incomplete_or_ambiguous_disclosure,No detected evidence; independence cannot be assumed.
Phikon,unitopatho_external_benchmarking_cohort_coad_colon_diagnostic_primary_diagnosis_patch,External_benchmarking_cohort,0.81694024699514,0.5300768,published_benchmark_result,phikon,unitopatho,Yes,D1_no_detected_evidence_or_insufficient_disclosure,D_incomplete_or_ambiguous_disclosure,No detected evidence; independence cannot be assumed.
HIPT,unitopatho_external_benchmarking_cohort_coad_colon_diagnostic_primary_diagnosis_patch,External_benchmarking_cohort,0.78751172773726,0.3817667,published_benchmark_result,hipt,unitopatho,Yes,D1_no_detected_evidence_or_insufficient_disclosure,D_incomplete_or_ambiguous_disclosure,No detected evidence; independence cannot be assumed.
iBot-B16,unitopatho_external_benchmarking_cohort_coad_colon_diagnostic_primary_diagnosis_patch,External_benchmarking_cohort,0.823256941213259,0.5285744,published_benchmark_result,ibot_b16,unitopatho,Yes,D1_no_detected_evidence_or_insufficient_disclosure,D_incomplete_or_ambiguous_disclosure,No detected evidence; independence cannot be assumed.
iBot-L16,unitopatho_external_benchmarking_cohort_coad_colon_diagnostic_primary_diagnosis_patch,External_benchmarking_cohort,0.830810767186213,0.5324884,published_benchmark_result,ibot_l16,unitopatho,Yes,D1_no_detected_evidence_or_insufficient_disclosure,D_incomplete_or_ambiguous_disclosure,No detected evidence; independence cannot be assumed.
Dino-S16,unitopatho_external_benchmarking_cohort_coad_colon_diagnostic_primary_diagnosis_patch,External_benchmarking_cohort,0.799392721290469,0.4983775,published_benchmark_result,dino_s16,unitopatho,Yes,D1_no_detected_evidence_or_insufficient_disclosure,D_incomplete_or_ambiguous_disclosure,No detected evidence; independence cannot be assumed.
Dino-B16,unitopatho_external_benchmarking_cohort_coad_colon_diagnostic_primary_diagnosis_patch,External_benchmarking_cohort,0.825870224146081,0.5209129,published_benchmark_result,dino_b16,unitopatho,Yes,D1_no_detected_evidence_or_insufficient_disclosure,D_incomplete_or_ambiguous_disclosure,No detected evidence; independence cannot be assumed.
Kaiko,lung_grade_out_of_domain_lung_lung_diagnostic_tumor_grading_slide,Out of Domain,0.662786900474025,0.5130693,published_benchmark_result,kaiko,,No,D1_no_detected_evidence_or_insufficient_disclosure,D_incomplete_or_ambiguous_disclosure,Benchmark dataset label is too coarse or exposure evidence is incomplete; independence cannot be assumed.
Lunit,lung_grade_out_of_domain_lung_lung_diagnostic_tumor_grading_slide,Out of Domain,0.69557082195732,0.5544336,published_benchmark_result,lunit_dinosslpath,,No,D1_no_detected_evidence_or_insufficient_disclosure,D_incomplete_or_ambiguous_disclosure,Benchmark dataset label is too coarse or exposure evidence is incomplete; independence cannot be assumed.
Phikon,lung_grade_out_of_domain_lung_lung_diagnostic_tumor_grading_slide,Out of Domain,0.680163583108076,0.5546804,published_benchmark_result,phikon,,No,D1_no_detected_evidence_or_insufficient_disclosure,D_incomplete_or_ambiguous_disclosure,Benchmark dataset label is too coarse or exposure evidence is incomplete; independence cannot be assumed.
HIPT,lung_grade_out_of_domain_lung_lung_diagnostic_tumor_grading_slide,Out of Domain,0.62353084054532,0.4860418,published_benchmark_result,hipt,,No,D1_no_detected_evidence_or_insufficient_disclosure,D_incomplete_or_ambiguous_disclosure,Benchmark dataset label is too coarse or exposure evidence is incomplete; independence cannot be assumed.
iBot-B16,lung_grade_out_of_domain_lung_lung_diagnostic_tumor_grading_slide,Out of Domain,0.677090508895817,0.5324657,published_benchmark_result,ibot_b16,,No,D1_no_detected_evidence_or_insufficient_disclosure,D_incomplete_or_ambiguous_disclosure,Benchmark dataset label is too coarse or exposure evidence is incomplete; independence cannot be assumed.
iBot-L16,lung_grade_out_of_domain_lung_lung_diagnostic_tumor_grading_slide,Out of Domain,0.693434262953943,0.5553311,published_benchmark_result,ibot_l16,,No,D1_no_detected_evidence_or_insufficient_disclosure,D_incomplete_or_ambiguous_disclosure,Benchmark dataset label is too coarse or exposure evidence is incomplete; independence cannot be assumed.
Dino-S16,lung_grade_out_of_domain_lung_lung_diagnostic_tumor_grading_slide,Out of Domain,0.666335999043072,0.5330668,published_benchmark_result,dino_s16,,No,D1_no_detected_evidence_or_insufficient_disclosure,D_incomplete_or_ambiguous_disclosure,Benchmark dataset label is too coarse or exposure evidence is incomplete; independence cannot be assumed.
Dino-B16,lung_grade_out_of_domain_lung_lung_diagnostic_tumor_grading_slide,Out of Domain,0.668953908819367,0.5443942,published_benchmark_result,dino_b16,,No,D1_no_detected_evidence_or_insufficient_disclosure,D_incomplete_or_ambiguous_disclosure,Benchmark dataset label is too coarse or exposure evidence is incomplete; independence cannot be assumed.
Kaiko,lung_stage_out_of_domain_lung_lung_diagnostic_tumor_staging_slide,Out of Domain,0.613895514146892,0.4800658,published_benchmark_result,kaiko,,No,D1_no_detected_evidence_or_insufficient_disclosure,D_incomplete_or_ambiguous_disclosure,Benchmark dataset label is too coarse or exposure evidence is incomplete; independence cannot be assumed.
Lunit,lung_stage_out_of_domain_lung_lung_diagnostic_tumor_staging_slide,Out of Domain,0.667101185292747,0.5373559,published_benchmark_result,lunit_dinosslpath,,No,D1_no_detected_evidence_or_insufficient_disclosure,D_incomplete_or_ambiguous_disclosure,Benchmark dataset label is too coarse or exposure evidence is incomplete; independence cannot be assumed.
Phikon,lung_stage_out_of_domain_lung_lung_diagnostic_tumor_staging_slide,Out of Domain,0.666267084645078,0.5383395,published_benchmark_result,phikon,,No,D1_no_detected_evidence_or_insufficient_disclosure,D_incomplete_or_ambiguous_disclosure,Benchmark dataset label is too coarse or exposure evidence is incomplete; independence cannot be assumed.
HIPT,lung_stage_out_of_domain_lung_lung_diagnostic_tumor_staging_slide,Out of Domain,0.633317126180078,0.5015231,published_benchmark_result,hipt,,No,D1_no_detected_evidence_or_insufficient_disclosure,D_incomplete_or_ambiguous_disclosure,Benchmark dataset label is too coarse or exposure evidence is incomplete; independence cannot be assumed.
iBot-B16,lung_stage_out_of_domain_lung_lung_diagnostic_tumor_staging_slide,Out of Domain,0.616360529759354,0.5131117,published_benchmark_result,ibot_b16,,No,D1_no_detected_evidence_or_insufficient_disclosure,D_incomplete_or_ambiguous_disclosure,Benchmark dataset label is too coarse or exposure evidence is incomplete; independence cannot be assumed.
iBot-L16,lung_stage_out_of_domain_lung_lung_diagnostic_tumor_staging_slide,Out of Domain,0.631950067748419,0.5129033,published_benchmark_result,ibot_l16,,No,D1_no_detected_evidence_or_insufficient_disclosure,D_incomplete_or_ambiguous_disclosure,Benchmark dataset label is too coarse or exposure evidence is incomplete; independence cannot be assumed.
Dino-S16,lung_stage_out_of_domain_lung_lung_diagnostic_tumor_staging_slide,Out of Domain,0.660201265352382,0.5520728,published_benchmark_result,dino_s16,,No,D1_no_detected_evidence_or_insufficient_disclosure,D_incomplete_or_ambiguous_disclosure,Benchmark dataset label is too coarse or exposure evidence is incomplete; independence cannot be assumed.
Dino-B16,lung_stage_out_of_domain_lung_lung_diagnostic_tumor_staging_slide,Out of Domain,0.6413878779907,0.521864,published_benchmark_result,dino_b16,,No,D1_no_detected_evidence_or_insufficient_disclosure,D_incomplete_or_ambiguous_disclosure,Benchmark dataset label is too coarse or exposure evidence is incomplete; independence cannot be assumed.
Kaiko,kidney_subtype_tcga_kirc_kirp_kich_kidney_diagnostic_histologic_subtyping_slide,TCGA,0.943380042280977,0.8606499,published_benchmark_result,kaiko,tcga,Yes,D1_no_detected_evidence_or_insufficient_disclosure,D_incomplete_or_ambiguous_disclosure,No detected evidence; independence cannot be assumed.
Lunit,kidney_subtype_tcga_kirc_kirp_kich_kidney_diagnostic_histologic_subtyping_slide,TCGA,0.95302490197794,0.8681771,published_benchmark_result,lunit_dinosslpath,tcga,Yes,D3_exact_dataset_exposure,B_explicit_primary_source_statement,The named evaluation dataset is reported in model development; independence cannot be assumed.
Phikon,kidney_subtype_tcga_kirc_kirp_kich_kidney_diagnostic_histologic_subtyping_slide,TCGA,0.947112436353229,0.881557,published_benchmark_result,phikon,tcga,Yes,D3_exact_dataset_exposure,B_explicit_primary_source_statement,The named evaluation dataset is reported in model development; independence cannot be assumed.
HIPT,kidney_subtype_tcga_kirc_kirp_kich_kidney_diagnostic_histologic_subtyping_slide,TCGA,0.910868926280163,0.8187413,published_benchmark_result,hipt,tcga,Yes,D3_exact_dataset_exposure,B_explicit_primary_source_statement,The named evaluation dataset is reported in model development; independence cannot be assumed.
iBot-B16,kidney_subtype_tcga_kirc_kirp_kich_kidney_diagnostic_histologic_subtyping_slide,TCGA,0.954454837875615,0.8869301,published_benchmark_result,ibot_b16,tcga,Yes,D1_no_detected_evidence_or_insufficient_disclosure,D_incomplete_or_ambiguous_disclosure,No detected evidence; independence cannot be assumed.
iBot-L16,kidney_subtype_tcga_kirc_kirp_kich_kidney_diagnostic_histologic_subtyping_slide,TCGA,0.953418546277582,0.8853199,published_benchmark_result,ibot_l16,tcga,Yes,D1_no_detected_evidence_or_insufficient_disclosure,D_incomplete_or_ambiguous_disclosure,No detected evidence; independence cannot be assumed.
Dino-S16,kidney_subtype_tcga_kirc_kirp_kich_kidney_diagnostic_histologic_subtyping_slide,TCGA,0.929081286781637,0.8377627,published_benchmark_result,dino_s16,tcga,Yes,D1_no_detected_evidence_or_insufficient_disclosure,D_incomplete_or_ambiguous_disclosure,No detected evidence; independence cannot be assumed.
Dino-B16,kidney_subtype_tcga_kirc_kirp_kich_kidney_diagnostic_histologic_subtyping_slide,TCGA,0.944167549960667,0.8775247,published_benchmark_result,dino_b16,tcga,Yes,D1_no_detected_evidence_or_insufficient_disclosure,D_incomplete_or_ambiguous_disclosure,No detected evidence; independence cannot be assumed.
Kaiko,blca_hist_subtype_tcga_blca_bladder_diagnostic_histologic_subtyping_slide,TCGA,0.604427660500175,0.650085735722702,published_benchmark_result,kaiko,tcga,Yes,D1_no_detected_evidence_or_insufficient_disclosure,D_incomplete_or_ambiguous_disclosure,No detected evidence; independence cannot be assumed.
Lunit,blca_hist_subtype_tcga_blca_bladder_diagnostic_histologic_subtyping_slide,TCGA,0.637610769980806,0.672261068469883,published_benchmark_result,lunit_dinosslpath,tcga,Yes,D3_exact_dataset_exposure,B_explicit_primary_source_statement,The named evaluation dataset is reported in model development; independence cannot be assumed.
Phikon,blca_hist_subtype_tcga_blca_bladder_diagnostic_histologic_subtyping_slide,TCGA,0.730920962051472,0.747159888753368,published_benchmark_result,phikon,tcga,Yes,D3_exact_dataset_exposure,B_explicit_primary_source_statement,The named evaluation dataset is reported in model development; independence cannot be assumed.
HIPT,blca_hist_subtype_tcga_blca_bladder_diagnostic_histologic_subtyping_slide,TCGA,0.534219449814907,0.582483838482524,published_benchmark_result,hipt,tcga,Yes,D3_exact_dataset_exposure,B_explicit_primary_source_statement,The named evaluation dataset is reported in model development; independence cannot be assumed.
iBot-B16,blca_hist_subtype_tcga_blca_bladder_diagnostic_histologic_subtyping_slide,TCGA,0.672493801161404,0.729554515637976,published_benchmark_result,ibot_b16,tcga,Yes,D1_no_detected_evidence_or_insufficient_disclosure,D_incomplete_or_ambiguous_disclosure,No detected evidence; independence cannot be assumed.
iBot-L16,blca_hist_subtype_tcga_blca_bladder_diagnostic_histologic_subtyping_slide,TCGA,0.719074770483656,0.755110535490847,published_benchmark_result,ibot_l16,tcga,Yes,D1_no_detected_evidence_or_insufficient_disclosure,D_incomplete_or_ambiguous_disclosure,No detected evidence; independence cannot be assumed.
Dino-S16,blca_hist_subtype_tcga_blca_bladder_diagnostic_histologic_subtyping_slide,TCGA,0.711425363188728,0.737202667339783,published_benchmark_result,dino_s16,tcga,Yes,D1_no_detected_evidence_or_insufficient_disclosure,D_incomplete_or_ambiguous_disclosure,No detected evidence; independence cannot be assumed.
Dino-B16,blca_hist_subtype_tcga_blca_bladder_diagnostic_histologic_subtyping_slide,TCGA,0.681954608297559,0.735302948444788,published_benchmark_result,dino_b16,tcga,Yes,D1_no_detected_evidence_or_insufficient_disclosure,D_incomplete_or_ambiguous_disclosure,No detected evidence; independence cannot be assumed.
Kaiko,blca_mrna_cluster_tcga_blca_bladder_gene_expression_subtype_prediction_slide,TCGA,0.799905726647395,0.6876819,published_benchmark_result,kaiko,tcga,Yes,D1_no_detected_evidence_or_insufficient_disclosure,D_incomplete_or_ambiguous_disclosure,No detected evidence; independence cannot be assumed.
Lunit,blca_mrna_cluster_tcga_blca_bladder_gene_expression_subtype_prediction_slide,TCGA,0.802655330653953,0.6990003,published_benchmark_result,lunit_dinosslpath,tcga,Yes,D3_exact_dataset_exposure,B_explicit_primary_source_statement,The named evaluation dataset is reported in model development; independence cannot be assumed.
Phikon,blca_mrna_cluster_tcga_blca_bladder_gene_expression_subtype_prediction_slide,TCGA,0.815372807354733,0.7058407,published_benchmark_result,phikon,tcga,Yes,D3_exact_dataset_exposure,B_explicit_primary_source_statement,The named evaluation dataset is reported in model development; independence cannot be assumed.
HIPT,blca_mrna_cluster_tcga_blca_bladder_gene_expression_subtype_prediction_slide,TCGA,0.743116530925373,0.6202893,published_benchmark_result,hipt,tcga,Yes,D3_exact_dataset_exposure,B_explicit_primary_source_statement,The named evaluation dataset is reported in model development; independence cannot be assumed.
iBot-B16,blca_mrna_cluster_tcga_blca_bladder_gene_expression_subtype_prediction_slide,TCGA,0.822807194420767,0.7154462,published_benchmark_result,ibot_b16,tcga,Yes,D1_no_detected_evidence_or_insufficient_disclosure,D_incomplete_or_ambiguous_disclosure,No detected evidence; independence cannot be assumed.
iBot-L16,blca_mrna_cluster_tcga_blca_bladder_gene_expression_subtype_prediction_slide,TCGA,0.808024764127875,0.7157518,published_benchmark_result,ibot_l16,tcga,Yes,D1_no_detected_evidence_or_insufficient_disclosure,D_incomplete_or_ambiguous_disclosure,No detected evidence; independence cannot be assumed.
Dino-S16,blca_mrna_cluster_tcga_blca_bladder_gene_expression_subtype_prediction_slide,TCGA,0.813968067144016,0.7031123,published_benchmark_result,dino_s16,tcga,Yes,D1_no_detected_evidence_or_insufficient_disclosure,D_incomplete_or_ambiguous_disclosure,No detected evidence; independence cannot be assumed.
Dino-B16,blca_mrna_cluster_tcga_blca_bladder_gene_expression_subtype_prediction_slide,TCGA,0.811997460416802,0.7080343,published_benchmark_result,dino_b16,tcga,Yes,D1_no_detected_evidence_or_insufficient_disclosure,D_incomplete_or_ambiguous_disclosure,No detected evidence; independence cannot be assumed.
Kaiko,er_status_tcga_brca_breast_biomarker_status_prediction_slide,TCGA,0.84127817472313,0.77580473966652,published_benchmark_result,kaiko,tcga,Yes,D1_no_detected_evidence_or_insufficient_disclosure,D_incomplete_or_ambiguous_disclosure,No detected evidence; independence cannot be assumed.
Lunit,er_status_tcga_brca_breast_biomarker_status_prediction_slide,TCGA,0.826045912720313,0.796169380348127,published_benchmark_result,lunit_dinosslpath,tcga,Yes,D3_exact_dataset_exposure,B_explicit_primary_source_statement,The named evaluation dataset is reported in model development; independence cannot be assumed.
Phikon,er_status_tcga_brca_breast_biomarker_status_prediction_slide,TCGA,0.84132713799674,0.811050791282853,published_benchmark_result,phikon,tcga,Yes,D3_exact_dataset_exposure,B_explicit_primary_source_statement,The named evaluation dataset is reported in model development; independence cannot be assumed.
HIPT,er_status_tcga_brca_breast_biomarker_status_prediction_slide,TCGA,0.808795349435852,0.78274439942217,published_benchmark_result,hipt,tcga,Yes,D3_exact_dataset_exposure,B_explicit_primary_source_statement,The named evaluation dataset is reported in model development; independence cannot be assumed.
iBot-B16,er_status_tcga_brca_breast_biomarker_status_prediction_slide,TCGA,0.894155241513091,0.852954284601269,published_benchmark_result,ibot_b16,tcga,Yes,D1_no_detected_evidence_or_insufficient_disclosure,D_incomplete_or_ambiguous_disclosure,No detected evidence; independence cannot be assumed.
iBot-L16,er_status_tcga_brca_breast_biomarker_status_prediction_slide,TCGA,0.883678575208502,0.858243415450619,published_benchmark_result,ibot_l16,tcga,Yes,D1_no_detected_evidence_or_insufficient_disclosure,D_incomplete_or_ambiguous_disclosure,No detected evidence; independence cannot be assumed.
Dino-S16,er_status_tcga_brca_breast_biomarker_status_prediction_slide,TCGA,0.863563986121333,0.828380477392496,published_benchmark_result,dino_s16,tcga,Yes,D1_no_detected_evidence_or_insufficient_disclosure,D_incomplete_or_ambiguous_disclosure,No detected evidence; independence cannot be assumed.
Dino-B16,er_status_tcga_brca_breast_biomarker_status_prediction_slide,TCGA,0.880562945988446,0.877989794612992,published_benchmark_result,dino_b16,tcga,Yes,D1_no_detected_evidence_or_insufficient_disclosure,D_incomplete_or_ambiguous_disclosure,No detected evidence; independence cannot be assumed.
Kaiko,pam50_status_tcga_brca_breast_gene_expression_subtype_prediction_slide,TCGA,0.70227484453427,0.469622,published_benchmark_result,kaiko,tcga,Yes,D1_no_detected_evidence_or_insufficient_disclosure,D_incomplete_or_ambiguous_disclosure,No detected evidence; independence cannot be assumed.
Lunit,pam50_status_tcga_brca_breast_gene_expression_subtype_prediction_slide,TCGA,0.740512967532937,0.5658753,published_benchmark_result,lunit_dinosslpath,tcga,Yes,D3_exact_dataset_exposure,B_explicit_primary_source_statement,The named evaluation dataset is reported in model development; independence cannot be assumed.
Phikon,pam50_status_tcga_brca_breast_gene_expression_subtype_prediction_slide,TCGA,0.775455362547273,0.5855233,published_benchmark_result,phikon,tcga,Yes,D3_exact_dataset_exposure,B_explicit_primary_source_statement,The named evaluation dataset is reported in model development; independence cannot be assumed.
HIPT,pam50_status_tcga_brca_breast_gene_expression_subtype_prediction_slide,TCGA,0.68448017614349,0.5111351,published_benchmark_result,hipt,tcga,Yes,D3_exact_dataset_exposure,B_explicit_primary_source_statement,The named evaluation dataset is reported in model development; independence cannot be assumed.
iBot-B16,pam50_status_tcga_brca_breast_gene_expression_subtype_prediction_slide,TCGA,0.731371452951648,0.572239,published_benchmark_result,ibot_b16,tcga,Yes,D1_no_detected_evidence_or_insufficient_disclosure,D_incomplete_or_ambiguous_disclosure,No detected evidence; independence cannot be assumed.
iBot-L16,pam50_status_tcga_brca_breast_gene_expression_subtype_prediction_slide,TCGA,0.734851733767641,0.5614856,published_benchmark_result,ibot_l16,tcga,Yes,D1_no_detected_evidence_or_insufficient_disclosure,D_incomplete_or_ambiguous_disclosure,No detected evidence; independence cannot be assumed.
Dino-S16,pam50_status_tcga_brca_breast_gene_expression_subtype_prediction_slide,TCGA,0.704211946538062,0.532424,published_benchmark_result,dino_s16,tcga,Yes,D1_no_detected_evidence_or_insufficient_disclosure,D_incomplete_or_ambiguous_disclosure,No detected evidence; independence cannot be assumed.
Dino-B16,pam50_status_tcga_brca_breast_gene_expression_subtype_prediction_slide,TCGA,0.715368801972405,0.53313,published_benchmark_result,dino_b16,tcga,Yes,D1_no_detected_evidence_or_insufficient_disclosure,D_incomplete_or_ambiguous_disclosure,No detected evidence; independence cannot be assumed.
Kaiko,pr_status_tcga_brca_breast_biomarker_status_prediction_slide,TCGA,0.714490413716531,0.718096902997927,published_benchmark_result,kaiko,tcga,Yes,D1_no_detected_evidence_or_insufficient_disclosure,D_incomplete_or_ambiguous_disclosure,No detected evidence; independence cannot be assumed.
Lunit,pr_status_tcga_brca_breast_biomarker_status_prediction_slide,TCGA,0.709823465981841,0.701353028920342,published_benchmark_result,lunit_dinosslpath,tcga,Yes,D3_exact_dataset_exposure,B_explicit_primary_source_statement,The named evaluation dataset is reported in model development; independence cannot be assumed.
Phikon,pr_status_tcga_brca_breast_biomarker_status_prediction_slide,TCGA,0.705026379841121,0.682191992532408,published_benchmark_result,phikon,tcga,Yes,D3_exact_dataset_exposure,B_explicit_primary_source_statement,The named evaluation dataset is reported in model development; independence cannot be assumed.
HIPT,pr_status_tcga_brca_breast_biomarker_status_prediction_slide,TCGA,0.677440905080758,0.663274217022026,published_benchmark_result,hipt,tcga,Yes,D3_exact_dataset_exposure,B_explicit_primary_source_statement,The named evaluation dataset is reported in model development; independence cannot be assumed.
iBot-B16,pr_status_tcga_brca_breast_biomarker_status_prediction_slide,TCGA,0.734128931058226,0.705200960031962,published_benchmark_result,ibot_b16,tcga,Yes,D1_no_detected_evidence_or_insufficient_disclosure,D_incomplete_or_ambiguous_disclosure,No detected evidence; independence cannot be assumed.
iBot-L16,pr_status_tcga_brca_breast_biomarker_status_prediction_slide,TCGA,0.731266357058127,0.723514872346409,published_benchmark_result,ibot_l16,tcga,Yes,D1_no_detected_evidence_or_insufficient_disclosure,D_incomplete_or_ambiguous_disclosure,No detected evidence; independence cannot be assumed.
Dino-S16,pr_status_tcga_brca_breast_biomarker_status_prediction_slide,TCGA,0.726953336918847,0.710415575370044,published_benchmark_result,dino_s16,tcga,Yes,D1_no_detected_evidence_or_insufficient_disclosure,D_incomplete_or_ambiguous_disclosure,No detected evidence; independence cannot be assumed.
Dino-B16,pr_status_tcga_brca_breast_biomarker_status_prediction_slide,TCGA,0.722289759262576,0.715308634729455,published_benchmark_result,dino_b16,tcga,Yes,D1_no_detected_evidence_or_insufficient_disclosure,D_incomplete_or_ambiguous_disclosure,No detected evidence; independence cannot be assumed.
Kaiko,idh_tcga_gbm_lgg_brain_biomarker_status_prediction_slide,TCGA,0.95416872684417,0.937252219181394,published_benchmark_result,kaiko,tcga,Yes,D1_no_detected_evidence_or_insufficient_disclosure,D_incomplete_or_ambiguous_disclosure,No detected evidence; independence cannot be assumed.
Lunit,idh_tcga_gbm_lgg_brain_biomarker_status_prediction_slide,TCGA,0.957822729775353,0.949880620974846,published_benchmark_result,lunit_dinosslpath,tcga,Yes,D3_exact_dataset_exposure,B_explicit_primary_source_statement,The named evaluation dataset is reported in model development; independence cannot be assumed.
Phikon,idh_tcga_gbm_lgg_brain_biomarker_status_prediction_slide,TCGA,0.945149126363954,0.940471182399373,published_benchmark_result,phikon,tcga,Yes,D3_exact_dataset_exposure,B_explicit_primary_source_statement,The named evaluation dataset is reported in model development; independence cannot be assumed.
HIPT,idh_tcga_gbm_lgg_brain_biomarker_status_prediction_slide,TCGA,0.938802632746847,0.921595342857985,published_benchmark_result,hipt,tcga,Yes,D3_exact_dataset_exposure,B_explicit_primary_source_statement,The named evaluation dataset is reported in model development; independence cannot be assumed.
iBot-B16,idh_tcga_gbm_lgg_brain_biomarker_status_prediction_slide,TCGA,0.954702169471373,0.943410165931604,published_benchmark_result,ibot_b16,tcga,Yes,D1_no_detected_evidence_or_insufficient_disclosure,D_incomplete_or_ambiguous_disclosure,No detected evidence; independence cannot be assumed.
iBot-L16,idh_tcga_gbm_lgg_brain_biomarker_status_prediction_slide,TCGA,0.956259669342371,0.947340557713558,published_benchmark_result,ibot_l16,tcga,Yes,D1_no_detected_evidence_or_insufficient_disclosure,D_incomplete_or_ambiguous_disclosure,No detected evidence; independence cannot be assumed.
Dino-S16,idh_tcga_gbm_lgg_brain_biomarker_status_prediction_slide,TCGA,0.925267586386232,0.921315327831684,published_benchmark_result,dino_s16,tcga,Yes,D1_no_detected_evidence_or_insufficient_disclosure,D_incomplete_or_ambiguous_disclosure,No detected evidence; independence cannot be assumed.
Dino-B16,idh_tcga_gbm_lgg_brain_biomarker_status_prediction_slide,TCGA,0.936120779965749,0.937080771155573,published_benchmark_result,dino_b16,tcga,Yes,D1_no_detected_evidence_or_insufficient_disclosure,D_incomplete_or_ambiguous_disclosure,No detected evidence; independence cannot be assumed.
Kaiko,mgmt_tcga_gbm_lgg_brain_biomarker_status_prediction_slide,TCGA,0.68502053397053,0.653175799324576,published_benchmark_result,kaiko,tcga,Yes,D1_no_detected_evidence_or_insufficient_disclosure,D_incomplete_or_ambiguous_disclosure,No detected evidence; independence cannot be assumed.
Lunit,mgmt_tcga_gbm_lgg_brain_biomarker_status_prediction_slide,TCGA,0.665414249275681,0.614428678010127,published_benchmark_result,lunit_dinosslpath,tcga,Yes,D3_exact_dataset_exposure,B_explicit_primary_source_statement,The named evaluation dataset is reported in model development; independence cannot be assumed.
Phikon,mgmt_tcga_gbm_lgg_brain_biomarker_status_prediction_slide,TCGA,0.704815597030657,0.693828171352869,published_benchmark_result,phikon,tcga,Yes,D3_exact_dataset_exposure,B_explicit_primary_source_statement,The named evaluation dataset is reported in model development; independence cannot be assumed.
HIPT,mgmt_tcga_gbm_lgg_brain_biomarker_status_prediction_slide,TCGA,0.677105662357653,0.625983686281387,published_benchmark_result,hipt,tcga,Yes,D3_exact_dataset_exposure,B_explicit_primary_source_statement,The named evaluation dataset is reported in model development; independence cannot be assumed.
iBot-B16,mgmt_tcga_gbm_lgg_brain_biomarker_status_prediction_slide,TCGA,0.69841465098894,0.626516208973813,published_benchmark_result,ibot_b16,tcga,Yes,D1_no_detected_evidence_or_insufficient_disclosure,D_incomplete_or_ambiguous_disclosure,No detected evidence; independence cannot be assumed.
iBot-L16,mgmt_tcga_gbm_lgg_brain_biomarker_status_prediction_slide,TCGA,0.667150190528683,0.613040644559905,published_benchmark_result,ibot_l16,tcga,Yes,D1_no_detected_evidence_or_insufficient_disclosure,D_incomplete_or_ambiguous_disclosure,No detected evidence; independence cannot be assumed.
Dino-S16,mgmt_tcga_gbm_lgg_brain_biomarker_status_prediction_slide,TCGA,0.659419073988712,0.650744699770407,published_benchmark_result,dino_s16,tcga,Yes,D1_no_detected_evidence_or_insufficient_disclosure,D_incomplete_or_ambiguous_disclosure,No detected evidence; independence cannot be assumed.
Dino-B16,mgmt_tcga_gbm_lgg_brain_biomarker_status_prediction_slide,TCGA,0.657789868005001,0.654286344343891,published_benchmark_result,dino_b16,tcga,Yes,D1_no_detected_evidence_or_insufficient_disclosure,D_incomplete_or_ambiguous_disclosure,No detected evidence; independence cannot be assumed.
Kaiko,brain_hist_subtype_tcga_gbm_lgg_brain_diagnostic_histologic_subtyping_slide,TCGA,0.780217988362586,0.5984173,published_benchmark_result,kaiko,tcga,Yes,D1_no_detected_evidence_or_insufficient_disclosure,D_incomplete_or_ambiguous_disclosure,No detected evidence; independence cannot be assumed.
Lunit,brain_hist_subtype_tcga_gbm_lgg_brain_diagnostic_histologic_subtyping_slide,TCGA,0.812033088325877,0.6409401,published_benchmark_result,lunit_dinosslpath,tcga,Yes,D3_exact_dataset_exposure,B_explicit_primary_source_statement,The named evaluation dataset is reported in model development; independence cannot be assumed.
Phikon,brain_hist_subtype_tcga_gbm_lgg_brain_diagnostic_histologic_subtyping_slide,TCGA,0.78231198110115,0.6070835,published_benchmark_result,phikon,tcga,Yes,D3_exact_dataset_exposure,B_explicit_primary_source_statement,The named evaluation dataset is reported in model development; independence cannot be assumed.
HIPT,brain_hist_subtype_tcga_gbm_lgg_brain_diagnostic_histologic_subtyping_slide,TCGA,0.775298026146237,0.5733509,published_benchmark_result,hipt,tcga,Yes,D3_exact_dataset_exposure,B_explicit_primary_source_statement,The named evaluation dataset is reported in model development; independence cannot be assumed.
iBot-B16,brain_hist_subtype_tcga_gbm_lgg_brain_diagnostic_histologic_subtyping_slide,TCGA,0.811584365308783,0.6467039,published_benchmark_result,ibot_b16,tcga,Yes,D1_no_detected_evidence_or_insufficient_disclosure,D_incomplete_or_ambiguous_disclosure,No detected evidence; independence cannot be assumed.
iBot-L16,brain_hist_subtype_tcga_gbm_lgg_brain_diagnostic_histologic_subtyping_slide,TCGA,0.817974012603372,0.657125,published_benchmark_result,ibot_l16,tcga,Yes,D1_no_detected_evidence_or_insufficient_disclosure,D_incomplete_or_ambiguous_disclosure,No detected evidence; independence cannot be assumed.
Dino-S16,brain_hist_subtype_tcga_gbm_lgg_brain_diagnostic_histologic_subtyping_slide,TCGA,0.767521880105191,0.5826496,published_benchmark_result,dino_s16,tcga,Yes,D1_no_detected_evidence_or_insufficient_disclosure,D_incomplete_or_ambiguous_disclosure,No detected evidence; independence cannot be assumed.
Dino-B16,brain_hist_subtype_tcga_gbm_lgg_brain_diagnostic_histologic_subtyping_slide,TCGA,0.803556265347524,0.6210984,published_benchmark_result,dino_b16,tcga,Yes,D1_no_detected_evidence_or_insufficient_disclosure,D_incomplete_or_ambiguous_disclosure,No detected evidence; independence cannot be assumed.
Kaiko,brain_exp_subtype_tcga_gbm_lgg_brain_gene_expression_subtype_prediction_slide,TCGA,0.804652180686667,0.6309794,published_benchmark_result,kaiko,tcga,Yes,D1_no_detected_evidence_or_insufficient_disclosure,D_incomplete_or_ambiguous_disclosure,No detected evidence; independence cannot be assumed.
Lunit,brain_exp_subtype_tcga_gbm_lgg_brain_gene_expression_subtype_prediction_slide,TCGA,0.781102888984617,0.5912169,published_benchmark_result,lunit_dinosslpath,tcga,Yes,D3_exact_dataset_exposure,B_explicit_primary_source_statement,The named evaluation dataset is reported in model development; independence cannot be assumed.
Phikon,brain_exp_subtype_tcga_gbm_lgg_brain_gene_expression_subtype_prediction_slide,TCGA,0.774386814643897,0.5725012,published_benchmark_result,phikon,tcga,Yes,D3_exact_dataset_exposure,B_explicit_primary_source_statement,The named evaluation dataset is reported in model development; independence cannot be assumed.
HIPT,brain_exp_subtype_tcga_gbm_lgg_brain_gene_expression_subtype_prediction_slide,TCGA,0.740485053897535,0.5163355,published_benchmark_result,hipt,tcga,Yes,D3_exact_dataset_exposure,B_explicit_primary_source_statement,The named evaluation dataset is reported in model development; independence cannot be assumed.
iBot-B16,brain_exp_subtype_tcga_gbm_lgg_brain_gene_expression_subtype_prediction_slide,TCGA,0.790310301380619,0.5871175,published_benchmark_result,ibot_b16,tcga,Yes,D1_no_detected_evidence_or_insufficient_disclosure,D_incomplete_or_ambiguous_disclosure,No detected evidence; independence cannot be assumed.
iBot-L16,brain_exp_subtype_tcga_gbm_lgg_brain_gene_expression_subtype_prediction_slide,TCGA,0.82594986892814,0.665442,published_benchmark_result,ibot_l16,tcga,Yes,D1_no_detected_evidence_or_insufficient_disclosure,D_incomplete_or_ambiguous_disclosure,No detected evidence; independence cannot be assumed.
Dino-S16,brain_exp_subtype_tcga_gbm_lgg_brain_gene_expression_subtype_prediction_slide,TCGA,0.764719667541536,0.5620846,published_benchmark_result,dino_s16,tcga,Yes,D1_no_detected_evidence_or_insufficient_disclosure,D_incomplete_or_ambiguous_disclosure,No detected evidence; independence cannot be assumed.
Dino-B16,brain_exp_subtype_tcga_gbm_lgg_brain_gene_expression_subtype_prediction_slide,TCGA,0.781623041769431,0.5770653,published_benchmark_result,dino_b16,tcga,Yes,D1_no_detected_evidence_or_insufficient_disclosure,D_incomplete_or_ambiguous_disclosure,No detected evidence; independence cannot be assumed.
Kaiko,myc_tcga_pan_cancer_pan_cancer_pathway_activation_status_prediction_slide,TCGA,0.648626529114407,0.648521404358073,published_benchmark_result,kaiko,tcga,Yes,D1_no_detected_evidence_or_insufficient_disclosure,D_incomplete_or_ambiguous_disclosure,No detected evidence; independence cannot be assumed.
Lunit,myc_tcga_pan_cancer_pan_cancer_pathway_activation_status_prediction_slide,TCGA,0.61876925835884,0.6176644471287,published_benchmark_result,lunit_dinosslpath,tcga,Yes,D3_exact_dataset_exposure,B_explicit_primary_source_statement,The named evaluation dataset is reported in model development; independence cannot be assumed.
Phikon,myc_tcga_pan_cancer_pan_cancer_pathway_activation_status_prediction_slide,TCGA,0.625434053754077,0.625308302151747,published_benchmark_result,phikon,tcga,Yes,D3_exact_dataset_exposure,B_explicit_primary_source_statement,The named evaluation dataset is reported in model development; independence cannot be assumed.
HIPT,myc_tcga_pan_cancer_pan_cancer_pathway_activation_status_prediction_slide,TCGA,0.628297845805031,0.613270539223463,published_benchmark_result,hipt,tcga,Yes,D3_exact_dataset_exposure,B_explicit_primary_source_statement,The named evaluation dataset is reported in model development; independence cannot be assumed.
iBot-B16,myc_tcga_pan_cancer_pan_cancer_pathway_activation_status_prediction_slide,TCGA,0.628397754941186,0.607985192546832,published_benchmark_result,ibot_b16,tcga,Yes,D1_no_detected_evidence_or_insufficient_disclosure,D_incomplete_or_ambiguous_disclosure,No detected evidence; independence cannot be assumed.
iBot-L16,myc_tcga_pan_cancer_pan_cancer_pathway_activation_status_prediction_slide,TCGA,0.652498376719607,0.648712668509456,published_benchmark_result,ibot_l16,tcga,Yes,D1_no_detected_evidence_or_insufficient_disclosure,D_incomplete_or_ambiguous_disclosure,No detected evidence; independence cannot be assumed.
Dino-S16,myc_tcga_pan_cancer_pan_cancer_pathway_activation_status_prediction_slide,TCGA,0.606605604618355,0.600720116379398,published_benchmark_result,dino_s16,tcga,Yes,D1_no_detected_evidence_or_insufficient_disclosure,D_incomplete_or_ambiguous_disclosure,No detected evidence; independence cannot be assumed.
Dino-B16,myc_tcga_pan_cancer_pan_cancer_pathway_activation_status_prediction_slide,TCGA,0.62653913931774,0.618451299758876,published_benchmark_result,dino_b16,tcga,Yes,D1_no_detected_evidence_or_insufficient_disclosure,D_incomplete_or_ambiguous_disclosure,No detected evidence; independence cannot be assumed.
Kaiko,pi3k_tcga_pan_cancer_pan_cancer_pathway_activation_status_prediction_slide,TCGA,0.703001794251332,0.697017099703361,published_benchmark_result,kaiko,tcga,Yes,D1_no_detected_evidence_or_insufficient_disclosure,D_incomplete_or_ambiguous_disclosure,No detected evidence; independence cannot be assumed.
Lunit,pi3k_tcga_pan_cancer_pan_cancer_pathway_activation_status_prediction_slide,TCGA,0.70307760632252,0.708258086452341,published_benchmark_result,lunit_dinosslpath,tcga,Yes,D3_exact_dataset_exposure,B_explicit_primary_source_statement,The named evaluation dataset is reported in model development; independence cannot be assumed.
Phikon,pi3k_tcga_pan_cancer_pan_cancer_pathway_activation_status_prediction_slide,TCGA,0.704917603576433,0.701155518249022,published_benchmark_result,phikon,tcga,Yes,D3_exact_dataset_exposure,B_explicit_primary_source_statement,The named evaluation dataset is reported in model development; independence cannot be assumed.
HIPT,pi3k_tcga_pan_cancer_pan_cancer_pathway_activation_status_prediction_slide,TCGA,0.657645919376464,0.654261150138844,published_benchmark_result,hipt,tcga,Yes,D3_exact_dataset_exposure,B_explicit_primary_source_statement,The named evaluation dataset is reported in model development; independence cannot be assumed.
iBot-B16,pi3k_tcga_pan_cancer_pan_cancer_pathway_activation_status_prediction_slide,TCGA,0.705783988908325,0.700066412125799,published_benchmark_result,ibot_b16,tcga,Yes,D1_no_detected_evidence_or_insufficient_disclosure,D_incomplete_or_ambiguous_disclosure,No detected evidence; independence cannot be assumed.
iBot-L16,pi3k_tcga_pan_cancer_pan_cancer_pathway_activation_status_prediction_slide,TCGA,0.695612776427336,0.687728427341403,published_benchmark_result,ibot_l16,tcga,Yes,D1_no_detected_evidence_or_insufficient_disclosure,D_incomplete_or_ambiguous_disclosure,No detected evidence; independence cannot be assumed.
Dino-S16,pi3k_tcga_pan_cancer_pan_cancer_pathway_activation_status_prediction_slide,TCGA,0.695301089618303,0.691686700009392,published_benchmark_result,dino_s16,tcga,Yes,D1_no_detected_evidence_or_insufficient_disclosure,D_incomplete_or_ambiguous_disclosure,No detected evidence; independence cannot be assumed.
Dino-B16,pi3k_tcga_pan_cancer_pan_cancer_pathway_activation_status_prediction_slide,TCGA,0.709648438422561,0.703473283038365,published_benchmark_result,dino_b16,tcga,Yes,D1_no_detected_evidence_or_insufficient_disclosure,D_incomplete_or_ambiguous_disclosure,No detected evidence; independence cannot be assumed.
Kaiko,tcga_grade_tcga_pan_cancer_pan_cancer_diagnostic_tumor_grading_slide,TCGA,0.745228164259623,0.5999806,published_benchmark_result,kaiko,tcga,Yes,D1_no_detected_evidence_or_insufficient_disclosure,D_incomplete_or_ambiguous_disclosure,No detected evidence; independence cannot be assumed.
Lunit,tcga_grade_tcga_pan_cancer_pan_cancer_diagnostic_tumor_grading_slide,TCGA,0.708286695191244,0.5604994,published_benchmark_result,lunit_dinosslpath,tcga,Yes,D3_exact_dataset_exposure,B_explicit_primary_source_statement,The named evaluation dataset is reported in model development; independence cannot be assumed.
Phikon,tcga_grade_tcga_pan_cancer_pan_cancer_diagnostic_tumor_grading_slide,TCGA,0.725874114910186,0.5942372,published_benchmark_result,phikon,tcga,Yes,D3_exact_dataset_exposure,B_explicit_primary_source_statement,The named evaluation dataset is reported in model development; independence cannot be assumed.
HIPT,tcga_grade_tcga_pan_cancer_pan_cancer_diagnostic_tumor_grading_slide,TCGA,0.654146074430733,0.5152771,published_benchmark_result,hipt,tcga,Yes,D3_exact_dataset_exposure,B_explicit_primary_source_statement,The named evaluation dataset is reported in model development; independence cannot be assumed.
iBot-B16,tcga_grade_tcga_pan_cancer_pan_cancer_diagnostic_tumor_grading_slide,TCGA,0.700849877155609,0.5591605,published_benchmark_result,ibot_b16,tcga,Yes,D1_no_detected_evidence_or_insufficient_disclosure,D_incomplete_or_ambiguous_disclosure,No detected evidence; independence cannot be assumed.
iBot-L16,tcga_grade_tcga_pan_cancer_pan_cancer_diagnostic_tumor_grading_slide,TCGA,0.7350603221616,0.5820869,published_benchmark_result,ibot_l16,tcga,Yes,D1_no_detected_evidence_or_insufficient_disclosure,D_incomplete_or_ambiguous_disclosure,No detected evidence; independence cannot be assumed.
Dino-S16,tcga_grade_tcga_pan_cancer_pan_cancer_diagnostic_tumor_grading_slide,TCGA,0.673209111567225,0.5138052,published_benchmark_result,dino_s16,tcga,Yes,D1_no_detected_evidence_or_insufficient_disclosure,D_incomplete_or_ambiguous_disclosure,No detected evidence; independence cannot be assumed.
Dino-B16,tcga_grade_tcga_pan_cancer_pan_cancer_diagnostic_tumor_grading_slide,TCGA,0.696412962251237,0.5552709,published_benchmark_result,dino_b16,tcga,Yes,D1_no_detected_evidence_or_insufficient_disclosure,D_incomplete_or_ambiguous_disclosure,No detected evidence; independence cannot be assumed.
Kaiko,immunegroup_tcga_pan_cancer_pan_cancer_gene_expression_subtype_prediction_slide,TCGA,0.844882253506449,0.5744572,published_benchmark_result,kaiko,tcga,Yes,D1_no_detected_evidence_or_insufficient_disclosure,D_incomplete_or_ambiguous_disclosure,No detected evidence; independence cannot be assumed.
Lunit,immunegroup_tcga_pan_cancer_pan_cancer_gene_expression_subtype_prediction_slide,TCGA,0.859942450189656,0.6053126,published_benchmark_result,lunit_dinosslpath,tcga,Yes,D3_exact_dataset_exposure,B_explicit_primary_source_statement,The named evaluation dataset is reported in model development; independence cannot be assumed.
Phikon,immunegroup_tcga_pan_cancer_pan_cancer_gene_expression_subtype_prediction_slide,TCGA,0.858131471510133,0.6076281,published_benchmark_result,phikon,tcga,Yes,D3_exact_dataset_exposure,B_explicit_primary_source_statement,The named evaluation dataset is reported in model development; independence cannot be assumed.
HIPT,immunegroup_tcga_pan_cancer_pan_cancer_gene_expression_subtype_prediction_slide,TCGA,0.810151896436353,0.5120694,published_benchmark_result,hipt,tcga,Yes,D3_exact_dataset_exposure,B_explicit_primary_source_statement,The named evaluation dataset is reported in model development; independence cannot be assumed.
iBot-B16,immunegroup_tcga_pan_cancer_pan_cancer_gene_expression_subtype_prediction_slide,TCGA,0.845167516895932,0.5737239,published_benchmark_result,ibot_b16,tcga,Yes,D1_no_detected_evidence_or_insufficient_disclosure,D_incomplete_or_ambiguous_disclosure,No detected evidence; independence cannot be assumed.
iBot-L16,immunegroup_tcga_pan_cancer_pan_cancer_gene_expression_subtype_prediction_slide,TCGA,0.851498652643997,0.5897326,published_benchmark_result,ibot_l16,tcga,Yes,D1_no_detected_evidence_or_insufficient_disclosure,D_incomplete_or_ambiguous_disclosure,No detected evidence; independence cannot be assumed.
Dino-S16,immunegroup_tcga_pan_cancer_pan_cancer_gene_expression_subtype_prediction_slide,TCGA,0.841252938606291,0.5803081,published_benchmark_result,dino_s16,tcga,Yes,D1_no_detected_evidence_or_insufficient_disclosure,D_incomplete_or_ambiguous_disclosure,No detected evidence; independence cannot be assumed.
Dino-B16,immunegroup_tcga_pan_cancer_pan_cancer_gene_expression_subtype_prediction_slide,TCGA,0.849420393220006,0.5934514,published_benchmark_result,dino_b16,tcga,Yes,D1_no_detected_evidence_or_insufficient_disclosure,D_incomplete_or_ambiguous_disclosure,No detected evidence; independence cannot be assumed.
Hibou,lung_exp_subtype_tcga_lusc_luad_lung_gene_expression_subtype_prediction_slide,TCGA,0.877725386642877,0.6934949,published_benchmark_result,hibou_b,tcga,Yes,D1_no_detected_evidence_or_insufficient_disclosure,D_incomplete_or_ambiguous_disclosure,No detected evidence; independence cannot be assumed.
H-optimus-0,lung_exp_subtype_tcga_lusc_luad_lung_gene_expression_subtype_prediction_slide,TCGA,0.921592470045262,0.7846341,published_benchmark_result,h_optimus_0,tcga,Yes,D1_no_detected_evidence_or_insufficient_disclosure,D_incomplete_or_ambiguous_disclosure,No detected evidence; independence cannot be assumed.
UNI2,lung_exp_subtype_tcga_lusc_luad_lung_gene_expression_subtype_prediction_slide,TCGA,0.913657677144086,0.7652786,published_benchmark_result,uni2,tcga,Yes,D1_no_detected_evidence_or_insufficient_disclosure,D_incomplete_or_ambiguous_disclosure,No detected evidence; independence cannot be assumed.
Phikon-v2,lung_exp_subtype_tcga_lusc_luad_lung_gene_expression_subtype_prediction_slide,TCGA,0.859759514634972,0.6448422,published_benchmark_result,phikon_v2,tcga,Yes,D3_exact_dataset_exposure,B_explicit_primary_source_statement,The named evaluation dataset is reported in model development; independence cannot be assumed.
Virchow2,lung_exp_subtype_tcga_lusc_luad_lung_gene_expression_subtype_prediction_slide,TCGA,0.924716645290196,0.7842522,published_benchmark_result,virchow2,tcga,Yes,D1_no_detected_evidence_or_insufficient_disclosure,D_incomplete_or_ambiguous_disclosure,No detected evidence; independence cannot be assumed.
TITAN,lung_exp_subtype_tcga_lusc_luad_lung_gene_expression_subtype_prediction_slide,TCGA,0.868198958753532,0.6718959,published_benchmark_result,titan,tcga,Yes,D0_documented_disjoint,B_explicit_primary_source_statement,Version-specific disjointness is documented in the cited source.
UNI,lung_exp_subtype_tcga_lusc_luad_lung_gene_expression_subtype_prediction_slide,TCGA,0.929984460818971,0.8021202,published_benchmark_result,uni,tcga,Yes,D0_documented_disjoint,B_explicit_primary_source_statement,Version-specific disjointness is documented in the cited source.
Prov-GigaPath,lung_exp_subtype_tcga_lusc_luad_lung_gene_expression_subtype_prediction_slide,TCGA,0.932356172562715,0.8008373,published_benchmark_result,prov_gigapath,tcga,Yes,D1_no_detected_evidence_or_insufficient_disclosure,D_incomplete_or_ambiguous_disclosure,No detected evidence; independence cannot be assumed.
Virchow,lung_exp_subtype_tcga_lusc_luad_lung_gene_expression_subtype_prediction_slide,TCGA,0.899769452539156,0.7399823,published_benchmark_result,virchow,tcga,Yes,D1_no_detected_evidence_or_insufficient_disclosure,D_incomplete_or_ambiguous_disclosure,No detected evidence; independence cannot be assumed.
QuiltNet-B-16,lung_exp_subtype_tcga_lusc_luad_lung_gene_expression_subtype_prediction_slide,TCGA,0.758195045694205,0.4630919,published_benchmark_result,quiltnet_b16,tcga,Yes,D1_no_detected_evidence_or_insufficient_disclosure,D_incomplete_or_ambiguous_disclosure,No detected evidence; independence cannot be assumed.
PLIP,lung_exp_subtype_tcga_lusc_luad_lung_gene_expression_subtype_prediction_slide,TCGA,0.757385593509869,0.4409016,published_benchmark_result,plip,tcga,Yes,D1_no_detected_evidence_or_insufficient_disclosure,D_incomplete_or_ambiguous_disclosure,No detected evidence; independence cannot be assumed.
BiomedCLIP,lung_exp_subtype_tcga_lusc_luad_lung_gene_expression_subtype_prediction_slide,TCGA,0.70247060886976,0.3970513,published_benchmark_result,biomedclip,tcga,Yes,D1_no_detected_evidence_or_insufficient_disclosure,D_incomplete_or_ambiguous_disclosure,No detected evidence; independence cannot be assumed.
Dinov2,lung_exp_subtype_tcga_lusc_luad_lung_gene_expression_subtype_prediction_slide,TCGA,0.850459119826944,0.6105083,published_benchmark_result,dinov2_l,tcga,Yes,D1_no_detected_evidence_or_insufficient_disclosure,D_incomplete_or_ambiguous_disclosure,No detected evidence; independence cannot be assumed.
Clip-B16,lung_exp_subtype_tcga_lusc_luad_lung_gene_expression_subtype_prediction_slide,TCGA,0.704690841705116,0.4059606,published_benchmark_result,clip_b16,tcga,Yes,D1_no_detected_evidence_or_insufficient_disclosure,D_incomplete_or_ambiguous_disclosure,No detected evidence; independence cannot be assumed.
Hibou,lusc_vs_luad_tcga_lusc_luad_lung_diagnostic_histologic_subtyping_slide,TCGA,0.934897021539935,0.93968688483262,published_benchmark_result,hibou_b,tcga,Yes,D1_no_detected_evidence_or_insufficient_disclosure,D_incomplete_or_ambiguous_disclosure,No detected evidence; independence cannot be assumed.
H-optimus-0,lusc_vs_luad_tcga_lusc_luad_lung_diagnostic_histologic_subtyping_slide,TCGA,0.963658973882929,0.96805072020409,published_benchmark_result,h_optimus_0,tcga,Yes,D1_no_detected_evidence_or_insufficient_disclosure,D_incomplete_or_ambiguous_disclosure,No detected evidence; independence cannot be assumed.
UNI2,lusc_vs_luad_tcga_lusc_luad_lung_diagnostic_histologic_subtyping_slide,TCGA,0.964076126420355,0.965239586508624,published_benchmark_result,uni2,tcga,Yes,D1_no_detected_evidence_or_insufficient_disclosure,D_incomplete_or_ambiguous_disclosure,No detected evidence; independence cannot be assumed.
Phikon-v2,lusc_vs_luad_tcga_lusc_luad_lung_diagnostic_histologic_subtyping_slide,TCGA,0.942062040323344,0.93803997288016,published_benchmark_result,phikon_v2,tcga,Yes,D3_exact_dataset_exposure,B_explicit_primary_source_statement,The named evaluation dataset is reported in model development; independence cannot be assumed.
Virchow2,lusc_vs_luad_tcga_lusc_luad_lung_diagnostic_histologic_subtyping_slide,TCGA,0.961326445533866,0.964485438592772,published_benchmark_result,virchow2,tcga,Yes,D1_no_detected_evidence_or_insufficient_disclosure,D_incomplete_or_ambiguous_disclosure,No detected evidence; independence cannot be assumed.
TITAN,lusc_vs_luad_tcga_lusc_luad_lung_diagnostic_histologic_subtyping_slide,TCGA,0.917053176903551,0.917611086901729,published_benchmark_result,titan,tcga,Yes,D0_documented_disjoint,B_explicit_primary_source_statement,Version-specific disjointness is documented in the cited source.
UNI,lusc_vs_luad_tcga_lusc_luad_lung_diagnostic_histologic_subtyping_slide,TCGA,0.970695063231457,0.974543560279426,published_benchmark_result,uni,tcga,Yes,D0_documented_disjoint,B_explicit_primary_source_statement,Version-specific disjointness is documented in the cited source.
Prov-GigaPath,lusc_vs_luad_tcga_lusc_luad_lung_diagnostic_histologic_subtyping_slide,TCGA,0.967073993937125,0.97248821613495,published_benchmark_result,prov_gigapath,tcga,Yes,D1_no_detected_evidence_or_insufficient_disclosure,D_incomplete_or_ambiguous_disclosure,No detected evidence; independence cannot be assumed.
Virchow,lusc_vs_luad_tcga_lusc_luad_lung_diagnostic_histologic_subtyping_slide,TCGA,0.957191734923918,0.964198580637845,published_benchmark_result,virchow,tcga,Yes,D1_no_detected_evidence_or_insufficient_disclosure,D_incomplete_or_ambiguous_disclosure,No detected evidence; independence cannot be assumed.
QuiltNet-B-16,lusc_vs_luad_tcga_lusc_luad_lung_diagnostic_histologic_subtyping_slide,TCGA,0.841883095371861,0.829078621386627,published_benchmark_result,quiltnet_b16,tcga,Yes,D1_no_detected_evidence_or_insufficient_disclosure,D_incomplete_or_ambiguous_disclosure,No detected evidence; independence cannot be assumed.
PLIP,lusc_vs_luad_tcga_lusc_luad_lung_diagnostic_histologic_subtyping_slide,TCGA,0.859949074483902,0.840591013883492,published_benchmark_result,plip,tcga,Yes,D1_no_detected_evidence_or_insufficient_disclosure,D_incomplete_or_ambiguous_disclosure,No detected evidence; independence cannot be assumed.
BiomedCLIP,lusc_vs_luad_tcga_lusc_luad_lung_diagnostic_histologic_subtyping_slide,TCGA,0.804543943277328,0.786987957803082,published_benchmark_result,biomedclip,tcga,Yes,D1_no_detected_evidence_or_insufficient_disclosure,D_incomplete_or_ambiguous_disclosure,No detected evidence; independence cannot be assumed.
Dinov2,lusc_vs_luad_tcga_lusc_luad_lung_diagnostic_histologic_subtyping_slide,TCGA,0.922664504918794,0.905671613353828,published_benchmark_result,dinov2_l,tcga,Yes,D1_no_detected_evidence_or_insufficient_disclosure,D_incomplete_or_ambiguous_disclosure,No detected evidence; independence cannot be assumed.
Clip-B16,lusc_vs_luad_tcga_lusc_luad_lung_diagnostic_histologic_subtyping_slide,TCGA,0.805798272098132,0.792946746745307,published_benchmark_result,clip_b16,tcga,Yes,D1_no_detected_evidence_or_insufficient_disclosure,D_incomplete_or_ambiguous_disclosure,No detected evidence; independence cannot be assumed.
Hibou,cptac_myc_cptac_pan_cancer_pan_cancer_pathway_activation_status_prediction_slide,CPTAC,0.841279237063538,0.817612043805772,published_benchmark_result,hibou_b,cptac,Yes,D1_no_detected_evidence_or_insufficient_disclosure,D_incomplete_or_ambiguous_disclosure,No detected evidence; independence cannot be assumed.
H-optimus-0,cptac_myc_cptac_pan_cancer_pan_cancer_pathway_activation_status_prediction_slide,CPTAC,0.868140457024532,0.857196687004082,published_benchmark_result,h_optimus_0,cptac,Yes,D1_no_detected_evidence_or_insufficient_disclosure,D_incomplete_or_ambiguous_disclosure,No detected evidence; independence cannot be assumed.
UNI2,cptac_myc_cptac_pan_cancer_pan_cancer_pathway_activation_status_prediction_slide,CPTAC,0.85822122673784,0.846248291715831,published_benchmark_result,uni2,cptac,Yes,D1_no_detected_evidence_or_insufficient_disclosure,D_incomplete_or_ambiguous_disclosure,No detected evidence; independence cannot be assumed.
Phikon-v2,cptac_myc_cptac_pan_cancer_pan_cancer_pathway_activation_status_prediction_slide,CPTAC,0.825890362413154,0.819517576471634,published_benchmark_result,phikon_v2,cptac,Yes,D3_exact_dataset_exposure,B_explicit_primary_source_statement,The named evaluation dataset is reported in model development; independence cannot be assumed.
Virchow2,cptac_myc_cptac_pan_cancer_pan_cancer_pathway_activation_status_prediction_slide,CPTAC,0.845283596346704,0.832741473352166,published_benchmark_result,virchow2,cptac,Yes,D1_no_detected_evidence_or_insufficient_disclosure,D_incomplete_or_ambiguous_disclosure,No detected evidence; independence cannot be assumed.
TITAN,cptac_myc_cptac_pan_cancer_pan_cancer_pathway_activation_status_prediction_slide,CPTAC,0.802779561853094,0.7831265239451,published_benchmark_result,titan,cptac,Yes,D0_documented_disjoint,B_explicit_primary_source_statement,Version-specific disjointness is documented in the cited source.
UNI,cptac_myc_cptac_pan_cancer_pan_cancer_pathway_activation_status_prediction_slide,CPTAC,0.862741070901525,0.856514878712834,published_benchmark_result,uni,cptac,Yes,D0_documented_disjoint,B_explicit_primary_source_statement,Version-specific disjointness is documented in the cited source.
Prov-GigaPath,cptac_myc_cptac_pan_cancer_pan_cancer_pathway_activation_status_prediction_slide,CPTAC,0.862799312212498,0.860422602892162,published_benchmark_result,prov_gigapath,cptac,Yes,D1_no_detected_evidence_or_insufficient_disclosure,D_incomplete_or_ambiguous_disclosure,No detected evidence; independence cannot be assumed.
Virchow,cptac_myc_cptac_pan_cancer_pan_cancer_pathway_activation_status_prediction_slide,CPTAC,0.833875001604112,0.819980881708482,published_benchmark_result,virchow,cptac,Yes,D1_no_detected_evidence_or_insufficient_disclosure,D_incomplete_or_ambiguous_disclosure,No detected evidence; independence cannot be assumed.
QuiltNet-B-16,cptac_myc_cptac_pan_cancer_pan_cancer_pathway_activation_status_prediction_slide,CPTAC,0.752567681069641,0.730174063091629,published_benchmark_result,quiltnet_b16,cptac,Yes,D1_no_detected_evidence_or_insufficient_disclosure,D_incomplete_or_ambiguous_disclosure,No detected evidence; independence cannot be assumed.
PLIP,cptac_myc_cptac_pan_cancer_pan_cancer_pathway_activation_status_prediction_slide,CPTAC,0.757556516992096,0.723027465284959,published_benchmark_result,plip,cptac,Yes,D1_no_detected_evidence_or_insufficient_disclosure,D_incomplete_or_ambiguous_disclosure,No detected evidence; independence cannot be assumed.
BiomedCLIP,cptac_myc_cptac_pan_cancer_pan_cancer_pathway_activation_status_prediction_slide,CPTAC,0.729525316674339,0.700611014142383,published_benchmark_result,biomedclip,cptac,Yes,D1_no_detected_evidence_or_insufficient_disclosure,D_incomplete_or_ambiguous_disclosure,No detected evidence; independence cannot be assumed.
Dinov2,cptac_myc_cptac_pan_cancer_pan_cancer_pathway_activation_status_prediction_slide,CPTAC,0.827943789649241,0.806970735910028,published_benchmark_result,dinov2_l,cptac,Yes,D1_no_detected_evidence_or_insufficient_disclosure,D_incomplete_or_ambiguous_disclosure,No detected evidence; independence cannot be assumed.
Clip-B16,cptac_myc_cptac_pan_cancer_pan_cancer_pathway_activation_status_prediction_slide,CPTAC,0.729170469927288,0.696733170383146,published_benchmark_result,clip_b16,cptac,Yes,D1_no_detected_evidence_or_insufficient_disclosure,D_incomplete_or_ambiguous_disclosure,No detected evidence; independence cannot be assumed.
Hibou,chrom_cptac_pan_cancer_pan_cancer_pathway_activation_status_prediction_slide,CPTAC,0.798761224681166,0.797088862648296,published_benchmark_result,hibou_b,cptac,Yes,D1_no_detected_evidence_or_insufficient_disclosure,D_incomplete_or_ambiguous_disclosure,No detected evidence; independence cannot be assumed.
H-optimus-0,chrom_cptac_pan_cancer_pan_cancer_pathway_activation_status_prediction_slide,CPTAC,0.82309058111973,0.788038673699826,published_benchmark_result,h_optimus_0,cptac,Yes,D1_no_detected_evidence_or_insufficient_disclosure,D_incomplete_or_ambiguous_disclosure,No detected evidence; independence cannot be assumed.
UNI2,chrom_cptac_pan_cancer_pan_cancer_pathway_activation_status_prediction_slide,CPTAC,0.82488638775996,0.778455326111568,published_benchmark_result,uni2,cptac,Yes,D1_no_detected_evidence_or_insufficient_disclosure,D_incomplete_or_ambiguous_disclosure,No detected evidence; independence cannot be assumed.
Phikon-v2,chrom_cptac_pan_cancer_pan_cancer_pathway_activation_status_prediction_slide,CPTAC,0.770948113794672,0.755961696184795,published_benchmark_result,phikon_v2,cptac,Yes,D3_exact_dataset_exposure,B_explicit_primary_source_statement,The named evaluation dataset is reported in model development; independence cannot be assumed.
Virchow2,chrom_cptac_pan_cancer_pan_cancer_pathway_activation_status_prediction_slide,CPTAC,0.80915579949492,0.773088220993575,published_benchmark_result,virchow2,cptac,Yes,D1_no_detected_evidence_or_insufficient_disclosure,D_incomplete_or_ambiguous_disclosure,No detected evidence; independence cannot be assumed.
TITAN,chrom_cptac_pan_cancer_pan_cancer_pathway_activation_status_prediction_slide,CPTAC,0.723428156802531,0.711077831765391,published_benchmark_result,titan,cptac,Yes,D0_documented_disjoint,B_explicit_primary_source_statement,Version-specific disjointness is documented in the cited source.
UNI,chrom_cptac_pan_cancer_pan_cancer_pathway_activation_status_prediction_slide,CPTAC,0.835665430773126,0.823049789819373,published_benchmark_result,uni,cptac,Yes,D0_documented_disjoint,B_explicit_primary_source_statement,Version-specific disjointness is documented in the cited source.
Prov-GigaPath,chrom_cptac_pan_cancer_pan_cancer_pathway_activation_status_prediction_slide,CPTAC,0.80538695220416,0.785737840201596,published_benchmark_result,prov_gigapath,cptac,Yes,D1_no_detected_evidence_or_insufficient_disclosure,D_incomplete_or_ambiguous_disclosure,No detected evidence; independence cannot be assumed.
Virchow,chrom_cptac_pan_cancer_pan_cancer_pathway_activation_status_prediction_slide,CPTAC,0.823569871121265,0.801814513082931,published_benchmark_result,virchow,cptac,Yes,D1_no_detected_evidence_or_insufficient_disclosure,D_incomplete_or_ambiguous_disclosure,No detected evidence; independence cannot be assumed.
QuiltNet-B-16,chrom_cptac_pan_cancer_pan_cancer_pathway_activation_status_prediction_slide,CPTAC,0.691125235519334,0.719561071511035,published_benchmark_result,quiltnet_b16,cptac,Yes,D1_no_detected_evidence_or_insufficient_disclosure,D_incomplete_or_ambiguous_disclosure,No detected evidence; independence cannot be assumed.
PLIP,chrom_cptac_pan_cancer_pan_cancer_pathway_activation_status_prediction_slide,CPTAC,0.732593668403613,0.752958291972087,published_benchmark_result,plip,cptac,Yes,D1_no_detected_evidence_or_insufficient_disclosure,D_incomplete_or_ambiguous_disclosure,No detected evidence; independence cannot be assumed.
BiomedCLIP,chrom_cptac_pan_cancer_pan_cancer_pathway_activation_status_prediction_slide,CPTAC,0.666044514273226,0.665767326053287,published_benchmark_result,biomedclip,cptac,Yes,D1_no_detected_evidence_or_insufficient_disclosure,D_incomplete_or_ambiguous_disclosure,No detected evidence; independence cannot be assumed.
Dinov2,chrom_cptac_pan_cancer_pan_cancer_pathway_activation_status_prediction_slide,CPTAC,0.725474781647308,0.7267389592119,published_benchmark_result,dinov2_l,cptac,Yes,D1_no_detected_evidence_or_insufficient_disclosure,D_incomplete_or_ambiguous_disclosure,No detected evidence; independence cannot be assumed.
Clip-B16,chrom_cptac_pan_cancer_pan_cancer_pathway_activation_status_prediction_slide,CPTAC,0.681923614561025,0.686541483364134,published_benchmark_result,clip_b16,cptac,Yes,D1_no_detected_evidence_or_insufficient_disclosure,D_incomplete_or_ambiguous_disclosure,No detected evidence; independence cannot be assumed.
Hibou,cptac_grade_cptac_pan_cancer_pan_cancer_diagnostic_tumor_grading_slide,CPTAC,0.751370857937588,0.5501804,published_benchmark_result,hibou_b,cptac,Yes,D1_no_detected_evidence_or_insufficient_disclosure,D_incomplete_or_ambiguous_disclosure,No detected evidence; independence cannot be assumed.
H-optimus-0,cptac_grade_cptac_pan_cancer_pan_cancer_diagnostic_tumor_grading_slide,CPTAC,0.830044543191467,0.6622333,published_benchmark_result,h_optimus_0,cptac,Yes,D1_no_detected_evidence_or_insufficient_disclosure,D_incomplete_or_ambiguous_disclosure,No detected evidence; independence cannot be assumed.
UNI2,cptac_grade_cptac_pan_cancer_pan_cancer_diagnostic_tumor_grading_slide,CPTAC,0.8282135647311,0.6827726,published_benchmark_result,uni2,cptac,Yes,D1_no_detected_evidence_or_insufficient_disclosure,D_incomplete_or_ambiguous_disclosure,No detected evidence; independence cannot be assumed.
Phikon-v2,cptac_grade_cptac_pan_cancer_pan_cancer_diagnostic_tumor_grading_slide,CPTAC,0.793619274476974,0.6250587,published_benchmark_result,phikon_v2,cptac,Yes,D3_exact_dataset_exposure,B_explicit_primary_source_statement,The named evaluation dataset is reported in model development; independence cannot be assumed.
Virchow2,cptac_grade_cptac_pan_cancer_pan_cancer_diagnostic_tumor_grading_slide,CPTAC,0.804572287759235,0.6257872,published_benchmark_result,virchow2,cptac,Yes,D1_no_detected_evidence_or_insufficient_disclosure,D_incomplete_or_ambiguous_disclosure,No detected evidence; independence cannot be assumed.
TITAN,cptac_grade_cptac_pan_cancer_pan_cancer_diagnostic_tumor_grading_slide,CPTAC,0.732174928325874,0.5055125,published_benchmark_result,titan,cptac,Yes,D0_documented_disjoint,B_explicit_primary_source_statement,Version-specific disjointness is documented in the cited source.
UNI,cptac_grade_cptac_pan_cancer_pan_cancer_diagnostic_tumor_grading_slide,CPTAC,0.818445569651286,0.652931,published_benchmark_result,uni,cptac,Yes,D0_documented_disjoint,B_explicit_primary_source_statement,Version-specific disjointness is documented in the cited source.
Prov-GigaPath,cptac_grade_cptac_pan_cancer_pan_cancer_diagnostic_tumor_grading_slide,CPTAC,0.786433517304035,0.5984895,published_benchmark_result,prov_gigapath,cptac,Yes,D1_no_detected_evidence_or_insufficient_disclosure,D_incomplete_or_ambiguous_disclosure,No detected evidence; independence cannot be assumed.
Virchow,cptac_grade_cptac_pan_cancer_pan_cancer_diagnostic_tumor_grading_slide,CPTAC,0.813901518980198,0.6326643,published_benchmark_result,virchow,cptac,Yes,D1_no_detected_evidence_or_insufficient_disclosure,D_incomplete_or_ambiguous_disclosure,No detected evidence; independence cannot be assumed.
QuiltNet-B-16,cptac_grade_cptac_pan_cancer_pan_cancer_diagnostic_tumor_grading_slide,CPTAC,0.72024559652881,0.5095684,published_benchmark_result,quiltnet_b16,cptac,Yes,D1_no_detected_evidence_or_insufficient_disclosure,D_incomplete_or_ambiguous_disclosure,No detected evidence; independence cannot be assumed.
PLIP,cptac_grade_cptac_pan_cancer_pan_cancer_diagnostic_tumor_grading_slide,CPTAC,0.73465492643351,0.5291129,published_benchmark_result,plip,cptac,Yes,D1_no_detected_evidence_or_insufficient_disclosure,D_incomplete_or_ambiguous_disclosure,No detected evidence; independence cannot be assumed.
BiomedCLIP,cptac_grade_cptac_pan_cancer_pan_cancer_diagnostic_tumor_grading_slide,CPTAC,0.712347661450322,0.5220601,published_benchmark_result,biomedclip,cptac,Yes,D1_no_detected_evidence_or_insufficient_disclosure,D_incomplete_or_ambiguous_disclosure,No detected evidence; independence cannot be assumed.
Dinov2,cptac_grade_cptac_pan_cancer_pan_cancer_diagnostic_tumor_grading_slide,CPTAC,0.703488864265238,0.5112207,published_benchmark_result,dinov2_l,cptac,Yes,D1_no_detected_evidence_or_insufficient_disclosure,D_incomplete_or_ambiguous_disclosure,No detected evidence; independence cannot be assumed.
Clip-B16,cptac_grade_cptac_pan_cancer_pan_cancer_diagnostic_tumor_grading_slide,CPTAC,0.727419317117525,0.55527,published_benchmark_result,clip_b16,cptac,Yes,D1_no_detected_evidence_or_insufficient_disclosure,D_incomplete_or_ambiguous_disclosure,No detected evidence; independence cannot be assumed.
Hibou,tumor_label_cptac_pan_cancer_pan_cancer_diagnostic_histologic_subtyping_slide,CPTAC,0.984467775428643,0.9251454,published_benchmark_result,hibou_b,cptac,Yes,D1_no_detected_evidence_or_insufficient_disclosure,D_incomplete_or_ambiguous_disclosure,No detected evidence; independence cannot be assumed.
H-optimus-0,tumor_label_cptac_pan_cancer_pan_cancer_diagnostic_histologic_subtyping_slide,CPTAC,0.995156149388984,0.9739482,published_benchmark_result,h_optimus_0,cptac,Yes,D1_no_detected_evidence_or_insufficient_disclosure,D_incomplete_or_ambiguous_disclosure,No detected evidence; independence cannot be assumed.
UNI2,tumor_label_cptac_pan_cancer_pan_cancer_diagnostic_histologic_subtyping_slide,CPTAC,0.99368484081754,0.9671198,published_benchmark_result,uni2,cptac,Yes,D1_no_detected_evidence_or_insufficient_disclosure,D_incomplete_or_ambiguous_disclosure,No detected evidence; independence cannot be assumed.
Phikon-v2,tumor_label_cptac_pan_cancer_pan_cancer_diagnostic_histologic_subtyping_slide,CPTAC,0.986430112509797,0.9292123,published_benchmark_result,phikon_v2,cptac,Yes,D3_exact_dataset_exposure,B_explicit_primary_source_statement,The named evaluation dataset is reported in model development; independence cannot be assumed.
Virchow2,tumor_label_cptac_pan_cancer_pan_cancer_diagnostic_histologic_subtyping_slide,CPTAC,0.99568043230219,0.9774529,published_benchmark_result,virchow2,cptac,Yes,D1_no_detected_evidence_or_insufficient_disclosure,D_incomplete_or_ambiguous_disclosure,No detected evidence; independence cannot be assumed.
TITAN,tumor_label_cptac_pan_cancer_pan_cancer_diagnostic_histologic_subtyping_slide,CPTAC,0.994185555221769,0.9696903,published_benchmark_result,titan,cptac,Yes,D0_documented_disjoint,B_explicit_primary_source_statement,Version-specific disjointness is documented in the cited source.
UNI,tumor_label_cptac_pan_cancer_pan_cancer_diagnostic_histologic_subtyping_slide,CPTAC,0.996142591162374,0.9797957,published_benchmark_result,uni,cptac,Yes,D0_documented_disjoint,B_explicit_primary_source_statement,Version-specific disjointness is documented in the cited source.
Prov-GigaPath,tumor_label_cptac_pan_cancer_pan_cancer_diagnostic_histologic_subtyping_slide,CPTAC,0.997394097365157,0.9857102,published_benchmark_result,prov_gigapath,cptac,Yes,D1_no_detected_evidence_or_insufficient_disclosure,D_incomplete_or_ambiguous_disclosure,No detected evidence; independence cannot be assumed.
Virchow,tumor_label_cptac_pan_cancer_pan_cancer_diagnostic_histologic_subtyping_slide,CPTAC,0.995152663376287,0.9740087,published_benchmark_result,virchow,cptac,Yes,D1_no_detected_evidence_or_insufficient_disclosure,D_incomplete_or_ambiguous_disclosure,No detected evidence; independence cannot be assumed.
QuiltNet-B-16,tumor_label_cptac_pan_cancer_pan_cancer_diagnostic_histologic_subtyping_slide,CPTAC,0.956165297000612,0.8272419,published_benchmark_result,quiltnet_b16,cptac,Yes,D1_no_detected_evidence_or_insufficient_disclosure,D_incomplete_or_ambiguous_disclosure,No detected evidence; independence cannot be assumed.
PLIP,tumor_label_cptac_pan_cancer_pan_cancer_diagnostic_histologic_subtyping_slide,CPTAC,0.954927279641571,0.8172105,published_benchmark_result,plip,cptac,Yes,D1_no_detected_evidence_or_insufficient_disclosure,D_incomplete_or_ambiguous_disclosure,No detected evidence; independence cannot be assumed.
BiomedCLIP,tumor_label_cptac_pan_cancer_pan_cancer_diagnostic_histologic_subtyping_slide,CPTAC,0.921856445654274,0.7262223,published_benchmark_result,biomedclip,cptac,Yes,D1_no_detected_evidence_or_insufficient_disclosure,D_incomplete_or_ambiguous_disclosure,No detected evidence; independence cannot be assumed.
Dinov2,tumor_label_cptac_pan_cancer_pan_cancer_diagnostic_histologic_subtyping_slide,CPTAC,0.979283575050558,0.9142133,published_benchmark_result,dinov2_l,cptac,Yes,D1_no_detected_evidence_or_insufficient_disclosure,D_incomplete_or_ambiguous_disclosure,No detected evidence; independence cannot be assumed.
Clip-B16,tumor_label_cptac_pan_cancer_pan_cancer_diagnostic_histologic_subtyping_slide,CPTAC,0.919276175910532,0.7188989,published_benchmark_result,clip_b16,cptac,Yes,D1_no_detected_evidence_or_insufficient_disclosure,D_incomplete_or_ambiguous_disclosure,No detected evidence; independence cannot be assumed.
Hibou,mtor_cptac_pan_cancer_pan_cancer_pathway_activation_status_prediction_slide,CPTAC,0.747881174061794,0.719683386004526,published_benchmark_result,hibou_b,cptac,Yes,D1_no_detected_evidence_or_insufficient_disclosure,D_incomplete_or_ambiguous_disclosure,No detected evidence; independence cannot be assumed.
H-optimus-0,mtor_cptac_pan_cancer_pan_cancer_pathway_activation_status_prediction_slide,CPTAC,0.771868558428694,0.738364463434714,published_benchmark_result,h_optimus_0,cptac,Yes,D1_no_detected_evidence_or_insufficient_disclosure,D_incomplete_or_ambiguous_disclosure,No detected evidence; independence cannot be assumed.
UNI2,mtor_cptac_pan_cancer_pan_cancer_pathway_activation_status_prediction_slide,CPTAC,0.772652153858972,0.75180103254169,published_benchmark_result,uni2,cptac,Yes,D1_no_detected_evidence_or_insufficient_disclosure,D_incomplete_or_ambiguous_disclosure,No detected evidence; independence cannot be assumed.
Phikon-v2,mtor_cptac_pan_cancer_pan_cancer_pathway_activation_status_prediction_slide,CPTAC,0.760063197924682,0.753196868300469,published_benchmark_result,phikon_v2,cptac,Yes,D3_exact_dataset_exposure,B_explicit_primary_source_statement,The named evaluation dataset is reported in model development; independence cannot be assumed.
Virchow2,mtor_cptac_pan_cancer_pan_cancer_pathway_activation_status_prediction_slide,CPTAC,0.765650189441821,0.737910955634587,published_benchmark_result,virchow2,cptac,Yes,D1_no_detected_evidence_or_insufficient_disclosure,D_incomplete_or_ambiguous_disclosure,No detected evidence; independence cannot be assumed.
TITAN,mtor_cptac_pan_cancer_pan_cancer_pathway_activation_status_prediction_slide,CPTAC,0.741894359149339,0.724125789183182,published_benchmark_result,titan,cptac,Yes,D0_documented_disjoint,B_explicit_primary_source_statement,Version-specific disjointness is documented in the cited source.
UNI,mtor_cptac_pan_cancer_pan_cancer_pathway_activation_status_prediction_slide,CPTAC,0.777375111943569,0.735243235179467,published_benchmark_result,uni,cptac,Yes,D0_documented_disjoint,B_explicit_primary_source_statement,Version-specific disjointness is documented in the cited source.
Prov-GigaPath,mtor_cptac_pan_cancer_pan_cancer_pathway_activation_status_prediction_slide,CPTAC,0.768121626603418,0.73700185829664,published_benchmark_result,prov_gigapath,cptac,Yes,D1_no_detected_evidence_or_insufficient_disclosure,D_incomplete_or_ambiguous_disclosure,No detected evidence; independence cannot be assumed.
Virchow,mtor_cptac_pan_cancer_pan_cancer_pathway_activation_status_prediction_slide,CPTAC,0.760518336005614,0.739007262306801,published_benchmark_result,virchow,cptac,Yes,D1_no_detected_evidence_or_insufficient_disclosure,D_incomplete_or_ambiguous_disclosure,No detected evidence; independence cannot be assumed.
QuiltNet-B-16,mtor_cptac_pan_cancer_pan_cancer_pathway_activation_status_prediction_slide,CPTAC,0.668552145478559,0.66874303338803,published_benchmark_result,quiltnet_b16,cptac,Yes,D1_no_detected_evidence_or_insufficient_disclosure,D_incomplete_or_ambiguous_disclosure,No detected evidence; independence cannot be assumed.
PLIP,mtor_cptac_pan_cancer_pan_cancer_pathway_activation_status_prediction_slide,CPTAC,0.689780156020302,0.681215606473928,published_benchmark_result,plip,cptac,Yes,D1_no_detected_evidence_or_insufficient_disclosure,D_incomplete_or_ambiguous_disclosure,No detected evidence; independence cannot be assumed.
BiomedCLIP,mtor_cptac_pan_cancer_pan_cancer_pathway_activation_status_prediction_slide,CPTAC,0.667194574753701,0.660175667035771,published_benchmark_result,biomedclip,cptac,Yes,D1_no_detected_evidence_or_insufficient_disclosure,D_incomplete_or_ambiguous_disclosure,No detected evidence; independence cannot be assumed.
Dinov2,mtor_cptac_pan_cancer_pan_cancer_pathway_activation_status_prediction_slide,CPTAC,0.74729193640743,0.74093737531298,published_benchmark_result,dinov2_l,cptac,Yes,D1_no_detected_evidence_or_insufficient_disclosure,D_incomplete_or_ambiguous_disclosure,No detected evidence; independence cannot be assumed.
Clip-B16,mtor_cptac_pan_cancer_pan_cancer_pathway_activation_status_prediction_slide,CPTAC,0.664169019412825,0.660278414167414,published_benchmark_result,clip_b16,cptac,Yes,D1_no_detected_evidence_or_insufficient_disclosure,D_incomplete_or_ambiguous_disclosure,No detected evidence; independence cannot be assumed.
Hibou,p53_cptac_pan_cancer_pan_cancer_pathway_activation_status_prediction_slide,CPTAC,0.886252901503844,0.881345744590089,published_benchmark_result,hibou_b,cptac,Yes,D1_no_detected_evidence_or_insufficient_disclosure,D_incomplete_or_ambiguous_disclosure,No detected evidence; independence cannot be assumed.
H-optimus-0,p53_cptac_pan_cancer_pan_cancer_pathway_activation_status_prediction_slide,CPTAC,0.912539823484647,0.925757842102047,published_benchmark_result,h_optimus_0,cptac,Yes,D1_no_detected_evidence_or_insufficient_disclosure,D_incomplete_or_ambiguous_disclosure,No detected evidence; independence cannot be assumed.
UNI2,p53_cptac_pan_cancer_pan_cancer_pathway_activation_status_prediction_slide,CPTAC,0.889129356420782,0.907473322443007,published_benchmark_result,uni2,cptac,Yes,D1_no_detected_evidence_or_insufficient_disclosure,D_incomplete_or_ambiguous_disclosure,No detected evidence; independence cannot be assumed.
Phikon-v2,p53_cptac_pan_cancer_pan_cancer_pathway_activation_status_prediction_slide,CPTAC,0.892618970968077,0.896294814739473,published_benchmark_result,phikon_v2,cptac,Yes,D3_exact_dataset_exposure,B_explicit_primary_source_statement,The named evaluation dataset is reported in model development; independence cannot be assumed.
Virchow2,p53_cptac_pan_cancer_pan_cancer_pathway_activation_status_prediction_slide,CPTAC,0.900241511241338,0.917306034528005,published_benchmark_result,virchow2,cptac,Yes,D1_no_detected_evidence_or_insufficient_disclosure,D_incomplete_or_ambiguous_disclosure,No detected evidence; independence cannot be assumed.
TITAN,p53_cptac_pan_cancer_pan_cancer_pathway_activation_status_prediction_slide,CPTAC,0.8711515704106,0.876842634175443,published_benchmark_result,titan,cptac,Yes,D0_documented_disjoint,B_explicit_primary_source_statement,Version-specific disjointness is documented in the cited source.
UNI,p53_cptac_pan_cancer_pan_cancer_pathway_activation_status_prediction_slide,CPTAC,0.894045703594926,0.910933932781799,published_benchmark_result,uni,cptac,Yes,D0_documented_disjoint,B_explicit_primary_source_statement,Version-specific disjointness is documented in the cited source.
Prov-GigaPath,p53_cptac_pan_cancer_pan_cancer_pathway_activation_status_prediction_slide,CPTAC,0.894034866286854,0.913722411311383,published_benchmark_result,prov_gigapath,cptac,Yes,D1_no_detected_evidence_or_insufficient_disclosure,D_incomplete_or_ambiguous_disclosure,No detected evidence; independence cannot be assumed.
Virchow,p53_cptac_pan_cancer_pan_cancer_pathway_activation_status_prediction_slide,CPTAC,0.900196060051378,0.91130837976744,published_benchmark_result,virchow,cptac,Yes,D1_no_detected_evidence_or_insufficient_disclosure,D_incomplete_or_ambiguous_disclosure,No detected evidence; independence cannot be assumed.
QuiltNet-B-16,p53_cptac_pan_cancer_pan_cancer_pathway_activation_status_prediction_slide,CPTAC,0.828869697172478,0.831615399283126,published_benchmark_result,quiltnet_b16,cptac,Yes,D1_no_detected_evidence_or_insufficient_disclosure,D_incomplete_or_ambiguous_disclosure,No detected evidence; independence cannot be assumed.
PLIP,p53_cptac_pan_cancer_pan_cancer_pathway_activation_status_prediction_slide,CPTAC,0.803690399742346,0.810550582180189,published_benchmark_result,plip,cptac,Yes,D1_no_detected_evidence_or_insufficient_disclosure,D_incomplete_or_ambiguous_disclosure,No detected evidence; independence cannot be assumed.
BiomedCLIP,p53_cptac_pan_cancer_pan_cancer_pathway_activation_status_prediction_slide,CPTAC,0.779358213055558,0.780547860725174,published_benchmark_result,biomedclip,cptac,Yes,D1_no_detected_evidence_or_insufficient_disclosure,D_incomplete_or_ambiguous_disclosure,No detected evidence; independence cannot be assumed.
Dinov2,p53_cptac_pan_cancer_pan_cancer_pathway_activation_status_prediction_slide,CPTAC,0.856944038884925,0.870662431354263,published_benchmark_result,dinov2_l,cptac,Yes,D1_no_detected_evidence_or_insufficient_disclosure,D_incomplete_or_ambiguous_disclosure,No detected evidence; independence cannot be assumed.
Clip-B16,p53_cptac_pan_cancer_pan_cancer_pathway_activation_status_prediction_slide,CPTAC,0.778359394702736,0.78115735502386,published_benchmark_result,clip_b16,cptac,Yes,D1_no_detected_evidence_or_insufficient_disclosure,D_incomplete_or_ambiguous_disclosure,No detected evidence; independence cannot be assumed.
Hibou,swi_cptac_pan_cancer_pan_cancer_pathway_activation_status_prediction_slide,CPTAC,0.785902182541828,0.797388724013233,published_benchmark_result,hibou_b,cptac,Yes,D1_no_detected_evidence_or_insufficient_disclosure,D_incomplete_or_ambiguous_disclosure,No detected evidence; independence cannot be assumed.
H-optimus-0,swi_cptac_pan_cancer_pan_cancer_pathway_activation_status_prediction_slide,CPTAC,0.836284008849234,0.803840659028176,published_benchmark_result,h_optimus_0,cptac,Yes,D1_no_detected_evidence_or_insufficient_disclosure,D_incomplete_or_ambiguous_disclosure,No detected evidence; independence cannot be assumed.
UNI2,swi_cptac_pan_cancer_pan_cancer_pathway_activation_status_prediction_slide,CPTAC,0.82184797682502,0.805109440669449,published_benchmark_result,uni2,cptac,Yes,D1_no_detected_evidence_or_insufficient_disclosure,D_incomplete_or_ambiguous_disclosure,No detected evidence; independence cannot be assumed.
Phikon-v2,swi_cptac_pan_cancer_pan_cancer_pathway_activation_status_prediction_slide,CPTAC,0.804194741522657,0.79715523600834,published_benchmark_result,phikon_v2,cptac,Yes,D3_exact_dataset_exposure,B_explicit_primary_source_statement,The named evaluation dataset is reported in model development; independence cannot be assumed.
Virchow2,swi_cptac_pan_cancer_pan_cancer_pathway_activation_status_prediction_slide,CPTAC,0.843602952714925,0.816697845562742,published_benchmark_result,virchow2,cptac,Yes,D1_no_detected_evidence_or_insufficient_disclosure,D_incomplete_or_ambiguous_disclosure,No detected evidence; independence cannot be assumed.
TITAN,swi_cptac_pan_cancer_pan_cancer_pathway_activation_status_prediction_slide,CPTAC,0.747835911863866,0.750221323238577,published_benchmark_result,titan,cptac,Yes,D0_documented_disjoint,B_explicit_primary_source_statement,Version-specific disjointness is documented in the cited source.
UNI,swi_cptac_pan_cancer_pan_cancer_pathway_activation_status_prediction_slide,CPTAC,0.823625075641608,0.788545787558328,published_benchmark_result,uni,cptac,Yes,D0_documented_disjoint,B_explicit_primary_source_statement,Version-specific disjointness is documented in the cited source.
Prov-GigaPath,swi_cptac_pan_cancer_pan_cancer_pathway_activation_status_prediction_slide,CPTAC,0.8192386881991,0.80835052826756,published_benchmark_result,prov_gigapath,cptac,Yes,D1_no_detected_evidence_or_insufficient_disclosure,D_incomplete_or_ambiguous_disclosure,No detected evidence; independence cannot be assumed.
Virchow,swi_cptac_pan_cancer_pan_cancer_pathway_activation_status_prediction_slide,CPTAC,0.816363409787136,0.808055811711947,published_benchmark_result,virchow,cptac,Yes,D1_no_detected_evidence_or_insufficient_disclosure,D_incomplete_or_ambiguous_disclosure,No detected evidence; independence cannot be assumed.
QuiltNet-B-16,swi_cptac_pan_cancer_pan_cancer_pathway_activation_status_prediction_slide,CPTAC,0.74269885339212,0.759364497923961,published_benchmark_result,quiltnet_b16,cptac,Yes,D1_no_detected_evidence_or_insufficient_disclosure,D_incomplete_or_ambiguous_disclosure,No detected evidence; independence cannot be assumed.
PLIP,swi_cptac_pan_cancer_pan_cancer_pathway_activation_status_prediction_slide,CPTAC,0.760017689436895,0.769212952471672,published_benchmark_result,plip,cptac,Yes,D1_no_detected_evidence_or_insufficient_disclosure,D_incomplete_or_ambiguous_disclosure,No detected evidence; independence cannot be assumed.
BiomedCLIP,swi_cptac_pan_cancer_pan_cancer_pathway_activation_status_prediction_slide,CPTAC,0.756209349483989,0.756825479688372,published_benchmark_result,biomedclip,cptac,Yes,D1_no_detected_evidence_or_insufficient_disclosure,D_incomplete_or_ambiguous_disclosure,No detected evidence; independence cannot be assumed.
Dinov2,swi_cptac_pan_cancer_pan_cancer_pathway_activation_status_prediction_slide,CPTAC,0.785764112032076,0.781608601816615,published_benchmark_result,dinov2_l,cptac,Yes,D1_no_detected_evidence_or_insufficient_disclosure,D_incomplete_or_ambiguous_disclosure,No detected evidence; independence cannot be assumed.
Clip-B16,swi_cptac_pan_cancer_pan_cancer_pathway_activation_status_prediction_slide,CPTAC,0.752636346636181,0.748252196163146,published_benchmark_result,clip_b16,cptac,Yes,D1_no_detected_evidence_or_insufficient_disclosure,D_incomplete_or_ambiguous_disclosure,No detected evidence; independence cannot be assumed.
Hibou,gi_subtype_tcga_gi_gi_biomarker_status_prediction_slide,TCGA,0.681374738744163,0.5287717,published_benchmark_result,hibou_b,tcga,Yes,D1_no_detected_evidence_or_insufficient_disclosure,D_incomplete_or_ambiguous_disclosure,No detected evidence; independence cannot be assumed.
H-optimus-0,gi_subtype_tcga_gi_gi_biomarker_status_prediction_slide,TCGA,0.717416802613435,0.5718789,published_benchmark_result,h_optimus_0,tcga,Yes,D1_no_detected_evidence_or_insufficient_disclosure,D_incomplete_or_ambiguous_disclosure,No detected evidence; independence cannot be assumed.
UNI2,gi_subtype_tcga_gi_gi_biomarker_status_prediction_slide,TCGA,0.712161240194698,0.5608603,published_benchmark_result,uni2,tcga,Yes,D1_no_detected_evidence_or_insufficient_disclosure,D_incomplete_or_ambiguous_disclosure,No detected evidence; independence cannot be assumed.
Phikon-v2,gi_subtype_tcga_gi_gi_biomarker_status_prediction_slide,TCGA,0.649692469421767,0.4927085,published_benchmark_result,phikon_v2,tcga,Yes,D3_exact_dataset_exposure,B_explicit_primary_source_statement,The named evaluation dataset is reported in model development; independence cannot be assumed.
Virchow2,gi_subtype_tcga_gi_gi_biomarker_status_prediction_slide,TCGA,0.747816871891738,0.5947191,published_benchmark_result,virchow2,tcga,Yes,D1_no_detected_evidence_or_insufficient_disclosure,D_incomplete_or_ambiguous_disclosure,No detected evidence; independence cannot be assumed.
TITAN,gi_subtype_tcga_gi_gi_biomarker_status_prediction_slide,TCGA,0.661020934869531,0.5040818,published_benchmark_result,titan,tcga,Yes,D0_documented_disjoint,B_explicit_primary_source_statement,Version-specific disjointness is documented in the cited source.
UNI,gi_subtype_tcga_gi_gi_biomarker_status_prediction_slide,TCGA,0.735065241534344,0.5873038,published_benchmark_result,uni,tcga,Yes,D0_documented_disjoint,B_explicit_primary_source_statement,Version-specific disjointness is documented in the cited source.
Prov-GigaPath,gi_subtype_tcga_gi_gi_biomarker_status_prediction_slide,TCGA,0.733597118367703,0.5825415,published_benchmark_result,prov_gigapath,tcga,Yes,D1_no_detected_evidence_or_insufficient_disclosure,D_incomplete_or_ambiguous_disclosure,No detected evidence; independence cannot be assumed.
Virchow,gi_subtype_tcga_gi_gi_biomarker_status_prediction_slide,TCGA,0.697400080806576,0.5432438,published_benchmark_result,virchow,tcga,Yes,D1_no_detected_evidence_or_insufficient_disclosure,D_incomplete_or_ambiguous_disclosure,No detected evidence; independence cannot be assumed.
QuiltNet-B-16,gi_subtype_tcga_gi_gi_biomarker_status_prediction_slide,TCGA,0.561305011151047,0.3965188,published_benchmark_result,quiltnet_b16,tcga,Yes,D1_no_detected_evidence_or_insufficient_disclosure,D_incomplete_or_ambiguous_disclosure,No detected evidence; independence cannot be assumed.
PLIP,gi_subtype_tcga_gi_gi_biomarker_status_prediction_slide,TCGA,0.56057238530195,0.4180968,published_benchmark_result,plip,tcga,Yes,D1_no_detected_evidence_or_insufficient_disclosure,D_incomplete_or_ambiguous_disclosure,No detected evidence; independence cannot be assumed.
BiomedCLIP,gi_subtype_tcga_gi_gi_biomarker_status_prediction_slide,TCGA,0.582908913398139,0.4230775,published_benchmark_result,biomedclip,tcga,Yes,D1_no_detected_evidence_or_insufficient_disclosure,D_incomplete_or_ambiguous_disclosure,No detected evidence; independence cannot be assumed.
Dinov2,gi_subtype_tcga_gi_gi_biomarker_status_prediction_slide,TCGA,0.626578855193158,0.48553,published_benchmark_result,dinov2_l,tcga,Yes,D1_no_detected_evidence_or_insufficient_disclosure,D_incomplete_or_ambiguous_disclosure,No detected evidence; independence cannot be assumed.
Clip-B16,gi_subtype_tcga_gi_gi_biomarker_status_prediction_slide,TCGA,0.590312213262262,0.4286284,published_benchmark_result,clip_b16,tcga,Yes,D1_no_detected_evidence_or_insufficient_disclosure,D_incomplete_or_ambiguous_disclosure,No detected evidence; independence cannot be assumed.
Hibou,erg_status_tcga_prad_prostate_biomarker_status_prediction_slide,TCGA,0.739900288586477,0.764993613691364,published_benchmark_result,hibou_b,tcga,Yes,D1_no_detected_evidence_or_insufficient_disclosure,D_incomplete_or_ambiguous_disclosure,No detected evidence; independence cannot be assumed.
H-optimus-0,erg_status_tcga_prad_prostate_biomarker_status_prediction_slide,TCGA,0.80474221722087,0.82607207921751,published_benchmark_result,h_optimus_0,tcga,Yes,D1_no_detected_evidence_or_insufficient_disclosure,D_incomplete_or_ambiguous_disclosure,No detected evidence; independence cannot be assumed.
UNI2,erg_status_tcga_prad_prostate_biomarker_status_prediction_slide,TCGA,0.78272116169696,0.81554519297978,published_benchmark_result,uni2,tcga,Yes,D1_no_detected_evidence_or_insufficient_disclosure,D_incomplete_or_ambiguous_disclosure,No detected evidence; independence cannot be assumed.
Phikon-v2,erg_status_tcga_prad_prostate_biomarker_status_prediction_slide,TCGA,0.61601195884574,0.655587280795485,published_benchmark_result,phikon_v2,tcga,Yes,D3_exact_dataset_exposure,B_explicit_primary_source_statement,The named evaluation dataset is reported in model development; independence cannot be assumed.
Virchow2,erg_status_tcga_prad_prostate_biomarker_status_prediction_slide,TCGA,0.839434851200005,0.851056394683643,published_benchmark_result,virchow2,tcga,Yes,D1_no_detected_evidence_or_insufficient_disclosure,D_incomplete_or_ambiguous_disclosure,No detected evidence; independence cannot be assumed.
TITAN,erg_status_tcga_prad_prostate_biomarker_status_prediction_slide,TCGA,0.718932440416244,0.735626723452199,published_benchmark_result,titan,tcga,Yes,D0_documented_disjoint,B_explicit_primary_source_statement,Version-specific disjointness is documented in the cited source.
UNI,erg_status_tcga_prad_prostate_biomarker_status_prediction_slide,TCGA,0.810578878148041,0.831878724850114,published_benchmark_result,uni,tcga,Yes,D0_documented_disjoint,B_explicit_primary_source_statement,Version-specific disjointness is documented in the cited source.
Prov-GigaPath,erg_status_tcga_prad_prostate_biomarker_status_prediction_slide,TCGA,0.791752062599947,0.810575259792125,published_benchmark_result,prov_gigapath,tcga,Yes,D1_no_detected_evidence_or_insufficient_disclosure,D_incomplete_or_ambiguous_disclosure,No detected evidence; independence cannot be assumed.
Virchow,erg_status_tcga_prad_prostate_biomarker_status_prediction_slide,TCGA,0.752447781331068,0.771078333743789,published_benchmark_result,virchow,tcga,Yes,D1_no_detected_evidence_or_insufficient_disclosure,D_incomplete_or_ambiguous_disclosure,No detected evidence; independence cannot be assumed.
QuiltNet-B-16,erg_status_tcga_prad_prostate_biomarker_status_prediction_slide,TCGA,0.58245252407005,0.599530439658553,published_benchmark_result,quiltnet_b16,tcga,Yes,D1_no_detected_evidence_or_insufficient_disclosure,D_incomplete_or_ambiguous_disclosure,No detected evidence; independence cannot be assumed.
PLIP,erg_status_tcga_prad_prostate_biomarker_status_prediction_slide,TCGA,0.603251517286192,0.635430260804536,published_benchmark_result,plip,tcga,Yes,D1_no_detected_evidence_or_insufficient_disclosure,D_incomplete_or_ambiguous_disclosure,No detected evidence; independence cannot be assumed.
BiomedCLIP,erg_status_tcga_prad_prostate_biomarker_status_prediction_slide,TCGA,0.552861103502889,0.569106664594453,published_benchmark_result,biomedclip,tcga,Yes,D1_no_detected_evidence_or_insufficient_disclosure,D_incomplete_or_ambiguous_disclosure,No detected evidence; independence cannot be assumed.
Dinov2,erg_status_tcga_prad_prostate_biomarker_status_prediction_slide,TCGA,0.668857956439445,0.678684196747356,published_benchmark_result,dinov2_l,tcga,Yes,D1_no_detected_evidence_or_insufficient_disclosure,D_incomplete_or_ambiguous_disclosure,No detected evidence; independence cannot be assumed.
Clip-B16,erg_status_tcga_prad_prostate_biomarker_status_prediction_slide,TCGA,0.557185036065119,0.573435633338103,published_benchmark_result,clip_b16,tcga,Yes,D1_no_detected_evidence_or_insufficient_disclosure,D_incomplete_or_ambiguous_disclosure,No detected evidence; independence cannot be assumed.
Hibou,prad_mrna_cluster_tcga_prad_prostate_gene_expression_subtype_prediction_slide,TCGA,0.791660350642385,0.6651089,published_benchmark_result,hibou_b,tcga,Yes,D1_no_detected_evidence_or_insufficient_disclosure,D_incomplete_or_ambiguous_disclosure,No detected evidence; independence cannot be assumed.
H-optimus-0,prad_mrna_cluster_tcga_prad_prostate_gene_expression_subtype_prediction_slide,TCGA,0.810360628637153,0.6924468,published_benchmark_result,h_optimus_0,tcga,Yes,D1_no_detected_evidence_or_insufficient_disclosure,D_incomplete_or_ambiguous_disclosure,No detected evidence; independence cannot be assumed.
UNI2,prad_mrna_cluster_tcga_prad_prostate_gene_expression_subtype_prediction_slide,TCGA,0.814900716670398,0.6972696,published_benchmark_result,uni2,tcga,Yes,D1_no_detected_evidence_or_insufficient_disclosure,D_incomplete_or_ambiguous_disclosure,No detected evidence; independence cannot be assumed.
Phikon-v2,prad_mrna_cluster_tcga_prad_prostate_gene_expression_subtype_prediction_slide,TCGA,0.754715666912165,0.6373539,published_benchmark_result,phikon_v2,tcga,Yes,D3_exact_dataset_exposure,B_explicit_primary_source_statement,The named evaluation dataset is reported in model development; independence cannot be assumed.
Virchow2,prad_mrna_cluster_tcga_prad_prostate_gene_expression_subtype_prediction_slide,TCGA,0.822496284171139,0.7141075,published_benchmark_result,virchow2,tcga,Yes,D1_no_detected_evidence_or_insufficient_disclosure,D_incomplete_or_ambiguous_disclosure,No detected evidence; independence cannot be assumed.
TITAN,prad_mrna_cluster_tcga_prad_prostate_gene_expression_subtype_prediction_slide,TCGA,0.710992587404719,0.5762762,published_benchmark_result,titan,tcga,Yes,D0_documented_disjoint,B_explicit_primary_source_statement,Version-specific disjointness is documented in the cited source.
UNI,prad_mrna_cluster_tcga_prad_prostate_gene_expression_subtype_prediction_slide,TCGA,0.820499550004295,0.7024177,published_benchmark_result,uni,tcga,Yes,D0_documented_disjoint,B_explicit_primary_source_statement,Version-specific disjointness is documented in the cited source.
Prov-GigaPath,prad_mrna_cluster_tcga_prad_prostate_gene_expression_subtype_prediction_slide,TCGA,0.798682312793041,0.6781555,published_benchmark_result,prov_gigapath,tcga,Yes,D1_no_detected_evidence_or_insufficient_disclosure,D_incomplete_or_ambiguous_disclosure,No detected evidence; independence cannot be assumed.
Virchow,prad_mrna_cluster_tcga_prad_prostate_gene_expression_subtype_prediction_slide,TCGA,0.779135518378765,0.6501629,published_benchmark_result,virchow,tcga,Yes,D1_no_detected_evidence_or_insufficient_disclosure,D_incomplete_or_ambiguous_disclosure,No detected evidence; independence cannot be assumed.
QuiltNet-B-16,prad_mrna_cluster_tcga_prad_prostate_gene_expression_subtype_prediction_slide,TCGA,0.660601107430672,0.5151528,published_benchmark_result,quiltnet_b16,tcga,Yes,D1_no_detected_evidence_or_insufficient_disclosure,D_incomplete_or_ambiguous_disclosure,No detected evidence; independence cannot be assumed.
PLIP,prad_mrna_cluster_tcga_prad_prostate_gene_expression_subtype_prediction_slide,TCGA,0.638157085659291,0.4854634,published_benchmark_result,plip,tcga,Yes,D1_no_detected_evidence_or_insufficient_disclosure,D_incomplete_or_ambiguous_disclosure,No detected evidence; independence cannot be assumed.
BiomedCLIP,prad_mrna_cluster_tcga_prad_prostate_gene_expression_subtype_prediction_slide,TCGA,0.635232645029031,0.4784234,published_benchmark_result,biomedclip,tcga,Yes,D1_no_detected_evidence_or_insufficient_disclosure,D_incomplete_or_ambiguous_disclosure,No detected evidence; independence cannot be assumed.
Dinov2,prad_mrna_cluster_tcga_prad_prostate_gene_expression_subtype_prediction_slide,TCGA,0.700481627787193,0.5692792,published_benchmark_result,dinov2_l,tcga,Yes,D1_no_detected_evidence_or_insufficient_disclosure,D_incomplete_or_ambiguous_disclosure,No detected evidence; independence cannot be assumed.
Clip-B16,prad_mrna_cluster_tcga_prad_prostate_gene_expression_subtype_prediction_slide,TCGA,0.633541806481166,0.4795067,published_benchmark_result,clip_b16,tcga,Yes,D1_no_detected_evidence_or_insufficient_disclosure,D_incomplete_or_ambiguous_disclosure,No detected evidence; independence cannot be assumed.
Hibou,lung_hist_ood1_out_of_domain_lung_lung_diagnostic_histologic_subtyping_slide,Out of Domain,0.558019926919486,0.638581160144421,published_benchmark_result,hibou_b,,No,D1_no_detected_evidence_or_insufficient_disclosure,D_incomplete_or_ambiguous_disclosure,Benchmark dataset label is too coarse or exposure evidence is incomplete; independence cannot be assumed.
H-optimus-0,lung_hist_ood1_out_of_domain_lung_lung_diagnostic_histologic_subtyping_slide,Out of Domain,0.794019174989343,0.809064912348429,published_benchmark_result,h_optimus_0,,No,D1_no_detected_evidence_or_insufficient_disclosure,D_incomplete_or_ambiguous_disclosure,Benchmark dataset label is too coarse or exposure evidence is incomplete; independence cannot be assumed.
UNI2,lung_hist_ood1_out_of_domain_lung_lung_diagnostic_histologic_subtyping_slide,Out of Domain,0.798278524719911,0.80718774836507,published_benchmark_result,uni2,,No,D1_no_detected_evidence_or_insufficient_disclosure,D_incomplete_or_ambiguous_disclosure,Benchmark dataset label is too coarse or exposure evidence is incomplete; independence cannot be assumed.
Phikon-v2,lung_hist_ood1_out_of_domain_lung_lung_diagnostic_histologic_subtyping_slide,Out of Domain,0.67271446715827,0.666115056448157,published_benchmark_result,phikon_v2,,No,D1_no_detected_evidence_or_insufficient_disclosure,D_incomplete_or_ambiguous_disclosure,Benchmark dataset label is too coarse or exposure evidence is incomplete; independence cannot be assumed.
Virchow2,lung_hist_ood1_out_of_domain_lung_lung_diagnostic_histologic_subtyping_slide,Out of Domain,0.854233677382743,0.854220931038822,published_benchmark_result,virchow2,,No,D1_no_detected_evidence_or_insufficient_disclosure,D_incomplete_or_ambiguous_disclosure,Benchmark dataset label is too coarse or exposure evidence is incomplete; independence cannot be assumed.
TITAN,lung_hist_ood1_out_of_domain_lung_lung_diagnostic_histologic_subtyping_slide,Out of Domain,0.75338741353962,0.742421720847948,published_benchmark_result,titan,,No,D1_no_detected_evidence_or_insufficient_disclosure,D_incomplete_or_ambiguous_disclosure,Benchmark dataset label is too coarse or exposure evidence is incomplete; independence cannot be assumed.
UNI,lung_hist_ood1_out_of_domain_lung_lung_diagnostic_histologic_subtyping_slide,Out of Domain,0.764204493492618,0.783944015838788,published_benchmark_result,uni,,No,D1_no_detected_evidence_or_insufficient_disclosure,D_incomplete_or_ambiguous_disclosure,Benchmark dataset label is too coarse or exposure evidence is incomplete; independence cannot be assumed.
Prov-GigaPath,lung_hist_ood1_out_of_domain_lung_lung_diagnostic_histologic_subtyping_slide,Out of Domain,0.805233261311518,0.819386690335891,published_benchmark_result,prov_gigapath,,No,D1_no_detected_evidence_or_insufficient_disclosure,D_incomplete_or_ambiguous_disclosure,Benchmark dataset label is too coarse or exposure evidence is incomplete; independence cannot be assumed.
Virchow,lung_hist_ood1_out_of_domain_lung_lung_diagnostic_histologic_subtyping_slide,Out of Domain,0.705087232318335,0.715037365549232,published_benchmark_result,virchow,,No,D1_no_detected_evidence_or_insufficient_disclosure,D_incomplete_or_ambiguous_disclosure,Benchmark dataset label is too coarse or exposure evidence is incomplete; independence cannot be assumed.
QuiltNet-B-16,lung_hist_ood1_out_of_domain_lung_lung_diagnostic_histologic_subtyping_slide,Out of Domain,0.624668975099752,0.598219081765528,published_benchmark_result,quiltnet_b16,,No,D1_no_detected_evidence_or_insufficient_disclosure,D_incomplete_or_ambiguous_disclosure,Benchmark dataset label is too coarse or exposure evidence is incomplete; independence cannot be assumed.
PLIP,lung_hist_ood1_out_of_domain_lung_lung_diagnostic_histologic_subtyping_slide,Out of Domain,0.704092864141577,0.681960854716772,published_benchmark_result,plip,,No,D1_no_detected_evidence_or_insufficient_disclosure,D_incomplete_or_ambiguous_disclosure,Benchmark dataset label is too coarse or exposure evidence is incomplete; independence cannot be assumed.
BiomedCLIP,lung_hist_ood1_out_of_domain_lung_lung_diagnostic_histologic_subtyping_slide,Out of Domain,0.609993375431758,0.601313217008962,published_benchmark_result,biomedclip,,No,D1_no_detected_evidence_or_insufficient_disclosure,D_incomplete_or_ambiguous_disclosure,Benchmark dataset label is too coarse or exposure evidence is incomplete; independence cannot be assumed.
Dinov2,lung_hist_ood1_out_of_domain_lung_lung_diagnostic_histologic_subtyping_slide,Out of Domain,0.620201526406989,0.629032082242545,published_benchmark_result,dinov2_l,,No,D1_no_detected_evidence_or_insufficient_disclosure,D_incomplete_or_ambiguous_disclosure,Benchmark dataset label is too coarse or exposure evidence is incomplete; independence cannot be assumed.
Clip-B16,lung_hist_ood1_out_of_domain_lung_lung_diagnostic_histologic_subtyping_slide,Out of Domain,0.611836885143151,0.607290377596754,published_benchmark_result,clip_b16,,No,D1_no_detected_evidence_or_insufficient_disclosure,D_incomplete_or_ambiguous_disclosure,Benchmark dataset label is too coarse or exposure evidence is incomplete; independence cannot be assumed.
Hibou,lung_stage_ood_out_of_domain_lung_lung_diagnostic_tumor_staging_slide,Out of Domain,0.550146089557078,0.524273755555556,published_benchmark_result,hibou_b,,No,D1_no_detected_evidence_or_insufficient_disclosure,D_incomplete_or_ambiguous_disclosure,Benchmark dataset label is too coarse or exposure evidence is incomplete; independence cannot be assumed.
H-optimus-0,lung_stage_ood_out_of_domain_lung_lung_diagnostic_tumor_staging_slide,Out of Domain,0.40744951373971,0.456269627510398,published_benchmark_result,h_optimus_0,,No,D1_no_detected_evidence_or_insufficient_disclosure,D_incomplete_or_ambiguous_disclosure,Benchmark dataset label is too coarse or exposure evidence is incomplete; independence cannot be assumed.
UNI2,lung_stage_ood_out_of_domain_lung_lung_diagnostic_tumor_staging_slide,Out of Domain,0.475398139268442,0.4746541,published_benchmark_result,uni2,,No,D1_no_detected_evidence_or_insufficient_disclosure,D_incomplete_or_ambiguous_disclosure,Benchmark dataset label is too coarse or exposure evidence is incomplete; independence cannot be assumed.
Phikon-v2,lung_stage_ood_out_of_domain_lung_lung_diagnostic_tumor_staging_slide,Out of Domain,0.546387415330675,0.507759853820965,published_benchmark_result,phikon_v2,,No,D1_no_detected_evidence_or_insufficient_disclosure,D_incomplete_or_ambiguous_disclosure,Benchmark dataset label is too coarse or exposure evidence is incomplete; independence cannot be assumed.
Virchow2,lung_stage_ood_out_of_domain_lung_lung_diagnostic_tumor_staging_slide,Out of Domain,0.47476780614538,0.5109515,published_benchmark_result,virchow2,,No,D1_no_detected_evidence_or_insufficient_disclosure,D_incomplete_or_ambiguous_disclosure,Benchmark dataset label is too coarse or exposure evidence is incomplete; independence cannot be assumed.
TITAN,lung_stage_ood_out_of_domain_lung_lung_diagnostic_tumor_staging_slide,Out of Domain,0.434050328314871,0.401852836549133,published_benchmark_result,titan,,No,D1_no_detected_evidence_or_insufficient_disclosure,D_incomplete_or_ambiguous_disclosure,Benchmark dataset label is too coarse or exposure evidence is incomplete; independence cannot be assumed.
UNI,lung_stage_ood_out_of_domain_lung_lung_diagnostic_tumor_staging_slide,Out of Domain,0.446266897266979,0.467337646890588,published_benchmark_result,uni,,No,D1_no_detected_evidence_or_insufficient_disclosure,D_incomplete_or_ambiguous_disclosure,Benchmark dataset label is too coarse or exposure evidence is incomplete; independence cannot be assumed.
Prov-GigaPath,lung_stage_ood_out_of_domain_lung_lung_diagnostic_tumor_staging_slide,Out of Domain,0.434404780472795,0.407635268457491,published_benchmark_result,prov_gigapath,,No,D1_no_detected_evidence_or_insufficient_disclosure,D_incomplete_or_ambiguous_disclosure,Benchmark dataset label is too coarse or exposure evidence is incomplete; independence cannot be assumed.
Virchow,lung_stage_ood_out_of_domain_lung_lung_diagnostic_tumor_staging_slide,Out of Domain,0.332952328516013,0.377309883459557,published_benchmark_result,virchow,,No,D1_no_detected_evidence_or_insufficient_disclosure,D_incomplete_or_ambiguous_disclosure,Benchmark dataset label is too coarse or exposure evidence is incomplete; independence cannot be assumed.
QuiltNet-B-16,lung_stage_ood_out_of_domain_lung_lung_diagnostic_tumor_staging_slide,Out of Domain,0.467328649563944,0.456353843626744,published_benchmark_result,quiltnet_b16,,No,D1_no_detected_evidence_or_insufficient_disclosure,D_incomplete_or_ambiguous_disclosure,Benchmark dataset label is too coarse or exposure evidence is incomplete; independence cannot be assumed.
PLIP,lung_stage_ood_out_of_domain_lung_lung_diagnostic_tumor_staging_slide,Out of Domain,0.438321551747696,0.440438057142857,published_benchmark_result,plip,,No,D1_no_detected_evidence_or_insufficient_disclosure,D_incomplete_or_ambiguous_disclosure,Benchmark dataset label is too coarse or exposure evidence is incomplete; independence cannot be assumed.
BiomedCLIP,lung_stage_ood_out_of_domain_lung_lung_diagnostic_tumor_staging_slide,Out of Domain,0.438254130961933,0.431487445701172,published_benchmark_result,biomedclip,,No,D1_no_detected_evidence_or_insufficient_disclosure,D_incomplete_or_ambiguous_disclosure,Benchmark dataset label is too coarse or exposure evidence is incomplete; independence cannot be assumed.
Dinov2,lung_stage_ood_out_of_domain_lung_lung_diagnostic_tumor_staging_slide,Out of Domain,0.475395278054674,0.448078105470505,published_benchmark_result,dinov2_l,,No,D1_no_detected_evidence_or_insufficient_disclosure,D_incomplete_or_ambiguous_disclosure,Benchmark dataset label is too coarse or exposure evidence is incomplete; independence cannot be assumed.
Clip-B16,lung_stage_ood_out_of_domain_lung_lung_diagnostic_tumor_staging_slide,Out of Domain,0.415628159422277,0.382918083222007,published_benchmark_result,clip_b16,,No,D1_no_detected_evidence_or_insufficient_disclosure,D_incomplete_or_ambiguous_disclosure,Benchmark dataset label is too coarse or exposure evidence is incomplete; independence cannot be assumed.
Hibou,brain_necrosis_out_of_domain_brain_brain_diagnostic_other_slide,Out of Domain,0.600700114354328,0.678254752236547,published_benchmark_result,hibou_b,,No,D1_no_detected_evidence_or_insufficient_disclosure,D_incomplete_or_ambiguous_disclosure,Benchmark dataset label is too coarse or exposure evidence is incomplete; independence cannot be assumed.
H-optimus-0,brain_necrosis_out_of_domain_brain_brain_diagnostic_other_slide,Out of Domain,0.58469303738727,0.622674581507891,published_benchmark_result,h_optimus_0,,No,D1_no_detected_evidence_or_insufficient_disclosure,D_incomplete_or_ambiguous_disclosure,Benchmark dataset label is too coarse or exposure evidence is incomplete; independence cannot be assumed.
UNI2,brain_necrosis_out_of_domain_brain_brain_diagnostic_other_slide,Out of Domain,0.512249019641841,0.633909834958265,published_benchmark_result,uni2,,No,D1_no_detected_evidence_or_insufficient_disclosure,D_incomplete_or_ambiguous_disclosure,Benchmark dataset label is too coarse or exposure evidence is incomplete; independence cannot be assumed.
Phikon-v2,brain_necrosis_out_of_domain_brain_brain_diagnostic_other_slide,Out of Domain,0.513850714385884,0.593302358471617,published_benchmark_result,phikon_v2,,No,D1_no_detected_evidence_or_insufficient_disclosure,D_incomplete_or_ambiguous_disclosure,Benchmark dataset label is too coarse or exposure evidence is incomplete; independence cannot be assumed.
Virchow2,brain_necrosis_out_of_domain_brain_brain_diagnostic_other_slide,Out of Domain,0.592261016310004,0.60528719744767,published_benchmark_result,virchow2,,No,D1_no_detected_evidence_or_insufficient_disclosure,D_incomplete_or_ambiguous_disclosure,Benchmark dataset label is too coarse or exposure evidence is incomplete; independence cannot be assumed.
TITAN,brain_necrosis_out_of_domain_brain_brain_diagnostic_other_slide,Out of Domain,0.553885869606783,0.588181295465391,published_benchmark_result,titan,,No,D1_no_detected_evidence_or_insufficient_disclosure,D_incomplete_or_ambiguous_disclosure,Benchmark dataset label is too coarse or exposure evidence is incomplete; independence cannot be assumed.
UNI,brain_necrosis_out_of_domain_brain_brain_diagnostic_other_slide,Out of Domain,0.653445732226325,0.650285459599907,published_benchmark_result,uni,,No,D1_no_detected_evidence_or_insufficient_disclosure,D_incomplete_or_ambiguous_disclosure,Benchmark dataset label is too coarse or exposure evidence is incomplete; independence cannot be assumed.
Prov-GigaPath,brain_necrosis_out_of_domain_brain_brain_diagnostic_other_slide,Out of Domain,0.587783274837686,0.598733527538706,published_benchmark_result,prov_gigapath,,No,D1_no_detected_evidence_or_insufficient_disclosure,D_incomplete_or_ambiguous_disclosure,Benchmark dataset label is too coarse or exposure evidence is incomplete; independence cannot be assumed.
Virchow,brain_necrosis_out_of_domain_brain_brain_diagnostic_other_slide,Out of Domain,0.611306132678091,0.63348134218007,published_benchmark_result,virchow,,No,D1_no_detected_evidence_or_insufficient_disclosure,D_incomplete_or_ambiguous_disclosure,Benchmark dataset label is too coarse or exposure evidence is incomplete; independence cannot be assumed.
QuiltNet-B-16,brain_necrosis_out_of_domain_brain_brain_diagnostic_other_slide,Out of Domain,0.479451111342063,0.552926462599677,published_benchmark_result,quiltnet_b16,,No,D1_no_detected_evidence_or_insufficient_disclosure,D_incomplete_or_ambiguous_disclosure,Benchmark dataset label is too coarse or exposure evidence is incomplete; independence cannot be assumed.
PLIP,brain_necrosis_out_of_domain_brain_brain_diagnostic_other_slide,Out of Domain,0.634953760463152,0.688249535683582,published_benchmark_result,plip,,No,D1_no_detected_evidence_or_insufficient_disclosure,D_incomplete_or_ambiguous_disclosure,Benchmark dataset label is too coarse or exposure evidence is incomplete; independence cannot be assumed.
BiomedCLIP,brain_necrosis_out_of_domain_brain_brain_diagnostic_other_slide,Out of Domain,0.533807627189652,0.577416667143151,published_benchmark_result,biomedclip,,No,D1_no_detected_evidence_or_insufficient_disclosure,D_incomplete_or_ambiguous_disclosure,Benchmark dataset label is too coarse or exposure evidence is incomplete; independence cannot be assumed.
Dinov2,brain_necrosis_out_of_domain_brain_brain_diagnostic_other_slide,Out of Domain,0.612615922023999,0.588569706398231,published_benchmark_result,dinov2_l,,No,D1_no_detected_evidence_or_insufficient_disclosure,D_incomplete_or_ambiguous_disclosure,Benchmark dataset label is too coarse or exposure evidence is incomplete; independence cannot be assumed.
Clip-B16,brain_necrosis_out_of_domain_brain_brain_diagnostic_other_slide,Out of Domain,0.498867800327205,0.545000401813587,published_benchmark_result,clip_b16,,No,D1_no_detected_evidence_or_insufficient_disclosure,D_incomplete_or_ambiguous_disclosure,Benchmark dataset label is too coarse or exposure evidence is incomplete; independence cannot be assumed.
Hibou,mgmt_ood_out_of_domain_brain_brain_biomarker_status_prediction_slide,Out of Domain,0.477205522641311,0.534475769159225,published_benchmark_result,hibou_b,,No,D1_no_detected_evidence_or_insufficient_disclosure,D_incomplete_or_ambiguous_disclosure,Benchmark dataset label is too coarse or exposure evidence is incomplete; independence cannot be assumed.
H-optimus-0,mgmt_ood_out_of_domain_brain_brain_biomarker_status_prediction_slide,Out of Domain,0.569288438416925,0.600669838645036,published_benchmark_result,h_optimus_0,,No,D1_no_detected_evidence_or_insufficient_disclosure,D_incomplete_or_ambiguous_disclosure,Benchmark dataset label is too coarse or exposure evidence is incomplete; independence cannot be assumed.
UNI2,mgmt_ood_out_of_domain_brain_brain_biomarker_status_prediction_slide,Out of Domain,0.439808380802391,0.48887578414161,published_benchmark_result,uni2,,No,D1_no_detected_evidence_or_insufficient_disclosure,D_incomplete_or_ambiguous_disclosure,Benchmark dataset label is too coarse or exposure evidence is incomplete; independence cannot be assumed.
Phikon-v2,mgmt_ood_out_of_domain_brain_brain_biomarker_status_prediction_slide,Out of Domain,0.535182357940552,0.524025384236519,published_benchmark_result,phikon_v2,,No,D1_no_detected_evidence_or_insufficient_disclosure,D_incomplete_or_ambiguous_disclosure,Benchmark dataset label is too coarse or exposure evidence is incomplete; independence cannot be assumed.
Virchow2,mgmt_ood_out_of_domain_brain_brain_biomarker_status_prediction_slide,Out of Domain,0.485091564192676,0.516384634050029,published_benchmark_result,virchow2,,No,D1_no_detected_evidence_or_insufficient_disclosure,D_incomplete_or_ambiguous_disclosure,Benchmark dataset label is too coarse or exposure evidence is incomplete; independence cannot be assumed.
TITAN,mgmt_ood_out_of_domain_brain_brain_biomarker_status_prediction_slide,Out of Domain,0.33441563174931,0.493713708576715,published_benchmark_result,titan,,No,D1_no_detected_evidence_or_insufficient_disclosure,D_incomplete_or_ambiguous_disclosure,Benchmark dataset label is too coarse or exposure evidence is incomplete; independence cannot be assumed.
UNI,mgmt_ood_out_of_domain_brain_brain_biomarker_status_prediction_slide,Out of Domain,0.558440677966871,0.570397060489307,published_benchmark_result,uni,,No,D1_no_detected_evidence_or_insufficient_disclosure,D_incomplete_or_ambiguous_disclosure,Benchmark dataset label is too coarse or exposure evidence is incomplete; independence cannot be assumed.
Prov-GigaPath,mgmt_ood_out_of_domain_brain_brain_biomarker_status_prediction_slide,Out of Domain,0.474385244163301,0.533155939284278,published_benchmark_result,prov_gigapath,,No,D1_no_detected_evidence_or_insufficient_disclosure,D_incomplete_or_ambiguous_disclosure,Benchmark dataset label is too coarse or exposure evidence is incomplete; independence cannot be assumed.
Virchow,mgmt_ood_out_of_domain_brain_brain_biomarker_status_prediction_slide,Out of Domain,0.518963216366089,0.576262928861936,published_benchmark_result,virchow,,No,D1_no_detected_evidence_or_insufficient_disclosure,D_incomplete_or_ambiguous_disclosure,Benchmark dataset label is too coarse or exposure evidence is incomplete; independence cannot be assumed.
QuiltNet-B-16,mgmt_ood_out_of_domain_brain_brain_biomarker_status_prediction_slide,Out of Domain,0.540777868938431,0.530985215140007,published_benchmark_result,quiltnet_b16,,No,D1_no_detected_evidence_or_insufficient_disclosure,D_incomplete_or_ambiguous_disclosure,Benchmark dataset label is too coarse or exposure evidence is incomplete; independence cannot be assumed.
PLIP,mgmt_ood_out_of_domain_brain_brain_biomarker_status_prediction_slide,Out of Domain,0.561213889664537,0.607721179966746,published_benchmark_result,plip,,No,D1_no_detected_evidence_or_insufficient_disclosure,D_incomplete_or_ambiguous_disclosure,Benchmark dataset label is too coarse or exposure evidence is incomplete; independence cannot be assumed.
BiomedCLIP,mgmt_ood_out_of_domain_brain_brain_biomarker_status_prediction_slide,Out of Domain,0.505159498480386,0.531602303044644,published_benchmark_result,biomedclip,,No,D1_no_detected_evidence_or_insufficient_disclosure,D_incomplete_or_ambiguous_disclosure,Benchmark dataset label is too coarse or exposure evidence is incomplete; independence cannot be assumed.
Dinov2,mgmt_ood_out_of_domain_brain_brain_biomarker_status_prediction_slide,Out of Domain,0.480747056405926,0.545707556461537,published_benchmark_result,dinov2_l,,No,D1_no_detected_evidence_or_insufficient_disclosure,D_incomplete_or_ambiguous_disclosure,Benchmark dataset label is too coarse or exposure evidence is incomplete; independence cannot be assumed.
Clip-B16,mgmt_ood_out_of_domain_brain_brain_biomarker_status_prediction_slide,Out of Domain,0.471953990434006,0.508199860283907,published_benchmark_result,clip_b16,,No,D1_no_detected_evidence_or_insufficient_disclosure,D_incomplete_or_ambiguous_disclosure,Benchmark dataset label is too coarse or exposure evidence is incomplete; independence cannot be assumed.
Hibou,bach_external_benchmarking_cohort_brca_breast_diagnostic_primary_diagnosis_and_histologic_subtyping_patch,External_benchmarking_cohort,0.972670145066264,0.9399527,published_benchmark_result,hibou_b,bach,Yes,D1_no_detected_evidence_or_insufficient_disclosure,D_incomplete_or_ambiguous_disclosure,No detected evidence; independence cannot be assumed.
H-optimus-0,bach_external_benchmarking_cohort_brca_breast_diagnostic_primary_diagnosis_and_histologic_subtyping_patch,External_benchmarking_cohort,0.970220651515492,0.9319834,published_benchmark_result,h_optimus_0,bach,Yes,D1_no_detected_evidence_or_insufficient_disclosure,D_incomplete_or_ambiguous_disclosure,No detected evidence; independence cannot be assumed.
UNI2,bach_external_benchmarking_cohort_brca_breast_diagnostic_primary_diagnosis_and_histologic_subtyping_patch,External_benchmarking_cohort,0.982283783327693,0.9580924,published_benchmark_result,uni2,bach,Yes,D1_no_detected_evidence_or_insufficient_disclosure,D_incomplete_or_ambiguous_disclosure,No detected evidence; independence cannot be assumed.
Phikon-v2,bach_external_benchmarking_cohort_brca_breast_diagnostic_primary_diagnosis_and_histologic_subtyping_patch,External_benchmarking_cohort,0.928194417850682,0.8502194,published_benchmark_result,phikon_v2,bach,Yes,D1_no_detected_evidence_or_insufficient_disclosure,D_incomplete_or_ambiguous_disclosure,No detected evidence; independence cannot be assumed.
Virchow2,bach_external_benchmarking_cohort_brca_breast_diagnostic_primary_diagnosis_and_histologic_subtyping_patch,External_benchmarking_cohort,0.99118902113659,0.9797005,published_benchmark_result,virchow2,bach,Yes,D1_no_detected_evidence_or_insufficient_disclosure,D_incomplete_or_ambiguous_disclosure,No detected evidence; independence cannot be assumed.
TITAN,bach_external_benchmarking_cohort_brca_breast_diagnostic_primary_diagnosis_and_histologic_subtyping_patch,External_benchmarking_cohort,0.975694945639839,0.9342552,published_benchmark_result,titan,bach,Yes,D1_no_detected_evidence_or_insufficient_disclosure,D_incomplete_or_ambiguous_disclosure,No detected evidence; independence cannot be assumed.
UNI,bach_external_benchmarking_cohort_brca_breast_diagnostic_primary_diagnosis_and_histologic_subtyping_patch,External_benchmarking_cohort,0.987848239496767,0.9666009,published_benchmark_result,uni,bach,Yes,D1_no_detected_evidence_or_insufficient_disclosure,D_incomplete_or_ambiguous_disclosure,No detected evidence; independence cannot be assumed.
Prov-GigaPath,bach_external_benchmarking_cohort_brca_breast_diagnostic_primary_diagnosis_and_histologic_subtyping_patch,External_benchmarking_cohort,0.981704965359293,0.94739,published_benchmark_result,prov_gigapath,bach,Yes,D1_no_detected_evidence_or_insufficient_disclosure,D_incomplete_or_ambiguous_disclosure,No detected evidence; independence cannot be assumed.
Virchow,bach_external_benchmarking_cohort_brca_breast_diagnostic_primary_diagnosis_and_histologic_subtyping_patch,External_benchmarking_cohort,0.960657896652339,0.909773,published_benchmark_result,virchow,bach,Yes,D1_no_detected_evidence_or_insufficient_disclosure,D_incomplete_or_ambiguous_disclosure,No detected evidence; independence cannot be assumed.
QuiltNet-B-16,bach_external_benchmarking_cohort_brca_breast_diagnostic_primary_diagnosis_and_histologic_subtyping_patch,External_benchmarking_cohort,0.836053222116803,0.6764858,published_benchmark_result,quiltnet_b16,bach,Yes,D1_no_detected_evidence_or_insufficient_disclosure,D_incomplete_or_ambiguous_disclosure,No detected evidence; independence cannot be assumed.
PLIP,bach_external_benchmarking_cohort_brca_breast_diagnostic_primary_diagnosis_and_histologic_subtyping_patch,External_benchmarking_cohort,0.900002383285218,0.7638802,published_benchmark_result,plip,bach,Yes,D1_no_detected_evidence_or_insufficient_disclosure,D_incomplete_or_ambiguous_disclosure,No detected evidence; independence cannot be assumed.
BiomedCLIP,bach_external_benchmarking_cohort_brca_breast_diagnostic_primary_diagnosis_and_histologic_subtyping_patch,External_benchmarking_cohort,0.801774347303564,0.5937908,published_benchmark_result,biomedclip,bach,Yes,D1_no_detected_evidence_or_insufficient_disclosure,D_incomplete_or_ambiguous_disclosure,No detected evidence; independence cannot be assumed.
Dinov2,bach_external_benchmarking_cohort_brca_breast_diagnostic_primary_diagnosis_and_histologic_subtyping_patch,External_benchmarking_cohort,0.866523356014671,0.734607,published_benchmark_result,dinov2_l,bach,Yes,D1_no_detected_evidence_or_insufficient_disclosure,D_incomplete_or_ambiguous_disclosure,No detected evidence; independence cannot be assumed.
Clip-B16,bach_external_benchmarking_cohort_brca_breast_diagnostic_primary_diagnosis_and_histologic_subtyping_patch,External_benchmarking_cohort,0.768355617243705,0.5636147,published_benchmark_result,clip_b16,bach,Yes,D1_no_detected_evidence_or_insufficient_disclosure,D_incomplete_or_ambiguous_disclosure,No detected evidence; independence cannot be assumed.
Hibou,bracs_external_benchmarking_cohort_brca_breast_diagnostic_primary_diagnosis_and_histologic_subtyping_patch,External_benchmarking_cohort,0.9278514905482,0.7149802,published_benchmark_result,hibou_b,bracs,Yes,D1_no_detected_evidence_or_insufficient_disclosure,D_incomplete_or_ambiguous_disclosure,No detected evidence; independence cannot be assumed.
H-optimus-0,bracs_external_benchmarking_cohort_brca_breast_diagnostic_primary_diagnosis_and_histologic_subtyping_patch,External_benchmarking_cohort,0.911374142580272,0.6744303,published_benchmark_result,h_optimus_0,bracs,Yes,D1_no_detected_evidence_or_insufficient_disclosure,D_incomplete_or_ambiguous_disclosure,No detected evidence; independence cannot be assumed.
UNI2,bracs_external_benchmarking_cohort_brca_breast_diagnostic_primary_diagnosis_and_histologic_subtyping_patch,External_benchmarking_cohort,0.91287793378905,0.670647,published_benchmark_result,uni2,bracs,Yes,D1_no_detected_evidence_or_insufficient_disclosure,D_incomplete_or_ambiguous_disclosure,No detected evidence; independence cannot be assumed.
Phikon-v2,bracs_external_benchmarking_cohort_brca_breast_diagnostic_primary_diagnosis_and_histologic_subtyping_patch,External_benchmarking_cohort,0.86032548968321,0.5810376,published_benchmark_result,phikon_v2,bracs,Yes,D1_no_detected_evidence_or_insufficient_disclosure,D_incomplete_or_ambiguous_disclosure,No detected evidence; independence cannot be assumed.
Virchow2,bracs_external_benchmarking_cohort_brca_breast_diagnostic_primary_diagnosis_and_histologic_subtyping_patch,External_benchmarking_cohort,0.939129672145615,0.7316533,published_benchmark_result,virchow2,bracs,Yes,D1_no_detected_evidence_or_insufficient_disclosure,D_incomplete_or_ambiguous_disclosure,No detected evidence; independence cannot be assumed.
TITAN,bracs_external_benchmarking_cohort_brca_breast_diagnostic_primary_diagnosis_and_histologic_subtyping_patch,External_benchmarking_cohort,0.895477946447813,0.6333209,published_benchmark_result,titan,bracs,Yes,D1_no_detected_evidence_or_insufficient_disclosure,D_incomplete_or_ambiguous_disclosure,No detected evidence; independence cannot be assumed.
UNI,bracs_external_benchmarking_cohort_brca_breast_diagnostic_primary_diagnosis_and_histologic_subtyping_patch,External_benchmarking_cohort,0.930954602393309,0.7260557,published_benchmark_result,uni,bracs,Yes,D1_no_detected_evidence_or_insufficient_disclosure,D_incomplete_or_ambiguous_disclosure,No detected evidence; independence cannot be assumed.
Prov-GigaPath,bracs_external_benchmarking_cohort_brca_breast_diagnostic_primary_diagnosis_and_histologic_subtyping_patch,External_benchmarking_cohort,0.937028584928285,0.7382227,published_benchmark_result,prov_gigapath,bracs,Yes,D1_no_detected_evidence_or_insufficient_disclosure,D_incomplete_or_ambiguous_disclosure,No detected evidence; independence cannot be assumed.
Virchow,bracs_external_benchmarking_cohort_brca_breast_diagnostic_primary_diagnosis_and_histologic_subtyping_patch,External_benchmarking_cohort,0.910934498428751,0.6768127,published_benchmark_result,virchow,bracs,Yes,D1_no_detected_evidence_or_insufficient_disclosure,D_incomplete_or_ambiguous_disclosure,No detected evidence; independence cannot be assumed.
QuiltNet-B-16,bracs_external_benchmarking_cohort_brca_breast_diagnostic_primary_diagnosis_and_histologic_subtyping_patch,External_benchmarking_cohort,0.848719602564058,0.5493512,published_benchmark_result,quiltnet_b16,bracs,Yes,D1_no_detected_evidence_or_insufficient_disclosure,D_incomplete_or_ambiguous_disclosure,No detected evidence; independence cannot be assumed.
PLIP,bracs_external_benchmarking_cohort_brca_breast_diagnostic_primary_diagnosis_and_histologic_subtyping_patch,External_benchmarking_cohort,0.861361529185005,0.5639237,published_benchmark_result,plip,bracs,Yes,D1_no_detected_evidence_or_insufficient_disclosure,D_incomplete_or_ambiguous_disclosure,No detected evidence; independence cannot be assumed.
BiomedCLIP,bracs_external_benchmarking_cohort_brca_breast_diagnostic_primary_diagnosis_and_histologic_subtyping_patch,External_benchmarking_cohort,0.776656214681234,0.4395929,published_benchmark_result,biomedclip,bracs,Yes,D1_no_detected_evidence_or_insufficient_disclosure,D_incomplete_or_ambiguous_disclosure,No detected evidence; independence cannot be assumed.
Dinov2,bracs_external_benchmarking_cohort_brca_breast_diagnostic_primary_diagnosis_and_histologic_subtyping_patch,External_benchmarking_cohort,0.852814193447199,0.5555272,published_benchmark_result,dinov2_l,bracs,Yes,D1_no_detected_evidence_or_insufficient_disclosure,D_incomplete_or_ambiguous_disclosure,No detected evidence; independence cannot be assumed.
Clip-B16,bracs_external_benchmarking_cohort_brca_breast_diagnostic_primary_diagnosis_and_histologic_subtyping_patch,External_benchmarking_cohort,0.780852611689407,0.4459279,published_benchmark_result,clip_b16,bracs,Yes,D1_no_detected_evidence_or_insufficient_disclosure,D_incomplete_or_ambiguous_disclosure,No detected evidence; independence cannot be assumed.
Hibou,breakhis_external_benchmarking_cohort_brca_breast_diagnostic_primary_diagnosis_patch,External_benchmarking_cohort,0.951296732726185,0.973021671512242,published_benchmark_result,hibou_b,breakhis,Yes,D1_no_detected_evidence_or_insufficient_disclosure,D_incomplete_or_ambiguous_disclosure,No detected evidence; independence cannot be assumed.
H-optimus-0,breakhis_external_benchmarking_cohort_brca_breast_diagnostic_primary_diagnosis_patch,External_benchmarking_cohort,0.973678959152207,0.986128764254659,published_benchmark_result,h_optimus_0,breakhis,Yes,D1_no_detected_evidence_or_insufficient_disclosure,D_incomplete_or_ambiguous_disclosure,No detected evidence; independence cannot be assumed.
UNI2,breakhis_external_benchmarking_cohort_brca_breast_diagnostic_primary_diagnosis_patch,External_benchmarking_cohort,0.977197368419308,0.988212720935465,published_benchmark_result,uni2,breakhis,Yes,D1_no_detected_evidence_or_insufficient_disclosure,D_incomplete_or_ambiguous_disclosure,No detected evidence; independence cannot be assumed.
Phikon-v2,breakhis_external_benchmarking_cohort_brca_breast_diagnostic_primary_diagnosis_patch,External_benchmarking_cohort,0.957410560532133,0.976598702785958,published_benchmark_result,phikon_v2,breakhis,Yes,D1_no_detected_evidence_or_insufficient_disclosure,D_incomplete_or_ambiguous_disclosure,No detected evidence; independence cannot be assumed.
Virchow2,breakhis_external_benchmarking_cohort_brca_breast_diagnostic_primary_diagnosis_patch,External_benchmarking_cohort,0.983552644931696,0.991425466877454,published_benchmark_result,virchow2,breakhis,Yes,D1_no_detected_evidence_or_insufficient_disclosure,D_incomplete_or_ambiguous_disclosure,No detected evidence; independence cannot be assumed.
TITAN,breakhis_external_benchmarking_cohort_brca_breast_diagnostic_primary_diagnosis_patch,External_benchmarking_cohort,0.90769552248952,0.946677483951672,published_benchmark_result,titan,breakhis,Yes,D1_no_detected_evidence_or_insufficient_disclosure,D_incomplete_or_ambiguous_disclosure,No detected evidence; independence cannot be assumed.
UNI,breakhis_external_benchmarking_cohort_brca_breast_diagnostic_primary_diagnosis_patch,External_benchmarking_cohort,0.974014056820592,0.985657321632701,published_benchmark_result,uni,breakhis,Yes,D1_no_detected_evidence_or_insufficient_disclosure,D_incomplete_or_ambiguous_disclosure,No detected evidence; independence cannot be assumed.
Prov-GigaPath,breakhis_external_benchmarking_cohort_brca_breast_diagnostic_primary_diagnosis_patch,External_benchmarking_cohort,0.966174839418306,0.982618727972208,published_benchmark_result,prov_gigapath,breakhis,Yes,D1_no_detected_evidence_or_insufficient_disclosure,D_incomplete_or_ambiguous_disclosure,No detected evidence; independence cannot be assumed.
Virchow,breakhis_external_benchmarking_cohort_brca_breast_diagnostic_primary_diagnosis_patch,External_benchmarking_cohort,0.961880303558929,0.978257685741208,published_benchmark_result,virchow,breakhis,Yes,D1_no_detected_evidence_or_insufficient_disclosure,D_incomplete_or_ambiguous_disclosure,No detected evidence; independence cannot be assumed.
QuiltNet-B-16,breakhis_external_benchmarking_cohort_brca_breast_diagnostic_primary_diagnosis_patch,External_benchmarking_cohort,0.834187810544727,0.90604258853469,published_benchmark_result,quiltnet_b16,breakhis,Yes,D1_no_detected_evidence_or_insufficient_disclosure,D_incomplete_or_ambiguous_disclosure,No detected evidence; independence cannot be assumed.
PLIP,breakhis_external_benchmarking_cohort_brca_breast_diagnostic_primary_diagnosis_patch,External_benchmarking_cohort,0.9270546033853,0.962895929969274,published_benchmark_result,plip,breakhis,Yes,D1_no_detected_evidence_or_insufficient_disclosure,D_incomplete_or_ambiguous_disclosure,No detected evidence; independence cannot be assumed.
BiomedCLIP,breakhis_external_benchmarking_cohort_brca_breast_diagnostic_primary_diagnosis_patch,External_benchmarking_cohort,0.806311990397715,0.883813456112344,published_benchmark_result,biomedclip,breakhis,Yes,D1_no_detected_evidence_or_insufficient_disclosure,D_incomplete_or_ambiguous_disclosure,No detected evidence; independence cannot be assumed.
Dinov2,breakhis_external_benchmarking_cohort_brca_breast_diagnostic_primary_diagnosis_patch,External_benchmarking_cohort,0.867007000599158,0.920932374789633,published_benchmark_result,dinov2_l,breakhis,Yes,D1_no_detected_evidence_or_insufficient_disclosure,D_incomplete_or_ambiguous_disclosure,No detected evidence; independence cannot be assumed.
Clip-B16,breakhis_external_benchmarking_cohort_brca_breast_diagnostic_primary_diagnosis_patch,External_benchmarking_cohort,0.805436858401284,0.883841358414542,published_benchmark_result,clip_b16,breakhis,Yes,D1_no_detected_evidence_or_insufficient_disclosure,D_incomplete_or_ambiguous_disclosure,No detected evidence; independence cannot be assumed.
Hibou,lung_hist_ood2_out_of_domain_lung_lung_diagnostic_histologic_subtyping_slide,Out of Domain,0.856512816378512,0.7347214,published_benchmark_result,hibou_b,,No,D1_no_detected_evidence_or_insufficient_disclosure,D_incomplete_or_ambiguous_disclosure,Benchmark dataset label is too coarse or exposure evidence is incomplete; independence cannot be assumed.
H-optimus-0,lung_hist_ood2_out_of_domain_lung_lung_diagnostic_histologic_subtyping_slide,Out of Domain,0.848929351351861,0.730886786786787,published_benchmark_result,h_optimus_0,,No,D1_no_detected_evidence_or_insufficient_disclosure,D_incomplete_or_ambiguous_disclosure,Benchmark dataset label is too coarse or exposure evidence is incomplete; independence cannot be assumed.
UNI2,lung_hist_ood2_out_of_domain_lung_lung_diagnostic_histologic_subtyping_slide,Out of Domain,0.832141891112832,0.6802959,published_benchmark_result,uni2,,No,D1_no_detected_evidence_or_insufficient_disclosure,D_incomplete_or_ambiguous_disclosure,Benchmark dataset label is too coarse or exposure evidence is incomplete; independence cannot be assumed.
Phikon-v2,lung_hist_ood2_out_of_domain_lung_lung_diagnostic_histologic_subtyping_slide,Out of Domain,0.836021151219734,0.7160938,published_benchmark_result,phikon_v2,,No,D1_no_detected_evidence_or_insufficient_disclosure,D_incomplete_or_ambiguous_disclosure,Benchmark dataset label is too coarse or exposure evidence is incomplete; independence cannot be assumed.
Virchow2,lung_hist_ood2_out_of_domain_lung_lung_diagnostic_histologic_subtyping_slide,Out of Domain,0.848105905630202,0.7291686,published_benchmark_result,virchow2,,No,D1_no_detected_evidence_or_insufficient_disclosure,D_incomplete_or_ambiguous_disclosure,Benchmark dataset label is too coarse or exposure evidence is incomplete; independence cannot be assumed.
TITAN,lung_hist_ood2_out_of_domain_lung_lung_diagnostic_histologic_subtyping_slide,Out of Domain,0.881165283340159,0.7931478,published_benchmark_result,titan,,No,D1_no_detected_evidence_or_insufficient_disclosure,D_incomplete_or_ambiguous_disclosure,Benchmark dataset label is too coarse or exposure evidence is incomplete; independence cannot be assumed.
UNI,lung_hist_ood2_out_of_domain_lung_lung_diagnostic_histologic_subtyping_slide,Out of Domain,0.854361292002076,0.7207822,published_benchmark_result,uni,,No,D1_no_detected_evidence_or_insufficient_disclosure,D_incomplete_or_ambiguous_disclosure,Benchmark dataset label is too coarse or exposure evidence is incomplete; independence cannot be assumed.
Prov-GigaPath,lung_hist_ood2_out_of_domain_lung_lung_diagnostic_histologic_subtyping_slide,Out of Domain,0.855892166814884,0.7311053,published_benchmark_result,prov_gigapath,,No,D1_no_detected_evidence_or_insufficient_disclosure,D_incomplete_or_ambiguous_disclosure,Benchmark dataset label is too coarse or exposure evidence is incomplete; independence cannot be assumed.
Virchow,lung_hist_ood2_out_of_domain_lung_lung_diagnostic_histologic_subtyping_slide,Out of Domain,0.850481852871769,0.7335183,published_benchmark_result,virchow,,No,D1_no_detected_evidence_or_insufficient_disclosure,D_incomplete_or_ambiguous_disclosure,Benchmark dataset label is too coarse or exposure evidence is incomplete; independence cannot be assumed.
QuiltNet-B-16,lung_hist_ood2_out_of_domain_lung_lung_diagnostic_histologic_subtyping_slide,Out of Domain,0.845548854934847,0.7258915,published_benchmark_result,quiltnet_b16,,No,D1_no_detected_evidence_or_insufficient_disclosure,D_incomplete_or_ambiguous_disclosure,Benchmark dataset label is too coarse or exposure evidence is incomplete; independence cannot be assumed.
PLIP,lung_hist_ood2_out_of_domain_lung_lung_diagnostic_histologic_subtyping_slide,Out of Domain,0.853235774445662,0.7389995,published_benchmark_result,plip,,No,D1_no_detected_evidence_or_insufficient_disclosure,D_incomplete_or_ambiguous_disclosure,Benchmark dataset label is too coarse or exposure evidence is incomplete; independence cannot be assumed.
BiomedCLIP,lung_hist_ood2_out_of_domain_lung_lung_diagnostic_histologic_subtyping_slide,Out of Domain,0.806845361757586,0.7190697,published_benchmark_result,biomedclip,,No,D1_no_detected_evidence_or_insufficient_disclosure,D_incomplete_or_ambiguous_disclosure,Benchmark dataset label is too coarse or exposure evidence is incomplete; independence cannot be assumed.
Dinov2,lung_hist_ood2_out_of_domain_lung_lung_diagnostic_histologic_subtyping_slide,Out of Domain,0.880651269976184,0.7818793,published_benchmark_result,dinov2_l,,No,D1_no_detected_evidence_or_insufficient_disclosure,D_incomplete_or_ambiguous_disclosure,Benchmark dataset label is too coarse or exposure evidence is incomplete; independence cannot be assumed.
Clip-B16,lung_hist_ood2_out_of_domain_lung_lung_diagnostic_histologic_subtyping_slide,Out of Domain,0.808590733327782,0.7058638,published_benchmark_result,clip_b16,,No,D1_no_detected_evidence_or_insufficient_disclosure,D_incomplete_or_ambiguous_disclosure,Benchmark dataset label is too coarse or exposure evidence is incomplete; independence cannot be assumed.
Hibou,lc25000_external_benchmarking_cohort_pan_cancer_pan_cancer_diagnostic_primary_diagnosis_and_histologic_subtyping_patch,External_benchmarking_cohort,0.999963766752216,0.9998582,published_benchmark_result,hibou_b,lc25000,Yes,D1_no_detected_evidence_or_insufficient_disclosure,D_incomplete_or_ambiguous_disclosure,No detected evidence; independence cannot be assumed.
H-optimus-0,lc25000_external_benchmarking_cohort_pan_cancer_pan_cancer_diagnostic_primary_diagnosis_and_histologic_subtyping_patch,External_benchmarking_cohort,1,1,published_benchmark_result,h_optimus_0,lc25000,Yes,D1_no_detected_evidence_or_insufficient_disclosure,D_incomplete_or_ambiguous_disclosure,No detected evidence; independence cannot be assumed.
UNI2,lc25000_external_benchmarking_cohort_pan_cancer_pan_cancer_diagnostic_primary_diagnosis_and_histologic_subtyping_patch,External_benchmarking_cohort,0.999998231872405,1,published_benchmark_result,uni2,lc25000,Yes,D1_no_detected_evidence_or_insufficient_disclosure,D_incomplete_or_ambiguous_disclosure,No detected evidence; independence cannot be assumed.
Phikon-v2,lc25000_external_benchmarking_cohort_pan_cancer_pan_cancer_diagnostic_primary_diagnosis_and_histologic_subtyping_patch,External_benchmarking_cohort,0.999798315135712,0.99921,published_benchmark_result,phikon_v2,lc25000,Yes,D1_no_detected_evidence_or_insufficient_disclosure,D_incomplete_or_ambiguous_disclosure,No detected evidence; independence cannot be assumed.
Virchow2,lc25000_external_benchmarking_cohort_pan_cancer_pan_cancer_diagnostic_primary_diagnosis_and_histologic_subtyping_patch,External_benchmarking_cohort,0.99999647495227,1,published_benchmark_result,virchow2,lc25000,Yes,D1_no_detected_evidence_or_insufficient_disclosure,D_incomplete_or_ambiguous_disclosure,No detected evidence; independence cannot be assumed.
TITAN,lc25000_external_benchmarking_cohort_pan_cancer_pan_cancer_diagnostic_primary_diagnosis_and_histologic_subtyping_patch,External_benchmarking_cohort,0.999367305753169,0.9975214,published_benchmark_result,titan,lc25000,Yes,D1_no_detected_evidence_or_insufficient_disclosure,D_incomplete_or_ambiguous_disclosure,No detected evidence; independence cannot be assumed.
UNI,lc25000_external_benchmarking_cohort_pan_cancer_pan_cancer_diagnostic_primary_diagnosis_and_histologic_subtyping_patch,External_benchmarking_cohort,0.999999123844047,1,published_benchmark_result,uni,lc25000,Yes,D1_no_detected_evidence_or_insufficient_disclosure,D_incomplete_or_ambiguous_disclosure,No detected evidence; independence cannot be assumed.
Prov-GigaPath,lc25000_external_benchmarking_cohort_pan_cancer_pan_cancer_diagnostic_primary_diagnosis_and_histologic_subtyping_patch,External_benchmarking_cohort,0.9999985081867,1,published_benchmark_result,prov_gigapath,lc25000,Yes,D1_no_detected_evidence_or_insufficient_disclosure,D_incomplete_or_ambiguous_disclosure,No detected evidence; independence cannot be assumed.
Virchow,lc25000_external_benchmarking_cohort_pan_cancer_pan_cancer_diagnostic_primary_diagnosis_and_histologic_subtyping_patch,External_benchmarking_cohort,0.999998502525128,1,published_benchmark_result,virchow,lc25000,Yes,D1_no_detected_evidence_or_insufficient_disclosure,D_incomplete_or_ambiguous_disclosure,No detected evidence; independence cannot be assumed.
QuiltNet-B-16,lc25000_external_benchmarking_cohort_pan_cancer_pan_cancer_diagnostic_primary_diagnosis_and_histologic_subtyping_patch,External_benchmarking_cohort,0.995244368331203,0.982821,published_benchmark_result,quiltnet_b16,lc25000,Yes,D1_no_detected_evidence_or_insufficient_disclosure,D_incomplete_or_ambiguous_disclosure,No detected evidence; independence cannot be assumed.
PLIP,lc25000_external_benchmarking_cohort_pan_cancer_pan_cancer_diagnostic_primary_diagnosis_and_histologic_subtyping_patch,External_benchmarking_cohort,0.997949455748652,0.9917745,published_benchmark_result,plip,lc25000,Yes,D1_no_detected_evidence_or_insufficient_disclosure,D_incomplete_or_ambiguous_disclosure,No detected evidence; independence cannot be assumed.
BiomedCLIP,lc25000_external_benchmarking_cohort_pan_cancer_pan_cancer_diagnostic_primary_diagnosis_and_histologic_subtyping_patch,External_benchmarking_cohort,0.984602544394843,0.9456749,published_benchmark_result,biomedclip,lc25000,Yes,D1_no_detected_evidence_or_insufficient_disclosure,D_incomplete_or_ambiguous_disclosure,No detected evidence; independence cannot be assumed.
Dinov2,lc25000_external_benchmarking_cohort_pan_cancer_pan_cancer_diagnostic_primary_diagnosis_and_histologic_subtyping_patch,External_benchmarking_cohort,0.998070858776509,0.9922575,published_benchmark_result,dinov2_l,lc25000,Yes,D1_no_detected_evidence_or_insufficient_disclosure,D_incomplete_or_ambiguous_disclosure,No detected evidence; independence cannot be assumed.
Clip-B16,lc25000_external_benchmarking_cohort_pan_cancer_pan_cancer_diagnostic_primary_diagnosis_and_histologic_subtyping_patch,External_benchmarking_cohort,0.984889015270619,0.9465702,published_benchmark_result,clip_b16,lc25000,Yes,D1_no_detected_evidence_or_insufficient_disclosure,D_incomplete_or_ambiguous_disclosure,No detected evidence; independence cannot be assumed.
Hibou,mhist_external_benchmarking_cohort_coad_colon_diagnostic_histologic_subtyping_patch,External_benchmarking_cohort,0.890300954815743,0.824956088342506,published_benchmark_result,hibou_b,mhist,Yes,D1_no_detected_evidence_or_insufficient_disclosure,D_incomplete_or_ambiguous_disclosure,No detected evidence; independence cannot be assumed.
H-optimus-0,mhist_external_benchmarking_cohort_coad_colon_diagnostic_histologic_subtyping_patch,External_benchmarking_cohort,0.892310374690964,0.819699373818581,published_benchmark_result,h_optimus_0,mhist,Yes,D1_no_detected_evidence_or_insufficient_disclosure,D_incomplete_or_ambiguous_disclosure,No detected evidence; independence cannot be assumed.
UNI2,mhist_external_benchmarking_cohort_coad_colon_diagnostic_histologic_subtyping_patch,External_benchmarking_cohort,0.902895685238856,0.827964527842912,published_benchmark_result,uni2,mhist,Yes,D1_no_detected_evidence_or_insufficient_disclosure,D_incomplete_or_ambiguous_disclosure,No detected evidence; independence cannot be assumed.
Phikon-v2,mhist_external_benchmarking_cohort_coad_colon_diagnostic_histologic_subtyping_patch,External_benchmarking_cohort,0.753419963159964,0.569333131681967,published_benchmark_result,phikon_v2,mhist,Yes,D1_no_detected_evidence_or_insufficient_disclosure,D_incomplete_or_ambiguous_disclosure,No detected evidence; independence cannot be assumed.
Virchow2,mhist_external_benchmarking_cohort_coad_colon_diagnostic_histologic_subtyping_patch,External_benchmarking_cohort,0.94125283149751,0.893720948706385,published_benchmark_result,virchow2,mhist,Yes,D1_no_detected_evidence_or_insufficient_disclosure,D_incomplete_or_ambiguous_disclosure,No detected evidence; independence cannot be assumed.
TITAN,mhist_external_benchmarking_cohort_coad_colon_diagnostic_histologic_subtyping_patch,External_benchmarking_cohort,0.844305601489208,0.752505233560152,published_benchmark_result,titan,mhist,Yes,D1_no_detected_evidence_or_insufficient_disclosure,D_incomplete_or_ambiguous_disclosure,No detected evidence; independence cannot be assumed.
UNI,mhist_external_benchmarking_cohort_coad_colon_diagnostic_histologic_subtyping_patch,External_benchmarking_cohort,0.892356969407296,0.818549686766211,published_benchmark_result,uni,mhist,Yes,D1_no_detected_evidence_or_insufficient_disclosure,D_incomplete_or_ambiguous_disclosure,No detected evidence; independence cannot be assumed.
Prov-GigaPath,mhist_external_benchmarking_cohort_coad_colon_diagnostic_histologic_subtyping_patch,External_benchmarking_cohort,0.891686340445926,0.825657658512574,published_benchmark_result,prov_gigapath,mhist,Yes,D1_no_detected_evidence_or_insufficient_disclosure,D_incomplete_or_ambiguous_disclosure,No detected evidence; independence cannot be assumed.
Virchow,mhist_external_benchmarking_cohort_coad_colon_diagnostic_histologic_subtyping_patch,External_benchmarking_cohort,0.8958739020517,0.809125893815406,published_benchmark_result,virchow,mhist,Yes,D1_no_detected_evidence_or_insufficient_disclosure,D_incomplete_or_ambiguous_disclosure,No detected evidence; independence cannot be assumed.
QuiltNet-B-16,mhist_external_benchmarking_cohort_coad_colon_diagnostic_histologic_subtyping_patch,External_benchmarking_cohort,0.737114014247632,0.556611607227906,published_benchmark_result,quiltnet_b16,mhist,Yes,D1_no_detected_evidence_or_insufficient_disclosure,D_incomplete_or_ambiguous_disclosure,No detected evidence; independence cannot be assumed.
PLIP,mhist_external_benchmarking_cohort_coad_colon_diagnostic_histologic_subtyping_patch,External_benchmarking_cohort,0.772264348823131,0.571233318255147,published_benchmark_result,plip,mhist,Yes,D1_no_detected_evidence_or_insufficient_disclosure,D_incomplete_or_ambiguous_disclosure,No detected evidence; independence cannot be assumed.
BiomedCLIP,mhist_external_benchmarking_cohort_coad_colon_diagnostic_histologic_subtyping_patch,External_benchmarking_cohort,0.756049353132744,0.57715159572408,published_benchmark_result,biomedclip,mhist,Yes,D1_no_detected_evidence_or_insufficient_disclosure,D_incomplete_or_ambiguous_disclosure,No detected evidence; independence cannot be assumed.
Dinov2,mhist_external_benchmarking_cohort_coad_colon_diagnostic_histologic_subtyping_patch,External_benchmarking_cohort,0.915185889112643,0.87126992422842,published_benchmark_result,dinov2_l,mhist,Yes,D1_no_detected_evidence_or_insufficient_disclosure,D_incomplete_or_ambiguous_disclosure,No detected evidence; independence cannot be assumed.
Clip-B16,mhist_external_benchmarking_cohort_coad_colon_diagnostic_histologic_subtyping_patch,External_benchmarking_cohort,0.772258448472121,0.603864484590211,published_benchmark_result,clip_b16,mhist,Yes,D1_no_detected_evidence_or_insufficient_disclosure,D_incomplete_or_ambiguous_disclosure,No detected evidence; independence cannot be assumed.
Hibou,nct_crc_he_external_benchmarking_cohort_coad_colon_diagnostic_tissue_type_classification_patch,External_benchmarking_cohort,0.997563343081718,0.9743795,published_benchmark_result,hibou_b,nct_crc_he_100k,Yes,D1_no_detected_evidence_or_insufficient_disclosure,D_incomplete_or_ambiguous_disclosure,No detected evidence; independence cannot be assumed.
H-optimus-0,nct_crc_he_external_benchmarking_cohort_coad_colon_diagnostic_tissue_type_classification_patch,External_benchmarking_cohort,0.997671349624493,0.9729339,published_benchmark_result,h_optimus_0,nct_crc_he_100k,Yes,D1_no_detected_evidence_or_insufficient_disclosure,D_incomplete_or_ambiguous_disclosure,No detected evidence; independence cannot be assumed.
UNI2,nct_crc_he_external_benchmarking_cohort_coad_colon_diagnostic_tissue_type_classification_patch,External_benchmarking_cohort,0.996248224393146,0.9611142,published_benchmark_result,uni2,nct_crc_he_100k,Yes,D1_no_detected_evidence_or_insufficient_disclosure,D_incomplete_or_ambiguous_disclosure,No detected evidence; independence cannot be assumed.
Phikon-v2,nct_crc_he_external_benchmarking_cohort_coad_colon_diagnostic_tissue_type_classification_patch,External_benchmarking_cohort,0.995540691114699,0.9608108,published_benchmark_result,phikon_v2,nct_crc_he_100k,Yes,D1_no_detected_evidence_or_insufficient_disclosure,D_incomplete_or_ambiguous_disclosure,No detected evidence; independence cannot be assumed.
Virchow2,nct_crc_he_external_benchmarking_cohort_coad_colon_diagnostic_tissue_type_classification_patch,External_benchmarking_cohort,0.997224512013746,0.9730746,published_benchmark_result,virchow2,nct_crc_he_100k,Yes,D1_no_detected_evidence_or_insufficient_disclosure,D_incomplete_or_ambiguous_disclosure,No detected evidence; independence cannot be assumed.
TITAN,nct_crc_he_external_benchmarking_cohort_coad_colon_diagnostic_tissue_type_classification_patch,External_benchmarking_cohort,0.996557572142696,0.9624928,published_benchmark_result,titan,nct_crc_he_100k,Yes,D1_no_detected_evidence_or_insufficient_disclosure,D_incomplete_or_ambiguous_disclosure,No detected evidence; independence cannot be assumed.
UNI,nct_crc_he_external_benchmarking_cohort_coad_colon_diagnostic_tissue_type_classification_patch,External_benchmarking_cohort,0.996559177853489,0.965714,published_benchmark_result,uni,nct_crc_he_100k,Yes,D1_no_detected_evidence_or_insufficient_disclosure,D_incomplete_or_ambiguous_disclosure,No detected evidence; independence cannot be assumed.
Prov-GigaPath,nct_crc_he_external_benchmarking_cohort_coad_colon_diagnostic_tissue_type_classification_patch,External_benchmarking_cohort,0.998412176634098,0.9814885,published_benchmark_result,prov_gigapath,nct_crc_he_100k,Yes,D1_no_detected_evidence_or_insufficient_disclosure,D_incomplete_or_ambiguous_disclosure,No detected evidence; independence cannot be assumed.
Virchow,nct_crc_he_external_benchmarking_cohort_coad_colon_diagnostic_tissue_type_classification_patch,External_benchmarking_cohort,0.997948805795286,0.9737351,published_benchmark_result,virchow,nct_crc_he_100k,Yes,D1_no_detected_evidence_or_insufficient_disclosure,D_incomplete_or_ambiguous_disclosure,No detected evidence; independence cannot be assumed.
QuiltNet-B-16,nct_crc_he_external_benchmarking_cohort_coad_colon_diagnostic_tissue_type_classification_patch,External_benchmarking_cohort,0.993183342575926,0.9410733,published_benchmark_result,quiltnet_b16,nct_crc_he_100k,Yes,D1_no_detected_evidence_or_insufficient_disclosure,D_incomplete_or_ambiguous_disclosure,No detected evidence; independence cannot be assumed.
PLIP,nct_crc_he_external_benchmarking_cohort_coad_colon_diagnostic_tissue_type_classification_patch,External_benchmarking_cohort,0.995498101295657,0.955658,published_benchmark_result,plip,nct_crc_he_100k,Yes,D1_no_detected_evidence_or_insufficient_disclosure,D_incomplete_or_ambiguous_disclosure,No detected evidence; independence cannot be assumed.
BiomedCLIP,nct_crc_he_external_benchmarking_cohort_coad_colon_diagnostic_tissue_type_classification_patch,External_benchmarking_cohort,0.985601869680199,0.8902382,published_benchmark_result,biomedclip,nct_crc_he_100k,Yes,D1_no_detected_evidence_or_insufficient_disclosure,D_incomplete_or_ambiguous_disclosure,No detected evidence; independence cannot be assumed.
Dinov2,nct_crc_he_external_benchmarking_cohort_coad_colon_diagnostic_tissue_type_classification_patch,External_benchmarking_cohort,0.994148947050554,0.9361496,published_benchmark_result,dinov2_l,nct_crc_he_100k,Yes,D1_no_detected_evidence_or_insufficient_disclosure,D_incomplete_or_ambiguous_disclosure,No detected evidence; independence cannot be assumed.
Clip-B16,nct_crc_he_external_benchmarking_cohort_coad_colon_diagnostic_tissue_type_classification_patch,External_benchmarking_cohort,0.985745400158678,0.8911239,published_benchmark_result,clip_b16,nct_crc_he_100k,Yes,D1_no_detected_evidence_or_insufficient_disclosure,D_incomplete_or_ambiguous_disclosure,No detected evidence; independence cannot be assumed.
Hibou,sicapv2_external_benchmarking_cohort_prad_prostate_diagnostic_primary_diagnosis_and_tumor_grading_patch,External_benchmarking_cohort,0.943607754771594,0.8450549,published_benchmark_result,hibou_b,sicapv2,Yes,D1_no_detected_evidence_or_insufficient_disclosure,D_incomplete_or_ambiguous_disclosure,No detected evidence; independence cannot be assumed.
H-optimus-0,sicapv2_external_benchmarking_cohort_prad_prostate_diagnostic_primary_diagnosis_and_tumor_grading_patch,External_benchmarking_cohort,0.935320630368354,0.826686,published_benchmark_result,h_optimus_0,sicapv2,Yes,D1_no_detected_evidence_or_insufficient_disclosure,D_incomplete_or_ambiguous_disclosure,No detected evidence; independence cannot be assumed.
UNI2,sicapv2_external_benchmarking_cohort_prad_prostate_diagnostic_primary_diagnosis_and_tumor_grading_patch,External_benchmarking_cohort,0.955716009121132,0.8739569,published_benchmark_result,uni2,sicapv2,Yes,D1_no_detected_evidence_or_insufficient_disclosure,D_incomplete_or_ambiguous_disclosure,No detected evidence; independence cannot be assumed.
Phikon-v2,sicapv2_external_benchmarking_cohort_prad_prostate_diagnostic_primary_diagnosis_and_tumor_grading_patch,External_benchmarking_cohort,0.898572782597865,0.749257,published_benchmark_result,phikon_v2,sicapv2,Yes,D1_no_detected_evidence_or_insufficient_disclosure,D_incomplete_or_ambiguous_disclosure,No detected evidence; independence cannot be assumed.
Virchow2,sicapv2_external_benchmarking_cohort_prad_prostate_diagnostic_primary_diagnosis_and_tumor_grading_patch,External_benchmarking_cohort,0.955299565929941,0.8734971,published_benchmark_result,virchow2,sicapv2,Yes,D1_no_detected_evidence_or_insufficient_disclosure,D_incomplete_or_ambiguous_disclosure,No detected evidence; independence cannot be assumed.
TITAN,sicapv2_external_benchmarking_cohort_prad_prostate_diagnostic_primary_diagnosis_and_tumor_grading_patch,External_benchmarking_cohort,0.931817816438392,0.8131781,published_benchmark_result,titan,sicapv2,Yes,D1_no_detected_evidence_or_insufficient_disclosure,D_incomplete_or_ambiguous_disclosure,No detected evidence; independence cannot be assumed.
UNI,sicapv2_external_benchmarking_cohort_prad_prostate_diagnostic_primary_diagnosis_and_tumor_grading_patch,External_benchmarking_cohort,0.939988756901656,0.8298843,published_benchmark_result,uni,sicapv2,Yes,D1_no_detected_evidence_or_insufficient_disclosure,D_incomplete_or_ambiguous_disclosure,No detected evidence; independence cannot be assumed.
Prov-GigaPath,sicapv2_external_benchmarking_cohort_prad_prostate_diagnostic_primary_diagnosis_and_tumor_grading_patch,External_benchmarking_cohort,0.936230775455961,0.8253257,published_benchmark_result,prov_gigapath,sicapv2,Yes,D1_no_detected_evidence_or_insufficient_disclosure,D_incomplete_or_ambiguous_disclosure,No detected evidence; independence cannot be assumed.
Virchow,sicapv2_external_benchmarking_cohort_prad_prostate_diagnostic_primary_diagnosis_and_tumor_grading_patch,External_benchmarking_cohort,0.932481464304462,0.8141227,published_benchmark_result,virchow,sicapv2,Yes,D1_no_detected_evidence_or_insufficient_disclosure,D_incomplete_or_ambiguous_disclosure,No detected evidence; independence cannot be assumed.
QuiltNet-B-16,sicapv2_external_benchmarking_cohort_prad_prostate_diagnostic_primary_diagnosis_and_tumor_grading_patch,External_benchmarking_cohort,0.872100894436766,0.6846556,published_benchmark_result,quiltnet_b16,sicapv2,Yes,D1_no_detected_evidence_or_insufficient_disclosure,D_incomplete_or_ambiguous_disclosure,No detected evidence; independence cannot be assumed.
PLIP,sicapv2_external_benchmarking_cohort_prad_prostate_diagnostic_primary_diagnosis_and_tumor_grading_patch,External_benchmarking_cohort,0.893780483639761,0.7322754,published_benchmark_result,plip,sicapv2,Yes,D1_no_detected_evidence_or_insufficient_disclosure,D_incomplete_or_ambiguous_disclosure,No detected evidence; independence cannot be assumed.
BiomedCLIP,sicapv2_external_benchmarking_cohort_prad_prostate_diagnostic_primary_diagnosis_and_tumor_grading_patch,External_benchmarking_cohort,0.80292646370966,0.5542744,published_benchmark_result,biomedclip,sicapv2,Yes,D1_no_detected_evidence_or_insufficient_disclosure,D_incomplete_or_ambiguous_disclosure,No detected evidence; independence cannot be assumed.
Dinov2,sicapv2_external_benchmarking_cohort_prad_prostate_diagnostic_primary_diagnosis_and_tumor_grading_patch,External_benchmarking_cohort,0.873296616837936,0.6809942,published_benchmark_result,dinov2_l,sicapv2,Yes,D1_no_detected_evidence_or_insufficient_disclosure,D_incomplete_or_ambiguous_disclosure,No detected evidence; independence cannot be assumed.
Clip-B16,sicapv2_external_benchmarking_cohort_prad_prostate_diagnostic_primary_diagnosis_and_tumor_grading_patch,External_benchmarking_cohort,0.802404166120966,0.552347,published_benchmark_result,clip_b16,sicapv2,Yes,D1_no_detected_evidence_or_insufficient_disclosure,D_incomplete_or_ambiguous_disclosure,No detected evidence; independence cannot be assumed.
Hibou,unitopatho_external_benchmarking_cohort_coad_colon_diagnostic_primary_diagnosis_patch,External_benchmarking_cohort,0.852931069761087,0.5523184,published_benchmark_result,hibou_b,unitopatho,Yes,D1_no_detected_evidence_or_insufficient_disclosure,D_incomplete_or_ambiguous_disclosure,No detected evidence; independence cannot be assumed.
H-optimus-0,unitopatho_external_benchmarking_cohort_coad_colon_diagnostic_primary_diagnosis_patch,External_benchmarking_cohort,0.826427312826742,0.5296388,published_benchmark_result,h_optimus_0,unitopatho,Yes,D1_no_detected_evidence_or_insufficient_disclosure,D_incomplete_or_ambiguous_disclosure,No detected evidence; independence cannot be assumed.
UNI2,unitopatho_external_benchmarking_cohort_coad_colon_diagnostic_primary_diagnosis_patch,External_benchmarking_cohort,0.856990182879984,0.5914694,published_benchmark_result,uni2,unitopatho,Yes,D1_no_detected_evidence_or_insufficient_disclosure,D_incomplete_or_ambiguous_disclosure,No detected evidence; independence cannot be assumed.
Phikon-v2,unitopatho_external_benchmarking_cohort_coad_colon_diagnostic_primary_diagnosis_patch,External_benchmarking_cohort,0.808915713576539,0.5057758,published_benchmark_result,phikon_v2,unitopatho,Yes,D1_no_detected_evidence_or_insufficient_disclosure,D_incomplete_or_ambiguous_disclosure,No detected evidence; independence cannot be assumed.
Virchow2,unitopatho_external_benchmarking_cohort_coad_colon_diagnostic_primary_diagnosis_patch,External_benchmarking_cohort,0.863897917626591,0.6038665,published_benchmark_result,virchow2,unitopatho,Yes,D1_no_detected_evidence_or_insufficient_disclosure,D_incomplete_or_ambiguous_disclosure,No detected evidence; independence cannot be assumed.
TITAN,unitopatho_external_benchmarking_cohort_coad_colon_diagnostic_primary_diagnosis_patch,External_benchmarking_cohort,0.849536148566575,0.574104,published_benchmark_result,titan,unitopatho,Yes,D1_no_detected_evidence_or_insufficient_disclosure,D_incomplete_or_ambiguous_disclosure,No detected evidence; independence cannot be assumed.
UNI,unitopatho_external_benchmarking_cohort_coad_colon_diagnostic_primary_diagnosis_patch,External_benchmarking_cohort,0.823531718255092,0.5167696,published_benchmark_result,uni,unitopatho,Yes,D1_no_detected_evidence_or_insufficient_disclosure,D_incomplete_or_ambiguous_disclosure,No detected evidence; independence cannot be assumed.
Prov-GigaPath,unitopatho_external_benchmarking_cohort_coad_colon_diagnostic_primary_diagnosis_patch,External_benchmarking_cohort,0.839046668546772,0.5452447,published_benchmark_result,prov_gigapath,unitopatho,Yes,D1_no_detected_evidence_or_insufficient_disclosure,D_incomplete_or_ambiguous_disclosure,No detected evidence; independence cannot be assumed.
Virchow,unitopatho_external_benchmarking_cohort_coad_colon_diagnostic_primary_diagnosis_patch,External_benchmarking_cohort,0.808480369628482,0.4806819,published_benchmark_result,virchow,unitopatho,Yes,D1_no_detected_evidence_or_insufficient_disclosure,D_incomplete_or_ambiguous_disclosure,No detected evidence; independence cannot be assumed.
QuiltNet-B-16,unitopatho_external_benchmarking_cohort_coad_colon_diagnostic_primary_diagnosis_patch,External_benchmarking_cohort,0.751321183908727,0.3296799,published_benchmark_result,quiltnet_b16,unitopatho,Yes,D1_no_detected_evidence_or_insufficient_disclosure,D_incomplete_or_ambiguous_disclosure,No detected evidence; independence cannot be assumed.
PLIP,unitopatho_external_benchmarking_cohort_coad_colon_diagnostic_primary_diagnosis_patch,External_benchmarking_cohort,0.758842891691323,0.3553423,published_benchmark_result,plip,unitopatho,Yes,D1_no_detected_evidence_or_insufficient_disclosure,D_incomplete_or_ambiguous_disclosure,No detected evidence; independence cannot be assumed.
BiomedCLIP,unitopatho_external_benchmarking_cohort_coad_colon_diagnostic_primary_diagnosis_patch,External_benchmarking_cohort,0.688218296116233,0.2680952,published_benchmark_result,biomedclip,unitopatho,Yes,D1_no_detected_evidence_or_insufficient_disclosure,D_incomplete_or_ambiguous_disclosure,No detected evidence; independence cannot be assumed.
Dinov2,unitopatho_external_benchmarking_cohort_coad_colon_diagnostic_primary_diagnosis_patch,External_benchmarking_cohort,0.786462862106651,0.396707,published_benchmark_result,dinov2_l,unitopatho,Yes,D1_no_detected_evidence_or_insufficient_disclosure,D_incomplete_or_ambiguous_disclosure,No detected evidence; independence cannot be assumed.
Clip-B16,unitopatho_external_benchmarking_cohort_coad_colon_diagnostic_primary_diagnosis_patch,External_benchmarking_cohort,0.682170632333734,0.2695032,published_benchmark_result,clip_b16,unitopatho,Yes,D1_no_detected_evidence_or_insufficient_disclosure,D_incomplete_or_ambiguous_disclosure,No detected evidence; independence cannot be assumed.
Hibou,lung_grade_out_of_domain_lung_lung_diagnostic_tumor_grading_slide,Out of Domain,0.671362552664845,0.5265982,published_benchmark_result,hibou_b,,No,D1_no_detected_evidence_or_insufficient_disclosure,D_incomplete_or_ambiguous_disclosure,Benchmark dataset label is too coarse or exposure evidence is incomplete; independence cannot be assumed.
H-optimus-0,lung_grade_out_of_domain_lung_lung_diagnostic_tumor_grading_slide,Out of Domain,0.740612328146393,0.6082639,published_benchmark_result,h_optimus_0,,No,D1_no_detected_evidence_or_insufficient_disclosure,D_incomplete_or_ambiguous_disclosure,Benchmark dataset label is too coarse or exposure evidence is incomplete; independence cannot be assumed.
UNI2,lung_grade_out_of_domain_lung_lung_diagnostic_tumor_grading_slide,Out of Domain,0.685366486579787,0.5526133,published_benchmark_result,uni2,,No,D1_no_detected_evidence_or_insufficient_disclosure,D_incomplete_or_ambiguous_disclosure,Benchmark dataset label is too coarse or exposure evidence is incomplete; independence cannot be assumed.
Phikon-v2,lung_grade_out_of_domain_lung_lung_diagnostic_tumor_grading_slide,Out of Domain,0.644483728046294,0.4988232,published_benchmark_result,phikon_v2,,No,D1_no_detected_evidence_or_insufficient_disclosure,D_incomplete_or_ambiguous_disclosure,Benchmark dataset label is too coarse or exposure evidence is incomplete; independence cannot be assumed.
Virchow2,lung_grade_out_of_domain_lung_lung_diagnostic_tumor_grading_slide,Out of Domain,0.737937190351904,0.6047486,published_benchmark_result,virchow2,,No,D1_no_detected_evidence_or_insufficient_disclosure,D_incomplete_or_ambiguous_disclosure,Benchmark dataset label is too coarse or exposure evidence is incomplete; independence cannot be assumed.
TITAN,lung_grade_out_of_domain_lung_lung_diagnostic_tumor_grading_slide,Out of Domain,0.683852431118283,0.5200924,published_benchmark_result,titan,,No,D1_no_detected_evidence_or_insufficient_disclosure,D_incomplete_or_ambiguous_disclosure,Benchmark dataset label is too coarse or exposure evidence is incomplete; independence cannot be assumed.
UNI,lung_grade_out_of_domain_lung_lung_diagnostic_tumor_grading_slide,Out of Domain,0.73445799916457,0.6084048,published_benchmark_result,uni,,No,D1_no_detected_evidence_or_insufficient_disclosure,D_incomplete_or_ambiguous_disclosure,Benchmark dataset label is too coarse or exposure evidence is incomplete; independence cannot be assumed.
Prov-GigaPath,lung_grade_out_of_domain_lung_lung_diagnostic_tumor_grading_slide,Out of Domain,0.714619659825126,0.5901568,published_benchmark_result,prov_gigapath,,No,D1_no_detected_evidence_or_insufficient_disclosure,D_incomplete_or_ambiguous_disclosure,Benchmark dataset label is too coarse or exposure evidence is incomplete; independence cannot be assumed.
Virchow,lung_grade_out_of_domain_lung_lung_diagnostic_tumor_grading_slide,Out of Domain,0.688601180868188,0.5692883,published_benchmark_result,virchow,,No,D1_no_detected_evidence_or_insufficient_disclosure,D_incomplete_or_ambiguous_disclosure,Benchmark dataset label is too coarse or exposure evidence is incomplete; independence cannot be assumed.
QuiltNet-B-16,lung_grade_out_of_domain_lung_lung_diagnostic_tumor_grading_slide,Out of Domain,0.645495446775616,0.4905652,published_benchmark_result,quiltnet_b16,,No,D1_no_detected_evidence_or_insufficient_disclosure,D_incomplete_or_ambiguous_disclosure,Benchmark dataset label is too coarse or exposure evidence is incomplete; independence cannot be assumed.
PLIP,lung_grade_out_of_domain_lung_lung_diagnostic_tumor_grading_slide,Out of Domain,0.646006635562603,0.5032055,published_benchmark_result,plip,,No,D1_no_detected_evidence_or_insufficient_disclosure,D_incomplete_or_ambiguous_disclosure,Benchmark dataset label is too coarse or exposure evidence is incomplete; independence cannot be assumed.
BiomedCLIP,lung_grade_out_of_domain_lung_lung_diagnostic_tumor_grading_slide,Out of Domain,0.561619081486497,0.4415974,published_benchmark_result,biomedclip,,No,D1_no_detected_evidence_or_insufficient_disclosure,D_incomplete_or_ambiguous_disclosure,Benchmark dataset label is too coarse or exposure evidence is incomplete; independence cannot be assumed.
Dinov2,lung_grade_out_of_domain_lung_lung_diagnostic_tumor_grading_slide,Out of Domain,0.644113247959442,0.4918609,published_benchmark_result,dinov2_l,,No,D1_no_detected_evidence_or_insufficient_disclosure,D_incomplete_or_ambiguous_disclosure,Benchmark dataset label is too coarse or exposure evidence is incomplete; independence cannot be assumed.
Clip-B16,lung_grade_out_of_domain_lung_lung_diagnostic_tumor_grading_slide,Out of Domain,0.558722288812024,0.441488,published_benchmark_result,clip_b16,,No,D1_no_detected_evidence_or_insufficient_disclosure,D_incomplete_or_ambiguous_disclosure,Benchmark dataset label is too coarse or exposure evidence is incomplete; independence cannot be assumed.
Hibou,lung_stage_out_of_domain_lung_lung_diagnostic_tumor_staging_slide,Out of Domain,0.678190197393529,0.5592742,published_benchmark_result,hibou_b,,No,D1_no_detected_evidence_or_insufficient_disclosure,D_incomplete_or_ambiguous_disclosure,Benchmark dataset label is too coarse or exposure evidence is incomplete; independence cannot be assumed.
H-optimus-0,lung_stage_out_of_domain_lung_lung_diagnostic_tumor_staging_slide,Out of Domain,0.650136631962826,0.5241065,published_benchmark_result,h_optimus_0,,No,D1_no_detected_evidence_or_insufficient_disclosure,D_incomplete_or_ambiguous_disclosure,Benchmark dataset label is too coarse or exposure evidence is incomplete; independence cannot be assumed.
UNI2,lung_stage_out_of_domain_lung_lung_diagnostic_tumor_staging_slide,Out of Domain,0.646982901762364,0.5305779,published_benchmark_result,uni2,,No,D1_no_detected_evidence_or_insufficient_disclosure,D_incomplete_or_ambiguous_disclosure,Benchmark dataset label is too coarse or exposure evidence is incomplete; independence cannot be assumed.
Phikon-v2,lung_stage_out_of_domain_lung_lung_diagnostic_tumor_staging_slide,Out of Domain,0.65763274852311,0.5426461,published_benchmark_result,phikon_v2,,No,D1_no_detected_evidence_or_insufficient_disclosure,D_incomplete_or_ambiguous_disclosure,Benchmark dataset label is too coarse or exposure evidence is incomplete; independence cannot be assumed.
Virchow2,lung_stage_out_of_domain_lung_lung_diagnostic_tumor_staging_slide,Out of Domain,0.620330680010604,0.5086521,published_benchmark_result,virchow2,,No,D1_no_detected_evidence_or_insufficient_disclosure,D_incomplete_or_ambiguous_disclosure,Benchmark dataset label is too coarse or exposure evidence is incomplete; independence cannot be assumed.
TITAN,lung_stage_out_of_domain_lung_lung_diagnostic_tumor_staging_slide,Out of Domain,0.652888657321035,0.5414003,published_benchmark_result,titan,,No,D1_no_detected_evidence_or_insufficient_disclosure,D_incomplete_or_ambiguous_disclosure,Benchmark dataset label is too coarse or exposure evidence is incomplete; independence cannot be assumed.
UNI,lung_stage_out_of_domain_lung_lung_diagnostic_tumor_staging_slide,Out of Domain,0.641552790868753,0.5198768,published_benchmark_result,uni,,No,D1_no_detected_evidence_or_insufficient_disclosure,D_incomplete_or_ambiguous_disclosure,Benchmark dataset label is too coarse or exposure evidence is incomplete; independence cannot be assumed.
Prov-GigaPath,lung_stage_out_of_domain_lung_lung_diagnostic_tumor_staging_slide,Out of Domain,0.675088380493592,0.5428871,published_benchmark_result,prov_gigapath,,No,D1_no_detected_evidence_or_insufficient_disclosure,D_incomplete_or_ambiguous_disclosure,Benchmark dataset label is too coarse or exposure evidence is incomplete; independence cannot be assumed.
Virchow,lung_stage_out_of_domain_lung_lung_diagnostic_tumor_staging_slide,Out of Domain,0.657201394414245,0.5439139,published_benchmark_result,virchow,,No,D1_no_detected_evidence_or_insufficient_disclosure,D_incomplete_or_ambiguous_disclosure,Benchmark dataset label is too coarse or exposure evidence is incomplete; independence cannot be assumed.
QuiltNet-B-16,lung_stage_out_of_domain_lung_lung_diagnostic_tumor_staging_slide,Out of Domain,0.624816108087886,0.5579379,published_benchmark_result,quiltnet_b16,,No,D1_no_detected_evidence_or_insufficient_disclosure,D_incomplete_or_ambiguous_disclosure,Benchmark dataset label is too coarse or exposure evidence is incomplete; independence cannot be assumed.
PLIP,lung_stage_out_of_domain_lung_lung_diagnostic_tumor_staging_slide,Out of Domain,0.628498706441776,0.5127456,published_benchmark_result,plip,,No,D1_no_detected_evidence_or_insufficient_disclosure,D_incomplete_or_ambiguous_disclosure,Benchmark dataset label is too coarse or exposure evidence is incomplete; independence cannot be assumed.
BiomedCLIP,lung_stage_out_of_domain_lung_lung_diagnostic_tumor_staging_slide,Out of Domain,0.62645054963587,0.4909261,published_benchmark_result,biomedclip,,No,D1_no_detected_evidence_or_insufficient_disclosure,D_incomplete_or_ambiguous_disclosure,Benchmark dataset label is too coarse or exposure evidence is incomplete; independence cannot be assumed.
Dinov2,lung_stage_out_of_domain_lung_lung_diagnostic_tumor_staging_slide,Out of Domain,0.687262903097615,0.5639578,published_benchmark_result,dinov2_l,,No,D1_no_detected_evidence_or_insufficient_disclosure,D_incomplete_or_ambiguous_disclosure,Benchmark dataset label is too coarse or exposure evidence is incomplete; independence cannot be assumed.
Clip-B16,lung_stage_out_of_domain_lung_lung_diagnostic_tumor_staging_slide,Out of Domain,0.626010035971317,0.4922003,published_benchmark_result,clip_b16,,No,D1_no_detected_evidence_or_insufficient_disclosure,D_incomplete_or_ambiguous_disclosure,Benchmark dataset label is too coarse or exposure evidence is incomplete; independence cannot be assumed.
Hibou,kidney_subtype_tcga_kirc_kirp_kich_kidney_diagnostic_histologic_subtyping_slide,TCGA,0.959296679694184,0.901323,published_benchmark_result,hibou_b,tcga,Yes,D1_no_detected_evidence_or_insufficient_disclosure,D_incomplete_or_ambiguous_disclosure,No detected evidence; independence cannot be assumed.
H-optimus-0,kidney_subtype_tcga_kirc_kirp_kich_kidney_diagnostic_histologic_subtyping_slide,TCGA,0.96734247376985,0.9159824,published_benchmark_result,h_optimus_0,tcga,Yes,D1_no_detected_evidence_or_insufficient_disclosure,D_incomplete_or_ambiguous_disclosure,No detected evidence; independence cannot be assumed.
UNI2,kidney_subtype_tcga_kirc_kirp_kich_kidney_diagnostic_histologic_subtyping_slide,TCGA,0.972071538282652,0.9315111,published_benchmark_result,uni2,tcga,Yes,D1_no_detected_evidence_or_insufficient_disclosure,D_incomplete_or_ambiguous_disclosure,No detected evidence; independence cannot be assumed.
Phikon-v2,kidney_subtype_tcga_kirc_kirp_kich_kidney_diagnostic_histologic_subtyping_slide,TCGA,0.965588881615343,0.9156498,published_benchmark_result,phikon_v2,tcga,Yes,D3_exact_dataset_exposure,B_explicit_primary_source_statement,The named evaluation dataset is reported in model development; independence cannot be assumed.
Virchow2,kidney_subtype_tcga_kirc_kirp_kich_kidney_diagnostic_histologic_subtyping_slide,TCGA,0.982710630024459,0.9574022,published_benchmark_result,virchow2,tcga,Yes,D1_no_detected_evidence_or_insufficient_disclosure,D_incomplete_or_ambiguous_disclosure,No detected evidence; independence cannot be assumed.
TITAN,kidney_subtype_tcga_kirc_kirp_kich_kidney_diagnostic_histologic_subtyping_slide,TCGA,0.961573653389032,0.9040705,published_benchmark_result,titan,tcga,Yes,D0_documented_disjoint,B_explicit_primary_source_statement,Version-specific disjointness is documented in the cited source.
UNI,kidney_subtype_tcga_kirc_kirp_kich_kidney_diagnostic_histologic_subtyping_slide,TCGA,0.961668204752321,0.9004334,published_benchmark_result,uni,tcga,Yes,D0_documented_disjoint,B_explicit_primary_source_statement,Version-specific disjointness is documented in the cited source.
Prov-GigaPath,kidney_subtype_tcga_kirc_kirp_kich_kidney_diagnostic_histologic_subtyping_slide,TCGA,0.968190414537194,0.9189896,published_benchmark_result,prov_gigapath,tcga,Yes,D1_no_detected_evidence_or_insufficient_disclosure,D_incomplete_or_ambiguous_disclosure,No detected evidence; independence cannot be assumed.
Virchow,kidney_subtype_tcga_kirc_kirp_kich_kidney_diagnostic_histologic_subtyping_slide,TCGA,0.954507004446629,0.8909835,published_benchmark_result,virchow,tcga,Yes,D1_no_detected_evidence_or_insufficient_disclosure,D_incomplete_or_ambiguous_disclosure,No detected evidence; independence cannot be assumed.
QuiltNet-B-16,kidney_subtype_tcga_kirc_kirp_kich_kidney_diagnostic_histologic_subtyping_slide,TCGA,0.931922369254637,0.8486866,published_benchmark_result,quiltnet_b16,tcga,Yes,D1_no_detected_evidence_or_insufficient_disclosure,D_incomplete_or_ambiguous_disclosure,No detected evidence; independence cannot be assumed.
PLIP,kidney_subtype_tcga_kirc_kirp_kich_kidney_diagnostic_histologic_subtyping_slide,TCGA,0.921687183571686,0.8233571,published_benchmark_result,plip,tcga,Yes,D1_no_detected_evidence_or_insufficient_disclosure,D_incomplete_or_ambiguous_disclosure,No detected evidence; independence cannot be assumed.
BiomedCLIP,kidney_subtype_tcga_kirc_kirp_kich_kidney_diagnostic_histologic_subtyping_slide,TCGA,0.918813152531999,0.8130015,published_benchmark_result,biomedclip,tcga,Yes,D1_no_detected_evidence_or_insufficient_disclosure,D_incomplete_or_ambiguous_disclosure,No detected evidence; independence cannot be assumed.
Dinov2,kidney_subtype_tcga_kirc_kirp_kich_kidney_diagnostic_histologic_subtyping_slide,TCGA,0.906454289256252,0.7995417,published_benchmark_result,dinov2_l,tcga,Yes,D1_no_detected_evidence_or_insufficient_disclosure,D_incomplete_or_ambiguous_disclosure,No detected evidence; independence cannot be assumed.
Clip-B16,kidney_subtype_tcga_kirc_kirp_kich_kidney_diagnostic_histologic_subtyping_slide,TCGA,0.91693963769844,0.8082814,published_benchmark_result,clip_b16,tcga,Yes,D1_no_detected_evidence_or_insufficient_disclosure,D_incomplete_or_ambiguous_disclosure,No detected evidence; independence cannot be assumed.
Hibou,blca_hist_subtype_tcga_blca_bladder_diagnostic_histologic_subtyping_slide,TCGA,0.68233338827563,0.695349947178542,published_benchmark_result,hibou_b,tcga,Yes,D1_no_detected_evidence_or_insufficient_disclosure,D_incomplete_or_ambiguous_disclosure,No detected evidence; independence cannot be assumed.
H-optimus-0,blca_hist_subtype_tcga_blca_bladder_diagnostic_histologic_subtyping_slide,TCGA,0.689067475010561,0.740627634023208,published_benchmark_result,h_optimus_0,tcga,Yes,D1_no_detected_evidence_or_insufficient_disclosure,D_incomplete_or_ambiguous_disclosure,No detected evidence; independence cannot be assumed.
UNI2,blca_hist_subtype_tcga_blca_bladder_diagnostic_histologic_subtyping_slide,TCGA,0.724663575987315,0.765123200938057,published_benchmark_result,uni2,tcga,Yes,D1_no_detected_evidence_or_insufficient_disclosure,D_incomplete_or_ambiguous_disclosure,No detected evidence; independence cannot be assumed.
Phikon-v2,blca_hist_subtype_tcga_blca_bladder_diagnostic_histologic_subtyping_slide,TCGA,0.607953965990119,0.687743575821751,published_benchmark_result,phikon_v2,tcga,Yes,D3_exact_dataset_exposure,B_explicit_primary_source_statement,The named evaluation dataset is reported in model development; independence cannot be assumed.
Virchow2,blca_hist_subtype_tcga_blca_bladder_diagnostic_histologic_subtyping_slide,TCGA,0.703333300057918,0.744317244294036,published_benchmark_result,virchow2,tcga,Yes,D1_no_detected_evidence_or_insufficient_disclosure,D_incomplete_or_ambiguous_disclosure,No detected evidence; independence cannot be assumed.
TITAN,blca_hist_subtype_tcga_blca_bladder_diagnostic_histologic_subtyping_slide,TCGA,0.62950424307173,0.661541165397417,published_benchmark_result,titan,tcga,Yes,D0_documented_disjoint,B_explicit_primary_source_statement,Version-specific disjointness is documented in the cited source.
UNI,blca_hist_subtype_tcga_blca_bladder_diagnostic_histologic_subtyping_slide,TCGA,0.700964592753183,0.7450253978056,published_benchmark_result,uni,tcga,Yes,D0_documented_disjoint,B_explicit_primary_source_statement,Version-specific disjointness is documented in the cited source.
Prov-GigaPath,blca_hist_subtype_tcga_blca_bladder_diagnostic_histologic_subtyping_slide,TCGA,0.716040940295087,0.759550535447367,published_benchmark_result,prov_gigapath,tcga,Yes,D1_no_detected_evidence_or_insufficient_disclosure,D_incomplete_or_ambiguous_disclosure,No detected evidence; independence cannot be assumed.
Virchow,blca_hist_subtype_tcga_blca_bladder_diagnostic_histologic_subtyping_slide,TCGA,0.703967679289483,0.746944423890562,published_benchmark_result,virchow,tcga,Yes,D1_no_detected_evidence_or_insufficient_disclosure,D_incomplete_or_ambiguous_disclosure,No detected evidence; independence cannot be assumed.
QuiltNet-B-16,blca_hist_subtype_tcga_blca_bladder_diagnostic_histologic_subtyping_slide,TCGA,0.689608921528436,0.744771853972856,published_benchmark_result,quiltnet_b16,tcga,Yes,D1_no_detected_evidence_or_insufficient_disclosure,D_incomplete_or_ambiguous_disclosure,No detected evidence; independence cannot be assumed.
PLIP,blca_hist_subtype_tcga_blca_bladder_diagnostic_histologic_subtyping_slide,TCGA,0.602486856600738,0.668754298169093,published_benchmark_result,plip,tcga,Yes,D1_no_detected_evidence_or_insufficient_disclosure,D_incomplete_or_ambiguous_disclosure,No detected evidence; independence cannot be assumed.
BiomedCLIP,blca_hist_subtype_tcga_blca_bladder_diagnostic_histologic_subtyping_slide,TCGA,0.705196664821487,0.77242136483115,published_benchmark_result,biomedclip,tcga,Yes,D1_no_detected_evidence_or_insufficient_disclosure,D_incomplete_or_ambiguous_disclosure,No detected evidence; independence cannot be assumed.
Dinov2,blca_hist_subtype_tcga_blca_bladder_diagnostic_histologic_subtyping_slide,TCGA,0.640137008094713,0.723552896904367,published_benchmark_result,dinov2_l,tcga,Yes,D1_no_detected_evidence_or_insufficient_disclosure,D_incomplete_or_ambiguous_disclosure,No detected evidence; independence cannot be assumed.
Clip-B16,blca_hist_subtype_tcga_blca_bladder_diagnostic_histologic_subtyping_slide,TCGA,0.697440580320212,0.774955400707096,published_benchmark_result,clip_b16,tcga,Yes,D1_no_detected_evidence_or_insufficient_disclosure,D_incomplete_or_ambiguous_disclosure,No detected evidence; independence cannot be assumed.
Hibou,blca_mrna_cluster_tcga_blca_bladder_gene_expression_subtype_prediction_slide,TCGA,0.816456308443238,0.6964302,published_benchmark_result,hibou_b,tcga,Yes,D1_no_detected_evidence_or_insufficient_disclosure,D_incomplete_or_ambiguous_disclosure,No detected evidence; independence cannot be assumed.
H-optimus-0,blca_mrna_cluster_tcga_blca_bladder_gene_expression_subtype_prediction_slide,TCGA,0.882660793257075,0.7941392,published_benchmark_result,h_optimus_0,tcga,Yes,D1_no_detected_evidence_or_insufficient_disclosure,D_incomplete_or_ambiguous_disclosure,No detected evidence; independence cannot be assumed.
UNI2,blca_mrna_cluster_tcga_blca_bladder_gene_expression_subtype_prediction_slide,TCGA,0.84346153178486,0.7337835,published_benchmark_result,uni2,tcga,Yes,D1_no_detected_evidence_or_insufficient_disclosure,D_incomplete_or_ambiguous_disclosure,No detected evidence; independence cannot be assumed.
Phikon-v2,blca_mrna_cluster_tcga_blca_bladder_gene_expression_subtype_prediction_slide,TCGA,0.742586751609484,0.5914601,published_benchmark_result,phikon_v2,tcga,Yes,D3_exact_dataset_exposure,B_explicit_primary_source_statement,The named evaluation dataset is reported in model development; independence cannot be assumed.
Virchow2,blca_mrna_cluster_tcga_blca_bladder_gene_expression_subtype_prediction_slide,TCGA,0.88350689497764,0.7990858,published_benchmark_result,virchow2,tcga,Yes,D1_no_detected_evidence_or_insufficient_disclosure,D_incomplete_or_ambiguous_disclosure,No detected evidence; independence cannot be assumed.
TITAN,blca_mrna_cluster_tcga_blca_bladder_gene_expression_subtype_prediction_slide,TCGA,0.815139348864008,0.7053569,published_benchmark_result,titan,tcga,Yes,D0_documented_disjoint,B_explicit_primary_source_statement,Version-specific disjointness is documented in the cited source.
UNI,blca_mrna_cluster_tcga_blca_bladder_gene_expression_subtype_prediction_slide,TCGA,0.887071814797893,0.8058326,published_benchmark_result,uni,tcga,Yes,D0_documented_disjoint,B_explicit_primary_source_statement,Version-specific disjointness is documented in the cited source.
Prov-GigaPath,blca_mrna_cluster_tcga_blca_bladder_gene_expression_subtype_prediction_slide,TCGA,0.87861077592078,0.7883445,published_benchmark_result,prov_gigapath,tcga,Yes,D1_no_detected_evidence_or_insufficient_disclosure,D_incomplete_or_ambiguous_disclosure,No detected evidence; independence cannot be assumed.
Virchow,blca_mrna_cluster_tcga_blca_bladder_gene_expression_subtype_prediction_slide,TCGA,0.848655900757168,0.748323,published_benchmark_result,virchow,tcga,Yes,D1_no_detected_evidence_or_insufficient_disclosure,D_incomplete_or_ambiguous_disclosure,No detected evidence; independence cannot be assumed.
QuiltNet-B-16,blca_mrna_cluster_tcga_blca_bladder_gene_expression_subtype_prediction_slide,TCGA,0.713825165807911,0.5752081,published_benchmark_result,quiltnet_b16,tcga,Yes,D1_no_detected_evidence_or_insufficient_disclosure,D_incomplete_or_ambiguous_disclosure,No detected evidence; independence cannot be assumed.
PLIP,blca_mrna_cluster_tcga_blca_bladder_gene_expression_subtype_prediction_slide,TCGA,0.73947397349413,0.6275324,published_benchmark_result,plip,tcga,Yes,D1_no_detected_evidence_or_insufficient_disclosure,D_incomplete_or_ambiguous_disclosure,No detected evidence; independence cannot be assumed.
BiomedCLIP,blca_mrna_cluster_tcga_blca_bladder_gene_expression_subtype_prediction_slide,TCGA,0.70389635592097,0.5741051,published_benchmark_result,biomedclip,tcga,Yes,D1_no_detected_evidence_or_insufficient_disclosure,D_incomplete_or_ambiguous_disclosure,No detected evidence; independence cannot be assumed.
Dinov2,blca_mrna_cluster_tcga_blca_bladder_gene_expression_subtype_prediction_slide,TCGA,0.770491046335146,0.6599133,published_benchmark_result,dinov2_l,tcga,Yes,D1_no_detected_evidence_or_insufficient_disclosure,D_incomplete_or_ambiguous_disclosure,No detected evidence; independence cannot be assumed.
Clip-B16,blca_mrna_cluster_tcga_blca_bladder_gene_expression_subtype_prediction_slide,TCGA,0.70599555727598,0.5763972,published_benchmark_result,clip_b16,tcga,Yes,D1_no_detected_evidence_or_insufficient_disclosure,D_incomplete_or_ambiguous_disclosure,No detected evidence; independence cannot be assumed.
Hibou,er_status_tcga_brca_breast_biomarker_status_prediction_slide,TCGA,0.867752812408938,0.860376632852019,published_benchmark_result,hibou_b,tcga,Yes,D1_no_detected_evidence_or_insufficient_disclosure,D_incomplete_or_ambiguous_disclosure,No detected evidence; independence cannot be assumed.
H-optimus-0,er_status_tcga_brca_breast_biomarker_status_prediction_slide,TCGA,0.929692889872295,0.920002817800914,published_benchmark_result,h_optimus_0,tcga,Yes,D1_no_detected_evidence_or_insufficient_disclosure,D_incomplete_or_ambiguous_disclosure,No detected evidence; independence cannot be assumed.
UNI2,er_status_tcga_brca_breast_biomarker_status_prediction_slide,TCGA,0.915231640862766,0.895281391214274,published_benchmark_result,uni2,tcga,Yes,D1_no_detected_evidence_or_insufficient_disclosure,D_incomplete_or_ambiguous_disclosure,No detected evidence; independence cannot be assumed.
Phikon-v2,er_status_tcga_brca_breast_biomarker_status_prediction_slide,TCGA,0.892975004227443,0.886623297015077,published_benchmark_result,phikon_v2,tcga,Yes,D3_exact_dataset_exposure,B_explicit_primary_source_statement,The named evaluation dataset is reported in model development; independence cannot be assumed.
Virchow2,er_status_tcga_brca_breast_biomarker_status_prediction_slide,TCGA,0.903329122604215,0.888491762507638,published_benchmark_result,virchow2,tcga,Yes,D1_no_detected_evidence_or_insufficient_disclosure,D_incomplete_or_ambiguous_disclosure,No detected evidence; independence cannot be assumed.
TITAN,er_status_tcga_brca_breast_biomarker_status_prediction_slide,TCGA,0.848968711122904,0.822356977967904,published_benchmark_result,titan,tcga,Yes,D0_documented_disjoint,B_explicit_primary_source_statement,Version-specific disjointness is documented in the cited source.
UNI,er_status_tcga_brca_breast_biomarker_status_prediction_slide,TCGA,0.912023463991295,0.89523607497838,published_benchmark_result,uni,tcga,Yes,D0_documented_disjoint,B_explicit_primary_source_statement,Version-specific disjointness is documented in the cited source.
Prov-GigaPath,er_status_tcga_brca_breast_biomarker_status_prediction_slide,TCGA,0.909726175686373,0.886109102406383,published_benchmark_result,prov_gigapath,tcga,Yes,D1_no_detected_evidence_or_insufficient_disclosure,D_incomplete_or_ambiguous_disclosure,No detected evidence; independence cannot be assumed.
Virchow,er_status_tcga_brca_breast_biomarker_status_prediction_slide,TCGA,0.862529072632065,0.841516159900796,published_benchmark_result,virchow,tcga,Yes,D1_no_detected_evidence_or_insufficient_disclosure,D_incomplete_or_ambiguous_disclosure,No detected evidence; independence cannot be assumed.
QuiltNet-B-16,er_status_tcga_brca_breast_biomarker_status_prediction_slide,TCGA,0.750134053582666,0.755120107014557,published_benchmark_result,quiltnet_b16,tcga,Yes,D1_no_detected_evidence_or_insufficient_disclosure,D_incomplete_or_ambiguous_disclosure,No detected evidence; independence cannot be assumed.
PLIP,er_status_tcga_brca_breast_biomarker_status_prediction_slide,TCGA,0.797069901470657,0.781863514944092,published_benchmark_result,plip,tcga,Yes,D1_no_detected_evidence_or_insufficient_disclosure,D_incomplete_or_ambiguous_disclosure,No detected evidence; independence cannot be assumed.
BiomedCLIP,er_status_tcga_brca_breast_biomarker_status_prediction_slide,TCGA,0.711830497361117,0.708021591286057,published_benchmark_result,biomedclip,tcga,Yes,D1_no_detected_evidence_or_insufficient_disclosure,D_incomplete_or_ambiguous_disclosure,No detected evidence; independence cannot be assumed.
Dinov2,er_status_tcga_brca_breast_biomarker_status_prediction_slide,TCGA,0.815754908525641,0.82737044598585,published_benchmark_result,dinov2_l,tcga,Yes,D1_no_detected_evidence_or_insufficient_disclosure,D_incomplete_or_ambiguous_disclosure,No detected evidence; independence cannot be assumed.
Clip-B16,er_status_tcga_brca_breast_biomarker_status_prediction_slide,TCGA,0.713925397355373,0.710630328655882,published_benchmark_result,clip_b16,tcga,Yes,D1_no_detected_evidence_or_insufficient_disclosure,D_incomplete_or_ambiguous_disclosure,No detected evidence; independence cannot be assumed.
Hibou,pam50_status_tcga_brca_breast_gene_expression_subtype_prediction_slide,TCGA,0.774635099507113,0.6099836,published_benchmark_result,hibou_b,tcga,Yes,D1_no_detected_evidence_or_insufficient_disclosure,D_incomplete_or_ambiguous_disclosure,No detected evidence; independence cannot be assumed.
H-optimus-0,pam50_status_tcga_brca_breast_gene_expression_subtype_prediction_slide,TCGA,0.786032686486239,0.5980716,published_benchmark_result,h_optimus_0,tcga,Yes,D1_no_detected_evidence_or_insufficient_disclosure,D_incomplete_or_ambiguous_disclosure,No detected evidence; independence cannot be assumed.
UNI2,pam50_status_tcga_brca_breast_gene_expression_subtype_prediction_slide,TCGA,0.787833709493242,0.5991584,published_benchmark_result,uni2,tcga,Yes,D1_no_detected_evidence_or_insufficient_disclosure,D_incomplete_or_ambiguous_disclosure,No detected evidence; independence cannot be assumed.
Phikon-v2,pam50_status_tcga_brca_breast_gene_expression_subtype_prediction_slide,TCGA,0.68341410417924,0.5137071,published_benchmark_result,phikon_v2,tcga,Yes,D3_exact_dataset_exposure,B_explicit_primary_source_statement,The named evaluation dataset is reported in model development; independence cannot be assumed.
Virchow2,pam50_status_tcga_brca_breast_gene_expression_subtype_prediction_slide,TCGA,0.819754336406376,0.663248,published_benchmark_result,virchow2,tcga,Yes,D1_no_detected_evidence_or_insufficient_disclosure,D_incomplete_or_ambiguous_disclosure,No detected evidence; independence cannot be assumed.
TITAN,pam50_status_tcga_brca_breast_gene_expression_subtype_prediction_slide,TCGA,0.798676728009849,0.6167293,published_benchmark_result,titan,tcga,Yes,D0_documented_disjoint,B_explicit_primary_source_statement,Version-specific disjointness is documented in the cited source.
UNI,pam50_status_tcga_brca_breast_gene_expression_subtype_prediction_slide,TCGA,0.805934738819585,0.6544474,published_benchmark_result,uni,tcga,Yes,D0_documented_disjoint,B_explicit_primary_source_statement,Version-specific disjointness is documented in the cited source.
Prov-GigaPath,pam50_status_tcga_brca_breast_gene_expression_subtype_prediction_slide,TCGA,0.825925822249224,0.6800733,published_benchmark_result,prov_gigapath,tcga,Yes,D1_no_detected_evidence_or_insufficient_disclosure,D_incomplete_or_ambiguous_disclosure,No detected evidence; independence cannot be assumed.
Virchow,pam50_status_tcga_brca_breast_gene_expression_subtype_prediction_slide,TCGA,0.788825563328225,0.6117476,published_benchmark_result,virchow,tcga,Yes,D1_no_detected_evidence_or_insufficient_disclosure,D_incomplete_or_ambiguous_disclosure,No detected evidence; independence cannot be assumed.
QuiltNet-B-16,pam50_status_tcga_brca_breast_gene_expression_subtype_prediction_slide,TCGA,0.646674863586552,0.4437374,published_benchmark_result,quiltnet_b16,tcga,Yes,D1_no_detected_evidence_or_insufficient_disclosure,D_incomplete_or_ambiguous_disclosure,No detected evidence; independence cannot be assumed.
PLIP,pam50_status_tcga_brca_breast_gene_expression_subtype_prediction_slide,TCGA,0.636347128102452,0.4465631,published_benchmark_result,plip,tcga,Yes,D1_no_detected_evidence_or_insufficient_disclosure,D_incomplete_or_ambiguous_disclosure,No detected evidence; independence cannot be assumed.
BiomedCLIP,pam50_status_tcga_brca_breast_gene_expression_subtype_prediction_slide,TCGA,0.634238247802028,0.4307827,published_benchmark_result,biomedclip,tcga,Yes,D1_no_detected_evidence_or_insufficient_disclosure,D_incomplete_or_ambiguous_disclosure,No detected evidence; independence cannot be assumed.
Dinov2,pam50_status_tcga_brca_breast_gene_expression_subtype_prediction_slide,TCGA,0.66485922109616,0.4590272,published_benchmark_result,dinov2_l,tcga,Yes,D1_no_detected_evidence_or_insufficient_disclosure,D_incomplete_or_ambiguous_disclosure,No detected evidence; independence cannot be assumed.
Clip-B16,pam50_status_tcga_brca_breast_gene_expression_subtype_prediction_slide,TCGA,0.63728578790476,0.4333475,published_benchmark_result,clip_b16,tcga,Yes,D1_no_detected_evidence_or_insufficient_disclosure,D_incomplete_or_ambiguous_disclosure,No detected evidence; independence cannot be assumed.
Hibou,pr_status_tcga_brca_breast_biomarker_status_prediction_slide,TCGA,0.721897908634204,0.692744833148453,published_benchmark_result,hibou_b,tcga,Yes,D1_no_detected_evidence_or_insufficient_disclosure,D_incomplete_or_ambiguous_disclosure,No detected evidence; independence cannot be assumed.
H-optimus-0,pr_status_tcga_brca_breast_biomarker_status_prediction_slide,TCGA,0.786538150583827,0.762687046164101,published_benchmark_result,h_optimus_0,tcga,Yes,D1_no_detected_evidence_or_insufficient_disclosure,D_incomplete_or_ambiguous_disclosure,No detected evidence; independence cannot be assumed.
UNI2,pr_status_tcga_brca_breast_biomarker_status_prediction_slide,TCGA,0.795374397366931,0.776304402991087,published_benchmark_result,uni2,tcga,Yes,D1_no_detected_evidence_or_insufficient_disclosure,D_incomplete_or_ambiguous_disclosure,No detected evidence; independence cannot be assumed.
Phikon-v2,pr_status_tcga_brca_breast_biomarker_status_prediction_slide,TCGA,0.74681335208775,0.705024292255616,published_benchmark_result,phikon_v2,tcga,Yes,D3_exact_dataset_exposure,B_explicit_primary_source_statement,The named evaluation dataset is reported in model development; independence cannot be assumed.
Virchow2,pr_status_tcga_brca_breast_biomarker_status_prediction_slide,TCGA,0.776913874120365,0.760857500970999,published_benchmark_result,virchow2,tcga,Yes,D1_no_detected_evidence_or_insufficient_disclosure,D_incomplete_or_ambiguous_disclosure,No detected evidence; independence cannot be assumed.
TITAN,pr_status_tcga_brca_breast_biomarker_status_prediction_slide,TCGA,0.748128324403105,0.7003549039822,published_benchmark_result,titan,tcga,Yes,D0_documented_disjoint,B_explicit_primary_source_statement,Version-specific disjointness is documented in the cited source.
UNI,pr_status_tcga_brca_breast_biomarker_status_prediction_slide,TCGA,0.759817646040202,0.742539230298514,published_benchmark_result,uni,tcga,Yes,D0_documented_disjoint,B_explicit_primary_source_statement,Version-specific disjointness is documented in the cited source.
Prov-GigaPath,pr_status_tcga_brca_breast_biomarker_status_prediction_slide,TCGA,0.78711903978693,0.764717900713966,published_benchmark_result,prov_gigapath,tcga,Yes,D1_no_detected_evidence_or_insufficient_disclosure,D_incomplete_or_ambiguous_disclosure,No detected evidence; independence cannot be assumed.
Virchow,pr_status_tcga_brca_breast_biomarker_status_prediction_slide,TCGA,0.778469209423333,0.78461619020431,published_benchmark_result,virchow,tcga,Yes,D1_no_detected_evidence_or_insufficient_disclosure,D_incomplete_or_ambiguous_disclosure,No detected evidence; independence cannot be assumed.
QuiltNet-B-16,pr_status_tcga_brca_breast_biomarker_status_prediction_slide,TCGA,0.633834285417612,0.59827127815732,published_benchmark_result,quiltnet_b16,tcga,Yes,D1_no_detected_evidence_or_insufficient_disclosure,D_incomplete_or_ambiguous_disclosure,No detected evidence; independence cannot be assumed.
PLIP,pr_status_tcga_brca_breast_biomarker_status_prediction_slide,TCGA,0.645308830863005,0.61477975973682,published_benchmark_result,plip,tcga,Yes,D1_no_detected_evidence_or_insufficient_disclosure,D_incomplete_or_ambiguous_disclosure,No detected evidence; independence cannot be assumed.
BiomedCLIP,pr_status_tcga_brca_breast_biomarker_status_prediction_slide,TCGA,0.611504076963145,0.567442241301738,published_benchmark_result,biomedclip,tcga,Yes,D1_no_detected_evidence_or_insufficient_disclosure,D_incomplete_or_ambiguous_disclosure,No detected evidence; independence cannot be assumed.
Dinov2,pr_status_tcga_brca_breast_biomarker_status_prediction_slide,TCGA,0.722090418531967,0.675222911950577,published_benchmark_result,dinov2_l,tcga,Yes,D1_no_detected_evidence_or_insufficient_disclosure,D_incomplete_or_ambiguous_disclosure,No detected evidence; independence cannot be assumed.
Clip-B16,pr_status_tcga_brca_breast_biomarker_status_prediction_slide,TCGA,0.610439291390414,0.566947626818751,published_benchmark_result,clip_b16,tcga,Yes,D1_no_detected_evidence_or_insufficient_disclosure,D_incomplete_or_ambiguous_disclosure,No detected evidence; independence cannot be assumed.
Hibou,idh_tcga_gbm_lgg_brain_biomarker_status_prediction_slide,TCGA,0.959732619531498,0.957621485395162,published_benchmark_result,hibou_b,tcga,Yes,D1_no_detected_evidence_or_insufficient_disclosure,D_incomplete_or_ambiguous_disclosure,No detected evidence; independence cannot be assumed.
H-optimus-0,idh_tcga_gbm_lgg_brain_biomarker_status_prediction_slide,TCGA,0.974455513463511,0.97146327789093,published_benchmark_result,h_optimus_0,tcga,Yes,D1_no_detected_evidence_or_insufficient_disclosure,D_incomplete_or_ambiguous_disclosure,No detected evidence; independence cannot be assumed.
UNI2,idh_tcga_gbm_lgg_brain_biomarker_status_prediction_slide,TCGA,0.964241419836473,0.961109985039596,published_benchmark_result,uni2,tcga,Yes,D1_no_detected_evidence_or_insufficient_disclosure,D_incomplete_or_ambiguous_disclosure,No detected evidence; independence cannot be assumed.
Phikon-v2,idh_tcga_gbm_lgg_brain_biomarker_status_prediction_slide,TCGA,0.946742602994774,0.939150738725298,published_benchmark_result,phikon_v2,tcga,Yes,D3_exact_dataset_exposure,B_explicit_primary_source_statement,The named evaluation dataset is reported in model development; independence cannot be assumed.
Virchow2,idh_tcga_gbm_lgg_brain_biomarker_status_prediction_slide,TCGA,0.960211553841063,0.956140899248496,published_benchmark_result,virchow2,tcga,Yes,D1_no_detected_evidence_or_insufficient_disclosure,D_incomplete_or_ambiguous_disclosure,No detected evidence; independence cannot be assumed.
TITAN,idh_tcga_gbm_lgg_brain_biomarker_status_prediction_slide,TCGA,0.942594983545529,0.934055866158828,published_benchmark_result,titan,tcga,Yes,D0_documented_disjoint,B_explicit_primary_source_statement,Version-specific disjointness is documented in the cited source.
UNI,idh_tcga_gbm_lgg_brain_biomarker_status_prediction_slide,TCGA,0.955069249157713,0.95412196124477,published_benchmark_result,uni,tcga,Yes,D0_documented_disjoint,B_explicit_primary_source_statement,Version-specific disjointness is documented in the cited source.
Prov-GigaPath,idh_tcga_gbm_lgg_brain_biomarker_status_prediction_slide,TCGA,0.969503681917479,0.964404320837627,published_benchmark_result,prov_gigapath,tcga,Yes,D1_no_detected_evidence_or_insufficient_disclosure,D_incomplete_or_ambiguous_disclosure,No detected evidence; independence cannot be assumed.
Virchow,idh_tcga_gbm_lgg_brain_biomarker_status_prediction_slide,TCGA,0.967905331354807,0.96471905492603,published_benchmark_result,virchow,tcga,Yes,D1_no_detected_evidence_or_insufficient_disclosure,D_incomplete_or_ambiguous_disclosure,No detected evidence; independence cannot be assumed.
QuiltNet-B-16,idh_tcga_gbm_lgg_brain_biomarker_status_prediction_slide,TCGA,0.886092249596836,0.849065629356998,published_benchmark_result,quiltnet_b16,tcga,Yes,D1_no_detected_evidence_or_insufficient_disclosure,D_incomplete_or_ambiguous_disclosure,No detected evidence; independence cannot be assumed.
PLIP,idh_tcga_gbm_lgg_brain_biomarker_status_prediction_slide,TCGA,0.903305384235869,0.882737481168996,published_benchmark_result,plip,tcga,Yes,D1_no_detected_evidence_or_insufficient_disclosure,D_incomplete_or_ambiguous_disclosure,No detected evidence; independence cannot be assumed.
BiomedCLIP,idh_tcga_gbm_lgg_brain_biomarker_status_prediction_slide,TCGA,0.892693414030588,0.873167119888899,published_benchmark_result,biomedclip,tcga,Yes,D1_no_detected_evidence_or_insufficient_disclosure,D_incomplete_or_ambiguous_disclosure,No detected evidence; independence cannot be assumed.
Dinov2,idh_tcga_gbm_lgg_brain_biomarker_status_prediction_slide,TCGA,0.943497715469465,0.932862498251278,published_benchmark_result,dinov2_l,tcga,Yes,D1_no_detected_evidence_or_insufficient_disclosure,D_incomplete_or_ambiguous_disclosure,No detected evidence; independence cannot be assumed.
Clip-B16,idh_tcga_gbm_lgg_brain_biomarker_status_prediction_slide,TCGA,0.889777718159086,0.868604992779051,published_benchmark_result,clip_b16,tcga,Yes,D1_no_detected_evidence_or_insufficient_disclosure,D_incomplete_or_ambiguous_disclosure,No detected evidence; independence cannot be assumed.
Hibou,mgmt_tcga_gbm_lgg_brain_biomarker_status_prediction_slide,TCGA,0.711366023380222,0.645684406213605,published_benchmark_result,hibou_b,tcga,Yes,D1_no_detected_evidence_or_insufficient_disclosure,D_incomplete_or_ambiguous_disclosure,No detected evidence; independence cannot be assumed.
H-optimus-0,mgmt_tcga_gbm_lgg_brain_biomarker_status_prediction_slide,TCGA,0.669231667391872,0.633214018655605,published_benchmark_result,h_optimus_0,tcga,Yes,D1_no_detected_evidence_or_insufficient_disclosure,D_incomplete_or_ambiguous_disclosure,No detected evidence; independence cannot be assumed.
UNI2,mgmt_tcga_gbm_lgg_brain_biomarker_status_prediction_slide,TCGA,0.709733262465445,0.661552234341008,published_benchmark_result,uni2,tcga,Yes,D1_no_detected_evidence_or_insufficient_disclosure,D_incomplete_or_ambiguous_disclosure,No detected evidence; independence cannot be assumed.
Phikon-v2,mgmt_tcga_gbm_lgg_brain_biomarker_status_prediction_slide,TCGA,0.684408661094102,0.639663933277859,published_benchmark_result,phikon_v2,tcga,Yes,D3_exact_dataset_exposure,B_explicit_primary_source_statement,The named evaluation dataset is reported in model development; independence cannot be assumed.
Virchow2,mgmt_tcga_gbm_lgg_brain_biomarker_status_prediction_slide,TCGA,0.694722124222464,0.636654606554497,published_benchmark_result,virchow2,tcga,Yes,D1_no_detected_evidence_or_insufficient_disclosure,D_incomplete_or_ambiguous_disclosure,No detected evidence; independence cannot be assumed.
TITAN,mgmt_tcga_gbm_lgg_brain_biomarker_status_prediction_slide,TCGA,0.661227550673259,0.617358532504283,published_benchmark_result,titan,tcga,Yes,D0_documented_disjoint,B_explicit_primary_source_statement,Version-specific disjointness is documented in the cited source.
UNI,mgmt_tcga_gbm_lgg_brain_biomarker_status_prediction_slide,TCGA,0.693499768437547,0.643223882820147,published_benchmark_result,uni,tcga,Yes,D0_documented_disjoint,B_explicit_primary_source_statement,Version-specific disjointness is documented in the cited source.
Prov-GigaPath,mgmt_tcga_gbm_lgg_brain_biomarker_status_prediction_slide,TCGA,0.699086022513231,0.644954893606199,published_benchmark_result,prov_gigapath,tcga,Yes,D1_no_detected_evidence_or_insufficient_disclosure,D_incomplete_or_ambiguous_disclosure,No detected evidence; independence cannot be assumed.
Virchow,mgmt_tcga_gbm_lgg_brain_biomarker_status_prediction_slide,TCGA,0.703932066828163,0.653540764125842,published_benchmark_result,virchow,tcga,Yes,D1_no_detected_evidence_or_insufficient_disclosure,D_incomplete_or_ambiguous_disclosure,No detected evidence; independence cannot be assumed.
QuiltNet-B-16,mgmt_tcga_gbm_lgg_brain_biomarker_status_prediction_slide,TCGA,0.672956920384026,0.62125203400059,published_benchmark_result,quiltnet_b16,tcga,Yes,D1_no_detected_evidence_or_insufficient_disclosure,D_incomplete_or_ambiguous_disclosure,No detected evidence; independence cannot be assumed.
PLIP,mgmt_tcga_gbm_lgg_brain_biomarker_status_prediction_slide,TCGA,0.682656830555798,0.637604100295448,published_benchmark_result,plip,tcga,Yes,D1_no_detected_evidence_or_insufficient_disclosure,D_incomplete_or_ambiguous_disclosure,No detected evidence; independence cannot be assumed.
BiomedCLIP,mgmt_tcga_gbm_lgg_brain_biomarker_status_prediction_slide,TCGA,0.682482449593668,0.647000739919875,published_benchmark_result,biomedclip,tcga,Yes,D1_no_detected_evidence_or_insufficient_disclosure,D_incomplete_or_ambiguous_disclosure,No detected evidence; independence cannot be assumed.
Dinov2,mgmt_tcga_gbm_lgg_brain_biomarker_status_prediction_slide,TCGA,0.659973740765,0.599365511805892,published_benchmark_result,dinov2_l,tcga,Yes,D1_no_detected_evidence_or_insufficient_disclosure,D_incomplete_or_ambiguous_disclosure,No detected evidence; independence cannot be assumed.
Clip-B16,mgmt_tcga_gbm_lgg_brain_biomarker_status_prediction_slide,TCGA,0.682331212240861,0.636830876153847,published_benchmark_result,clip_b16,tcga,Yes,D1_no_detected_evidence_or_insufficient_disclosure,D_incomplete_or_ambiguous_disclosure,No detected evidence; independence cannot be assumed.
Hibou,brain_hist_subtype_tcga_gbm_lgg_brain_diagnostic_histologic_subtyping_slide,TCGA,0.799829304291956,0.627268,published_benchmark_result,hibou_b,tcga,Yes,D1_no_detected_evidence_or_insufficient_disclosure,D_incomplete_or_ambiguous_disclosure,No detected evidence; independence cannot be assumed.
H-optimus-0,brain_hist_subtype_tcga_gbm_lgg_brain_diagnostic_histologic_subtyping_slide,TCGA,0.843424149804327,0.690984,published_benchmark_result,h_optimus_0,tcga,Yes,D1_no_detected_evidence_or_insufficient_disclosure,D_incomplete_or_ambiguous_disclosure,No detected evidence; independence cannot be assumed.
UNI2,brain_hist_subtype_tcga_gbm_lgg_brain_diagnostic_histologic_subtyping_slide,TCGA,0.819321828501086,0.6257891,published_benchmark_result,uni2,tcga,Yes,D1_no_detected_evidence_or_insufficient_disclosure,D_incomplete_or_ambiguous_disclosure,No detected evidence; independence cannot be assumed.
Phikon-v2,brain_hist_subtype_tcga_gbm_lgg_brain_diagnostic_histologic_subtyping_slide,TCGA,0.79218561357894,0.6218588,published_benchmark_result,phikon_v2,tcga,Yes,D3_exact_dataset_exposure,B_explicit_primary_source_statement,The named evaluation dataset is reported in model development; independence cannot be assumed.
Virchow2,brain_hist_subtype_tcga_gbm_lgg_brain_diagnostic_histologic_subtyping_slide,TCGA,0.844578780234711,0.6720556,published_benchmark_result,virchow2,tcga,Yes,D1_no_detected_evidence_or_insufficient_disclosure,D_incomplete_or_ambiguous_disclosure,No detected evidence; independence cannot be assumed.
TITAN,brain_hist_subtype_tcga_gbm_lgg_brain_diagnostic_histologic_subtyping_slide,TCGA,0.817198701930094,0.628378,published_benchmark_result,titan,tcga,Yes,D0_documented_disjoint,B_explicit_primary_source_statement,Version-specific disjointness is documented in the cited source.
UNI,brain_hist_subtype_tcga_gbm_lgg_brain_diagnostic_histologic_subtyping_slide,TCGA,0.830007456688456,0.6516763,published_benchmark_result,uni,tcga,Yes,D0_documented_disjoint,B_explicit_primary_source_statement,Version-specific disjointness is documented in the cited source.
Prov-GigaPath,brain_hist_subtype_tcga_gbm_lgg_brain_diagnostic_histologic_subtyping_slide,TCGA,0.857292210137709,0.6960465,published_benchmark_result,prov_gigapath,tcga,Yes,D1_no_detected_evidence_or_insufficient_disclosure,D_incomplete_or_ambiguous_disclosure,No detected evidence; independence cannot be assumed.
Virchow,brain_hist_subtype_tcga_gbm_lgg_brain_diagnostic_histologic_subtyping_slide,TCGA,0.833465536893072,0.6481424,published_benchmark_result,virchow,tcga,Yes,D1_no_detected_evidence_or_insufficient_disclosure,D_incomplete_or_ambiguous_disclosure,No detected evidence; independence cannot be assumed.
QuiltNet-B-16,brain_hist_subtype_tcga_gbm_lgg_brain_diagnostic_histologic_subtyping_slide,TCGA,0.763676250506391,0.5985794,published_benchmark_result,quiltnet_b16,tcga,Yes,D1_no_detected_evidence_or_insufficient_disclosure,D_incomplete_or_ambiguous_disclosure,No detected evidence; independence cannot be assumed.
PLIP,brain_hist_subtype_tcga_gbm_lgg_brain_diagnostic_histologic_subtyping_slide,TCGA,0.769029654475731,0.5637486,published_benchmark_result,plip,tcga,Yes,D1_no_detected_evidence_or_insufficient_disclosure,D_incomplete_or_ambiguous_disclosure,No detected evidence; independence cannot be assumed.
BiomedCLIP,brain_hist_subtype_tcga_gbm_lgg_brain_diagnostic_histologic_subtyping_slide,TCGA,0.765824759455307,0.5709357,published_benchmark_result,biomedclip,tcga,Yes,D1_no_detected_evidence_or_insufficient_disclosure,D_incomplete_or_ambiguous_disclosure,No detected evidence; independence cannot be assumed.
Dinov2,brain_hist_subtype_tcga_gbm_lgg_brain_diagnostic_histologic_subtyping_slide,TCGA,0.780030641065502,0.5787692,published_benchmark_result,dinov2_l,tcga,Yes,D1_no_detected_evidence_or_insufficient_disclosure,D_incomplete_or_ambiguous_disclosure,No detected evidence; independence cannot be assumed.
Clip-B16,brain_hist_subtype_tcga_gbm_lgg_brain_diagnostic_histologic_subtyping_slide,TCGA,0.764033690871394,0.564072,published_benchmark_result,clip_b16,tcga,Yes,D1_no_detected_evidence_or_insufficient_disclosure,D_incomplete_or_ambiguous_disclosure,No detected evidence; independence cannot be assumed.
Hibou,brain_exp_subtype_tcga_gbm_lgg_brain_gene_expression_subtype_prediction_slide,TCGA,0.802457659556694,0.6190197,published_benchmark_result,hibou_b,tcga,Yes,D1_no_detected_evidence_or_insufficient_disclosure,D_incomplete_or_ambiguous_disclosure,No detected evidence; independence cannot be assumed.
H-optimus-0,brain_exp_subtype_tcga_gbm_lgg_brain_gene_expression_subtype_prediction_slide,TCGA,0.837930131875788,0.6791163,published_benchmark_result,h_optimus_0,tcga,Yes,D1_no_detected_evidence_or_insufficient_disclosure,D_incomplete_or_ambiguous_disclosure,No detected evidence; independence cannot be assumed.
UNI2,brain_exp_subtype_tcga_gbm_lgg_brain_gene_expression_subtype_prediction_slide,TCGA,0.831004899988369,0.6652326,published_benchmark_result,uni2,tcga,Yes,D1_no_detected_evidence_or_insufficient_disclosure,D_incomplete_or_ambiguous_disclosure,No detected evidence; independence cannot be assumed.
Phikon-v2,brain_exp_subtype_tcga_gbm_lgg_brain_gene_expression_subtype_prediction_slide,TCGA,0.779177482604778,0.5901595,published_benchmark_result,phikon_v2,tcga,Yes,D3_exact_dataset_exposure,B_explicit_primary_source_statement,The named evaluation dataset is reported in model development; independence cannot be assumed.
Virchow2,brain_exp_subtype_tcga_gbm_lgg_brain_gene_expression_subtype_prediction_slide,TCGA,0.828757389445768,0.654385,published_benchmark_result,virchow2,tcga,Yes,D1_no_detected_evidence_or_insufficient_disclosure,D_incomplete_or_ambiguous_disclosure,No detected evidence; independence cannot be assumed.
TITAN,brain_exp_subtype_tcga_gbm_lgg_brain_gene_expression_subtype_prediction_slide,TCGA,0.772106451381558,0.5514356,published_benchmark_result,titan,tcga,Yes,D0_documented_disjoint,B_explicit_primary_source_statement,Version-specific disjointness is documented in the cited source.
UNI,brain_exp_subtype_tcga_gbm_lgg_brain_gene_expression_subtype_prediction_slide,TCGA,0.839273479055614,0.6742126,published_benchmark_result,uni,tcga,Yes,D0_documented_disjoint,B_explicit_primary_source_statement,Version-specific disjointness is documented in the cited source.
Prov-GigaPath,brain_exp_subtype_tcga_gbm_lgg_brain_gene_expression_subtype_prediction_slide,TCGA,0.845232766780431,0.6808605,published_benchmark_result,prov_gigapath,tcga,Yes,D1_no_detected_evidence_or_insufficient_disclosure,D_incomplete_or_ambiguous_disclosure,No detected evidence; independence cannot be assumed.
Virchow,brain_exp_subtype_tcga_gbm_lgg_brain_gene_expression_subtype_prediction_slide,TCGA,0.826290949879228,0.6472427,published_benchmark_result,virchow,tcga,Yes,D1_no_detected_evidence_or_insufficient_disclosure,D_incomplete_or_ambiguous_disclosure,No detected evidence; independence cannot be assumed.
QuiltNet-B-16,brain_exp_subtype_tcga_gbm_lgg_brain_gene_expression_subtype_prediction_slide,TCGA,0.696132322737432,0.4852974,published_benchmark_result,quiltnet_b16,tcga,Yes,D1_no_detected_evidence_or_insufficient_disclosure,D_incomplete_or_ambiguous_disclosure,No detected evidence; independence cannot be assumed.
PLIP,brain_exp_subtype_tcga_gbm_lgg_brain_gene_expression_subtype_prediction_slide,TCGA,0.717834455342503,0.4951337,published_benchmark_result,plip,tcga,Yes,D1_no_detected_evidence_or_insufficient_disclosure,D_incomplete_or_ambiguous_disclosure,No detected evidence; independence cannot be assumed.
BiomedCLIP,brain_exp_subtype_tcga_gbm_lgg_brain_gene_expression_subtype_prediction_slide,TCGA,0.689692115283908,0.4746966,published_benchmark_result,biomedclip,tcga,Yes,D1_no_detected_evidence_or_insufficient_disclosure,D_incomplete_or_ambiguous_disclosure,No detected evidence; independence cannot be assumed.
Dinov2,brain_exp_subtype_tcga_gbm_lgg_brain_gene_expression_subtype_prediction_slide,TCGA,0.779676221252638,0.5802774,published_benchmark_result,dinov2_l,tcga,Yes,D1_no_detected_evidence_or_insufficient_disclosure,D_incomplete_or_ambiguous_disclosure,No detected evidence; independence cannot be assumed.
Clip-B16,brain_exp_subtype_tcga_gbm_lgg_brain_gene_expression_subtype_prediction_slide,TCGA,0.689512241932095,0.4731486,published_benchmark_result,clip_b16,tcga,Yes,D1_no_detected_evidence_or_insufficient_disclosure,D_incomplete_or_ambiguous_disclosure,No detected evidence; independence cannot be assumed.
Hibou,myc_tcga_pan_cancer_pan_cancer_pathway_activation_status_prediction_slide,TCGA,0.642767637925216,0.638156682494888,published_benchmark_result,hibou_b,tcga,Yes,D1_no_detected_evidence_or_insufficient_disclosure,D_incomplete_or_ambiguous_disclosure,No detected evidence; independence cannot be assumed.
H-optimus-0,myc_tcga_pan_cancer_pan_cancer_pathway_activation_status_prediction_slide,TCGA,0.675696913559894,0.66290349844333,published_benchmark_result,h_optimus_0,tcga,Yes,D1_no_detected_evidence_or_insufficient_disclosure,D_incomplete_or_ambiguous_disclosure,No detected evidence; independence cannot be assumed.
UNI2,myc_tcga_pan_cancer_pan_cancer_pathway_activation_status_prediction_slide,TCGA,0.679629711951778,0.665897607776482,published_benchmark_result,uni2,tcga,Yes,D1_no_detected_evidence_or_insufficient_disclosure,D_incomplete_or_ambiguous_disclosure,No detected evidence; independence cannot be assumed.
Phikon-v2,myc_tcga_pan_cancer_pan_cancer_pathway_activation_status_prediction_slide,TCGA,0.652528728682349,0.635301985468201,published_benchmark_result,phikon_v2,tcga,Yes,D3_exact_dataset_exposure,B_explicit_primary_source_statement,The named evaluation dataset is reported in model development; independence cannot be assumed.
Virchow2,myc_tcga_pan_cancer_pan_cancer_pathway_activation_status_prediction_slide,TCGA,0.659447265121119,0.647319822583329,published_benchmark_result,virchow2,tcga,Yes,D1_no_detected_evidence_or_insufficient_disclosure,D_incomplete_or_ambiguous_disclosure,No detected evidence; independence cannot be assumed.
TITAN,myc_tcga_pan_cancer_pan_cancer_pathway_activation_status_prediction_slide,TCGA,0.63667633463728,0.631638642328561,published_benchmark_result,titan,tcga,Yes,D0_documented_disjoint,B_explicit_primary_source_statement,Version-specific disjointness is documented in the cited source.
UNI,myc_tcga_pan_cancer_pan_cancer_pathway_activation_status_prediction_slide,TCGA,0.65681875381503,0.639844513166357,published_benchmark_result,uni,tcga,Yes,D0_documented_disjoint,B_explicit_primary_source_statement,Version-specific disjointness is documented in the cited source.
Prov-GigaPath,myc_tcga_pan_cancer_pan_cancer_pathway_activation_status_prediction_slide,TCGA,0.679875748418344,0.677755386022772,published_benchmark_result,prov_gigapath,tcga,Yes,D1_no_detected_evidence_or_insufficient_disclosure,D_incomplete_or_ambiguous_disclosure,No detected evidence; independence cannot be assumed.
Virchow,myc_tcga_pan_cancer_pan_cancer_pathway_activation_status_prediction_slide,TCGA,0.676527403536871,0.65890716932496,published_benchmark_result,virchow,tcga,Yes,D1_no_detected_evidence_or_insufficient_disclosure,D_incomplete_or_ambiguous_disclosure,No detected evidence; independence cannot be assumed.
QuiltNet-B-16,myc_tcga_pan_cancer_pan_cancer_pathway_activation_status_prediction_slide,TCGA,0.573420803433539,0.580751157741608,published_benchmark_result,quiltnet_b16,tcga,Yes,D1_no_detected_evidence_or_insufficient_disclosure,D_incomplete_or_ambiguous_disclosure,No detected evidence; independence cannot be assumed.
PLIP,myc_tcga_pan_cancer_pan_cancer_pathway_activation_status_prediction_slide,TCGA,0.595574897987856,0.590341144278469,published_benchmark_result,plip,tcga,Yes,D1_no_detected_evidence_or_insufficient_disclosure,D_incomplete_or_ambiguous_disclosure,No detected evidence; independence cannot be assumed.
BiomedCLIP,myc_tcga_pan_cancer_pan_cancer_pathway_activation_status_prediction_slide,TCGA,0.579320617598555,0.576390229382355,published_benchmark_result,biomedclip,tcga,Yes,D1_no_detected_evidence_or_insufficient_disclosure,D_incomplete_or_ambiguous_disclosure,No detected evidence; independence cannot be assumed.
Dinov2,myc_tcga_pan_cancer_pan_cancer_pathway_activation_status_prediction_slide,TCGA,0.651919663661943,0.64428392786529,published_benchmark_result,dinov2_l,tcga,Yes,D1_no_detected_evidence_or_insufficient_disclosure,D_incomplete_or_ambiguous_disclosure,No detected evidence; independence cannot be assumed.
Clip-B16,myc_tcga_pan_cancer_pan_cancer_pathway_activation_status_prediction_slide,TCGA,0.580297619336894,0.576043237744725,published_benchmark_result,clip_b16,tcga,Yes,D1_no_detected_evidence_or_insufficient_disclosure,D_incomplete_or_ambiguous_disclosure,No detected evidence; independence cannot be assumed.
Hibou,pi3k_tcga_pan_cancer_pan_cancer_pathway_activation_status_prediction_slide,TCGA,0.707628887768648,0.704021379441501,published_benchmark_result,hibou_b,tcga,Yes,D1_no_detected_evidence_or_insufficient_disclosure,D_incomplete_or_ambiguous_disclosure,No detected evidence; independence cannot be assumed.
H-optimus-0,pi3k_tcga_pan_cancer_pan_cancer_pathway_activation_status_prediction_slide,TCGA,0.736975120820248,0.731902978697213,published_benchmark_result,h_optimus_0,tcga,Yes,D1_no_detected_evidence_or_insufficient_disclosure,D_incomplete_or_ambiguous_disclosure,No detected evidence; independence cannot be assumed.
UNI2,pi3k_tcga_pan_cancer_pan_cancer_pathway_activation_status_prediction_slide,TCGA,0.73968057467815,0.743281424141041,published_benchmark_result,uni2,tcga,Yes,D1_no_detected_evidence_or_insufficient_disclosure,D_incomplete_or_ambiguous_disclosure,No detected evidence; independence cannot be assumed.
Phikon-v2,pi3k_tcga_pan_cancer_pan_cancer_pathway_activation_status_prediction_slide,TCGA,0.71573006350457,0.715835560862151,published_benchmark_result,phikon_v2,tcga,Yes,D3_exact_dataset_exposure,B_explicit_primary_source_statement,The named evaluation dataset is reported in model development; independence cannot be assumed.
Virchow2,pi3k_tcga_pan_cancer_pan_cancer_pathway_activation_status_prediction_slide,TCGA,0.744644065637794,0.744301518296912,published_benchmark_result,virchow2,tcga,Yes,D1_no_detected_evidence_or_insufficient_disclosure,D_incomplete_or_ambiguous_disclosure,No detected evidence; independence cannot be assumed.
TITAN,pi3k_tcga_pan_cancer_pan_cancer_pathway_activation_status_prediction_slide,TCGA,0.696477587627684,0.694047160497501,published_benchmark_result,titan,tcga,Yes,D0_documented_disjoint,B_explicit_primary_source_statement,Version-specific disjointness is documented in the cited source.
UNI,pi3k_tcga_pan_cancer_pan_cancer_pathway_activation_status_prediction_slide,TCGA,0.72164052852236,0.725543177684008,published_benchmark_result,uni,tcga,Yes,D0_documented_disjoint,B_explicit_primary_source_statement,Version-specific disjointness is documented in the cited source.
Prov-GigaPath,pi3k_tcga_pan_cancer_pan_cancer_pathway_activation_status_prediction_slide,TCGA,0.733287131179697,0.736617188694948,published_benchmark_result,prov_gigapath,tcga,Yes,D1_no_detected_evidence_or_insufficient_disclosure,D_incomplete_or_ambiguous_disclosure,No detected evidence; independence cannot be assumed.
Virchow,pi3k_tcga_pan_cancer_pan_cancer_pathway_activation_status_prediction_slide,TCGA,0.72548476064166,0.728045089392859,published_benchmark_result,virchow,tcga,Yes,D1_no_detected_evidence_or_insufficient_disclosure,D_incomplete_or_ambiguous_disclosure,No detected evidence; independence cannot be assumed.
QuiltNet-B-16,pi3k_tcga_pan_cancer_pan_cancer_pathway_activation_status_prediction_slide,TCGA,0.650199576623938,0.6514431597623,published_benchmark_result,quiltnet_b16,tcga,Yes,D1_no_detected_evidence_or_insufficient_disclosure,D_incomplete_or_ambiguous_disclosure,No detected evidence; independence cannot be assumed.
PLIP,pi3k_tcga_pan_cancer_pan_cancer_pathway_activation_status_prediction_slide,TCGA,0.652111111782023,0.649950101751357,published_benchmark_result,plip,tcga,Yes,D1_no_detected_evidence_or_insufficient_disclosure,D_incomplete_or_ambiguous_disclosure,No detected evidence; independence cannot be assumed.
BiomedCLIP,pi3k_tcga_pan_cancer_pan_cancer_pathway_activation_status_prediction_slide,TCGA,0.640920060477819,0.623828995877229,published_benchmark_result,biomedclip,tcga,Yes,D1_no_detected_evidence_or_insufficient_disclosure,D_incomplete_or_ambiguous_disclosure,No detected evidence; independence cannot be assumed.
Dinov2,pi3k_tcga_pan_cancer_pan_cancer_pathway_activation_status_prediction_slide,TCGA,0.700080468121329,0.690886634753765,published_benchmark_result,dinov2_l,tcga,Yes,D1_no_detected_evidence_or_insufficient_disclosure,D_incomplete_or_ambiguous_disclosure,No detected evidence; independence cannot be assumed.
Clip-B16,pi3k_tcga_pan_cancer_pan_cancer_pathway_activation_status_prediction_slide,TCGA,0.639594029711345,0.622595937816786,published_benchmark_result,clip_b16,tcga,Yes,D1_no_detected_evidence_or_insufficient_disclosure,D_incomplete_or_ambiguous_disclosure,No detected evidence; independence cannot be assumed.
Hibou,tcga_grade_tcga_pan_cancer_pan_cancer_diagnostic_tumor_grading_slide,TCGA,0.74370614775412,0.6179983,published_benchmark_result,hibou_b,tcga,Yes,D1_no_detected_evidence_or_insufficient_disclosure,D_incomplete_or_ambiguous_disclosure,No detected evidence; independence cannot be assumed.
H-optimus-0,tcga_grade_tcga_pan_cancer_pan_cancer_diagnostic_tumor_grading_slide,TCGA,0.775386705365718,0.6429897,published_benchmark_result,h_optimus_0,tcga,Yes,D1_no_detected_evidence_or_insufficient_disclosure,D_incomplete_or_ambiguous_disclosure,No detected evidence; independence cannot be assumed.
UNI2,tcga_grade_tcga_pan_cancer_pan_cancer_diagnostic_tumor_grading_slide,TCGA,0.783331586618517,0.6602816,published_benchmark_result,uni2,tcga,Yes,D1_no_detected_evidence_or_insufficient_disclosure,D_incomplete_or_ambiguous_disclosure,No detected evidence; independence cannot be assumed.
Phikon-v2,tcga_grade_tcga_pan_cancer_pan_cancer_diagnostic_tumor_grading_slide,TCGA,0.751695300798505,0.6255605,published_benchmark_result,phikon_v2,tcga,Yes,D3_exact_dataset_exposure,B_explicit_primary_source_statement,The named evaluation dataset is reported in model development; independence cannot be assumed.
Virchow2,tcga_grade_tcga_pan_cancer_pan_cancer_diagnostic_tumor_grading_slide,TCGA,0.782699358585528,0.6558995,published_benchmark_result,virchow2,tcga,Yes,D1_no_detected_evidence_or_insufficient_disclosure,D_incomplete_or_ambiguous_disclosure,No detected evidence; independence cannot be assumed.
TITAN,tcga_grade_tcga_pan_cancer_pan_cancer_diagnostic_tumor_grading_slide,TCGA,0.705998201360729,0.5637547,published_benchmark_result,titan,tcga,Yes,D0_documented_disjoint,B_explicit_primary_source_statement,Version-specific disjointness is documented in the cited source.
UNI,tcga_grade_tcga_pan_cancer_pan_cancer_diagnostic_tumor_grading_slide,TCGA,0.775764125531268,0.6433534,published_benchmark_result,uni,tcga,Yes,D0_documented_disjoint,B_explicit_primary_source_statement,Version-specific disjointness is documented in the cited source.
Prov-GigaPath,tcga_grade_tcga_pan_cancer_pan_cancer_diagnostic_tumor_grading_slide,TCGA,0.775676150383526,0.6472533,published_benchmark_result,prov_gigapath,tcga,Yes,D1_no_detected_evidence_or_insufficient_disclosure,D_incomplete_or_ambiguous_disclosure,No detected evidence; independence cannot be assumed.
Virchow,tcga_grade_tcga_pan_cancer_pan_cancer_diagnostic_tumor_grading_slide,TCGA,0.773615421855392,0.6364793,published_benchmark_result,virchow,tcga,Yes,D1_no_detected_evidence_or_insufficient_disclosure,D_incomplete_or_ambiguous_disclosure,No detected evidence; independence cannot be assumed.
QuiltNet-B-16,tcga_grade_tcga_pan_cancer_pan_cancer_diagnostic_tumor_grading_slide,TCGA,0.661335704027032,0.5096451,published_benchmark_result,quiltnet_b16,tcga,Yes,D1_no_detected_evidence_or_insufficient_disclosure,D_incomplete_or_ambiguous_disclosure,No detected evidence; independence cannot be assumed.
PLIP,tcga_grade_tcga_pan_cancer_pan_cancer_diagnostic_tumor_grading_slide,TCGA,0.665197896155738,0.5108531,published_benchmark_result,plip,tcga,Yes,D1_no_detected_evidence_or_insufficient_disclosure,D_incomplete_or_ambiguous_disclosure,No detected evidence; independence cannot be assumed.
BiomedCLIP,tcga_grade_tcga_pan_cancer_pan_cancer_diagnostic_tumor_grading_slide,TCGA,0.66491731748445,0.5228625,published_benchmark_result,biomedclip,tcga,Yes,D1_no_detected_evidence_or_insufficient_disclosure,D_incomplete_or_ambiguous_disclosure,No detected evidence; independence cannot be assumed.
Dinov2,tcga_grade_tcga_pan_cancer_pan_cancer_diagnostic_tumor_grading_slide,TCGA,0.719072866380697,0.5711958,published_benchmark_result,dinov2_l,tcga,Yes,D1_no_detected_evidence_or_insufficient_disclosure,D_incomplete_or_ambiguous_disclosure,No detected evidence; independence cannot be assumed.
Clip-B16,tcga_grade_tcga_pan_cancer_pan_cancer_diagnostic_tumor_grading_slide,TCGA,0.664235848322553,0.5236964,published_benchmark_result,clip_b16,tcga,Yes,D1_no_detected_evidence_or_insufficient_disclosure,D_incomplete_or_ambiguous_disclosure,No detected evidence; independence cannot be assumed.
Hibou,immunegroup_tcga_pan_cancer_pan_cancer_gene_expression_subtype_prediction_slide,TCGA,0.873377125184818,0.6361581,published_benchmark_result,hibou_b,tcga,Yes,D1_no_detected_evidence_or_insufficient_disclosure,D_incomplete_or_ambiguous_disclosure,No detected evidence; independence cannot be assumed.
H-optimus-0,immunegroup_tcga_pan_cancer_pan_cancer_gene_expression_subtype_prediction_slide,TCGA,0.890997328836191,0.6623731,published_benchmark_result,h_optimus_0,tcga,Yes,D1_no_detected_evidence_or_insufficient_disclosure,D_incomplete_or_ambiguous_disclosure,No detected evidence; independence cannot be assumed.
UNI2,immunegroup_tcga_pan_cancer_pan_cancer_gene_expression_subtype_prediction_slide,TCGA,0.895963029950772,0.6644964,published_benchmark_result,uni2,tcga,Yes,D1_no_detected_evidence_or_insufficient_disclosure,D_incomplete_or_ambiguous_disclosure,No detected evidence; independence cannot be assumed.
Phikon-v2,immunegroup_tcga_pan_cancer_pan_cancer_gene_expression_subtype_prediction_slide,TCGA,0.857628851154994,0.6155541,published_benchmark_result,phikon_v2,tcga,Yes,D3_exact_dataset_exposure,B_explicit_primary_source_statement,The named evaluation dataset is reported in model development; independence cannot be assumed.
Virchow2,immunegroup_tcga_pan_cancer_pan_cancer_gene_expression_subtype_prediction_slide,TCGA,0.887694098056499,0.6473201,published_benchmark_result,virchow2,tcga,Yes,D1_no_detected_evidence_or_insufficient_disclosure,D_incomplete_or_ambiguous_disclosure,No detected evidence; independence cannot be assumed.
TITAN,immunegroup_tcga_pan_cancer_pan_cancer_gene_expression_subtype_prediction_slide,TCGA,0.857601241074581,0.5834087,published_benchmark_result,titan,tcga,Yes,D0_documented_disjoint,B_explicit_primary_source_statement,Version-specific disjointness is documented in the cited source.
UNI,immunegroup_tcga_pan_cancer_pan_cancer_gene_expression_subtype_prediction_slide,TCGA,0.884772537756068,0.642103,published_benchmark_result,uni,tcga,Yes,D0_documented_disjoint,B_explicit_primary_source_statement,Version-specific disjointness is documented in the cited source.
Prov-GigaPath,immunegroup_tcga_pan_cancer_pan_cancer_gene_expression_subtype_prediction_slide,TCGA,0.88570507990473,0.6482564,published_benchmark_result,prov_gigapath,tcga,Yes,D1_no_detected_evidence_or_insufficient_disclosure,D_incomplete_or_ambiguous_disclosure,No detected evidence; independence cannot be assumed.
Virchow,immunegroup_tcga_pan_cancer_pan_cancer_gene_expression_subtype_prediction_slide,TCGA,0.881872582856217,0.6325206,published_benchmark_result,virchow,tcga,Yes,D1_no_detected_evidence_or_insufficient_disclosure,D_incomplete_or_ambiguous_disclosure,No detected evidence; independence cannot be assumed.
QuiltNet-B-16,immunegroup_tcga_pan_cancer_pan_cancer_gene_expression_subtype_prediction_slide,TCGA,0.792568282544048,0.4909546,published_benchmark_result,quiltnet_b16,tcga,Yes,D1_no_detected_evidence_or_insufficient_disclosure,D_incomplete_or_ambiguous_disclosure,No detected evidence; independence cannot be assumed.
PLIP,immunegroup_tcga_pan_cancer_pan_cancer_gene_expression_subtype_prediction_slide,TCGA,0.783420102805081,0.4735806,published_benchmark_result,plip,tcga,Yes,D1_no_detected_evidence_or_insufficient_disclosure,D_incomplete_or_ambiguous_disclosure,No detected evidence; independence cannot be assumed.
BiomedCLIP,immunegroup_tcga_pan_cancer_pan_cancer_gene_expression_subtype_prediction_slide,TCGA,0.763206031548096,0.4457572,published_benchmark_result,biomedclip,tcga,Yes,D1_no_detected_evidence_or_insufficient_disclosure,D_incomplete_or_ambiguous_disclosure,No detected evidence; independence cannot be assumed.
Dinov2,immunegroup_tcga_pan_cancer_pan_cancer_gene_expression_subtype_prediction_slide,TCGA,0.832398286083903,0.5579189,published_benchmark_result,dinov2_l,tcga,Yes,D1_no_detected_evidence_or_insufficient_disclosure,D_incomplete_or_ambiguous_disclosure,No detected evidence; independence cannot be assumed.
Clip-B16,immunegroup_tcga_pan_cancer_pan_cancer_gene_expression_subtype_prediction_slide,TCGA,0.763567954845447,0.4445833,published_benchmark_result,clip_b16,tcga,Yes,D1_no_detected_evidence_or_insufficient_disclosure,D_incomplete_or_ambiguous_disclosure,No detected evidence; independence cannot be assumed.
H0-mini,lung_exp_subtype_tcga_lusc_luad_lung_gene_expression_subtype_prediction_slide,TCGA,0.925842708358577,0.794237,published_benchmark_result,h_optimus_mini_h0_mini,tcga,Yes,D3_exact_dataset_exposure,B_explicit_primary_source_statement,The named evaluation dataset is reported in model development; independence cannot be assumed.
EXAONEPath,lung_exp_subtype_tcga_lusc_luad_lung_gene_expression_subtype_prediction_slide,TCGA,0.898049631437575,0.7244293,published_benchmark_result,exaonepath,tcga,Yes,D1_no_detected_evidence_or_insufficient_disclosure,D_incomplete_or_ambiguous_disclosure,No detected evidence; independence cannot be assumed.
H0-mini,lusc_vs_luad_tcga_lusc_luad_lung_diagnostic_histologic_subtyping_slide,TCGA,0.962578661186721,0.967582351264379,published_benchmark_result,h_optimus_mini_h0_mini,tcga,Yes,D3_exact_dataset_exposure,B_explicit_primary_source_statement,The named evaluation dataset is reported in model development; independence cannot be assumed.
EXAONEPath,lusc_vs_luad_tcga_lusc_luad_lung_diagnostic_histologic_subtyping_slide,TCGA,0.943452623624885,0.939687075673392,published_benchmark_result,exaonepath,tcga,Yes,D1_no_detected_evidence_or_insufficient_disclosure,D_incomplete_or_ambiguous_disclosure,No detected evidence; independence cannot be assumed.
H0-mini,cptac_myc_cptac_pan_cancer_pan_cancer_pathway_activation_status_prediction_slide,CPTAC,0.8418215885777,0.82751974336348,published_benchmark_result,h_optimus_mini_h0_mini,cptac,Yes,D1_no_detected_evidence_or_insufficient_disclosure,D_incomplete_or_ambiguous_disclosure,No detected evidence; independence cannot be assumed.
EXAONEPath,cptac_myc_cptac_pan_cancer_pan_cancer_pathway_activation_status_prediction_slide,CPTAC,0.82314047934264,0.809988789761036,published_benchmark_result,exaonepath,cptac,Yes,D1_no_detected_evidence_or_insufficient_disclosure,D_incomplete_or_ambiguous_disclosure,No detected evidence; independence cannot be assumed.
H0-mini,chrom_cptac_pan_cancer_pan_cancer_pathway_activation_status_prediction_slide,CPTAC,0.795106028374216,0.777952647728893,published_benchmark_result,h_optimus_mini_h0_mini,cptac,Yes,D1_no_detected_evidence_or_insufficient_disclosure,D_incomplete_or_ambiguous_disclosure,No detected evidence; independence cannot be assumed.
EXAONEPath,chrom_cptac_pan_cancer_pan_cancer_pathway_activation_status_prediction_slide,CPTAC,0.823755078644878,0.816818548814308,published_benchmark_result,exaonepath,cptac,Yes,D1_no_detected_evidence_or_insufficient_disclosure,D_incomplete_or_ambiguous_disclosure,No detected evidence; independence cannot be assumed.
H0-mini,cptac_grade_cptac_pan_cancer_pan_cancer_diagnostic_tumor_grading_slide,CPTAC,0.800311199870879,0.6087561,published_benchmark_result,h_optimus_mini_h0_mini,cptac,Yes,D1_no_detected_evidence_or_insufficient_disclosure,D_incomplete_or_ambiguous_disclosure,No detected evidence; independence cannot be assumed.
EXAONEPath,cptac_grade_cptac_pan_cancer_pan_cancer_diagnostic_tumor_grading_slide,CPTAC,0.800937125761367,0.6397805,published_benchmark_result,exaonepath,cptac,Yes,D1_no_detected_evidence_or_insufficient_disclosure,D_incomplete_or_ambiguous_disclosure,No detected evidence; independence cannot be assumed.
H0-mini,tumor_label_cptac_pan_cancer_pan_cancer_diagnostic_histologic_subtyping_slide,CPTAC,0.995843062753952,0.9776037,published_benchmark_result,h_optimus_mini_h0_mini,cptac,Yes,D1_no_detected_evidence_or_insufficient_disclosure,D_incomplete_or_ambiguous_disclosure,No detected evidence; independence cannot be assumed.
EXAONEPath,tumor_label_cptac_pan_cancer_pan_cancer_diagnostic_histologic_subtyping_slide,CPTAC,0.994774341707392,0.9740008,published_benchmark_result,exaonepath,cptac,Yes,D1_no_detected_evidence_or_insufficient_disclosure,D_incomplete_or_ambiguous_disclosure,No detected evidence; independence cannot be assumed.
H0-mini,mtor_cptac_pan_cancer_pan_cancer_pathway_activation_status_prediction_slide,CPTAC,0.747554395579243,0.718665878814128,published_benchmark_result,h_optimus_mini_h0_mini,cptac,Yes,D1_no_detected_evidence_or_insufficient_disclosure,D_incomplete_or_ambiguous_disclosure,No detected evidence; independence cannot be assumed.
EXAONEPath,mtor_cptac_pan_cancer_pan_cancer_pathway_activation_status_prediction_slide,CPTAC,0.815662929504576,0.776029988875962,published_benchmark_result,exaonepath,cptac,Yes,D1_no_detected_evidence_or_insufficient_disclosure,D_incomplete_or_ambiguous_disclosure,No detected evidence; independence cannot be assumed.
H0-mini,p53_cptac_pan_cancer_pan_cancer_pathway_activation_status_prediction_slide,CPTAC,0.901734263599825,0.916498623188653,published_benchmark_result,h_optimus_mini_h0_mini,cptac,Yes,D1_no_detected_evidence_or_insufficient_disclosure,D_incomplete_or_ambiguous_disclosure,No detected evidence; independence cannot be assumed.
EXAONEPath,p53_cptac_pan_cancer_pan_cancer_pathway_activation_status_prediction_slide,CPTAC,0.875535646899527,0.895767950313514,published_benchmark_result,exaonepath,cptac,Yes,D1_no_detected_evidence_or_insufficient_disclosure,D_incomplete_or_ambiguous_disclosure,No detected evidence; independence cannot be assumed.
H0-mini,swi_cptac_pan_cancer_pan_cancer_pathway_activation_status_prediction_slide,CPTAC,0.831463568269242,0.825736343891366,published_benchmark_result,h_optimus_mini_h0_mini,cptac,Yes,D1_no_detected_evidence_or_insufficient_disclosure,D_incomplete_or_ambiguous_disclosure,No detected evidence; independence cannot be assumed.
EXAONEPath,swi_cptac_pan_cancer_pan_cancer_pathway_activation_status_prediction_slide,CPTAC,0.812683511824189,0.776223363856371,published_benchmark_result,exaonepath,cptac,Yes,D1_no_detected_evidence_or_insufficient_disclosure,D_incomplete_or_ambiguous_disclosure,No detected evidence; independence cannot be assumed.
H0-mini,gi_subtype_tcga_gi_gi_biomarker_status_prediction_slide,TCGA,0.745410422649144,0.5917791,published_benchmark_result,h_optimus_mini_h0_mini,tcga,Yes,D3_exact_dataset_exposure,B_explicit_primary_source_statement,The named evaluation dataset is reported in model development; independence cannot be assumed.
EXAONEPath,gi_subtype_tcga_gi_gi_biomarker_status_prediction_slide,TCGA,0.703569108563319,0.5435077,published_benchmark_result,exaonepath,tcga,Yes,D1_no_detected_evidence_or_insufficient_disclosure,D_incomplete_or_ambiguous_disclosure,No detected evidence; independence cannot be assumed.
H0-mini,erg_status_tcga_prad_prostate_biomarker_status_prediction_slide,TCGA,0.794155578045407,0.811580662800219,published_benchmark_result,h_optimus_mini_h0_mini,tcga,Yes,D3_exact_dataset_exposure,B_explicit_primary_source_statement,The named evaluation dataset is reported in model development; independence cannot be assumed.
EXAONEPath,erg_status_tcga_prad_prostate_biomarker_status_prediction_slide,TCGA,0.772957812636253,0.739410295591247,published_benchmark_result,exaonepath,tcga,Yes,D1_no_detected_evidence_or_insufficient_disclosure,D_incomplete_or_ambiguous_disclosure,No detected evidence; independence cannot be assumed.
H0-mini,prad_mrna_cluster_tcga_prad_prostate_gene_expression_subtype_prediction_slide,TCGA,0.810473062502205,0.690142,published_benchmark_result,h_optimus_mini_h0_mini,tcga,Yes,D3_exact_dataset_exposure,B_explicit_primary_source_statement,The named evaluation dataset is reported in model development; independence cannot be assumed.
EXAONEPath,prad_mrna_cluster_tcga_prad_prostate_gene_expression_subtype_prediction_slide,TCGA,0.778697420298642,0.6492237,published_benchmark_result,exaonepath,tcga,Yes,D1_no_detected_evidence_or_insufficient_disclosure,D_incomplete_or_ambiguous_disclosure,No detected evidence; independence cannot be assumed.
H0-mini,lung_hist_ood1_out_of_domain_lung_lung_diagnostic_histologic_subtyping_slide,Out of Domain,0.780602383447552,0.752528793511886,published_benchmark_result,h_optimus_mini_h0_mini,,No,D1_no_detected_evidence_or_insufficient_disclosure,D_incomplete_or_ambiguous_disclosure,Benchmark dataset label is too coarse or exposure evidence is incomplete; independence cannot be assumed.
EXAONEPath,lung_hist_ood1_out_of_domain_lung_lung_diagnostic_histologic_subtyping_slide,Out of Domain,0.748928291650771,0.746504481958175,published_benchmark_result,exaonepath,,No,D1_no_detected_evidence_or_insufficient_disclosure,D_incomplete_or_ambiguous_disclosure,Benchmark dataset label is too coarse or exposure evidence is incomplete; independence cannot be assumed.
H0-mini,lung_stage_ood_out_of_domain_lung_lung_diagnostic_tumor_staging_slide,Out of Domain,0.397758627250866,0.393734014574315,published_benchmark_result,h_optimus_mini_h0_mini,,No,D1_no_detected_evidence_or_insufficient_disclosure,D_incomplete_or_ambiguous_disclosure,Benchmark dataset label is too coarse or exposure evidence is incomplete; independence cannot be assumed.
EXAONEPath,lung_stage_ood_out_of_domain_lung_lung_diagnostic_tumor_staging_slide,Out of Domain,0.35961687446087,0.367322822822823,published_benchmark_result,exaonepath,,No,D1_no_detected_evidence_or_insufficient_disclosure,D_incomplete_or_ambiguous_disclosure,Benchmark dataset label is too coarse or exposure evidence is incomplete; independence cannot be assumed.
H0-mini,brain_necrosis_out_of_domain_brain_brain_diagnostic_other_slide,Out of Domain,0.594825140334957,0.607760380448859,published_benchmark_result,h_optimus_mini_h0_mini,,No,D1_no_detected_evidence_or_insufficient_disclosure,D_incomplete_or_ambiguous_disclosure,Benchmark dataset label is too coarse or exposure evidence is incomplete; independence cannot be assumed.
EXAONEPath,brain_necrosis_out_of_domain_brain_brain_diagnostic_other_slide,Out of Domain,0.668635281071744,0.712823779290213,published_benchmark_result,exaonepath,,No,D1_no_detected_evidence_or_insufficient_disclosure,D_incomplete_or_ambiguous_disclosure,Benchmark dataset label is too coarse or exposure evidence is incomplete; independence cannot be assumed.
H0-mini,mgmt_ood_out_of_domain_brain_brain_biomarker_status_prediction_slide,Out of Domain,0.521294669920984,0.528936149655012,published_benchmark_result,h_optimus_mini_h0_mini,,No,D1_no_detected_evidence_or_insufficient_disclosure,D_incomplete_or_ambiguous_disclosure,Benchmark dataset label is too coarse or exposure evidence is incomplete; independence cannot be assumed.
EXAONEPath,mgmt_ood_out_of_domain_brain_brain_biomarker_status_prediction_slide,Out of Domain,0.517524268830398,0.584013974503215,published_benchmark_result,exaonepath,,No,D1_no_detected_evidence_or_insufficient_disclosure,D_incomplete_or_ambiguous_disclosure,Benchmark dataset label is too coarse or exposure evidence is incomplete; independence cannot be assumed.
H0-mini,bach_external_benchmarking_cohort_brca_breast_diagnostic_primary_diagnosis_and_histologic_subtyping_patch,External_benchmarking_cohort,0.970432842078106,0.9346663,published_benchmark_result,h_optimus_mini_h0_mini,bach,Yes,D1_no_detected_evidence_or_insufficient_disclosure,D_incomplete_or_ambiguous_disclosure,No detected evidence; independence cannot be assumed.
EXAONEPath,bach_external_benchmarking_cohort_brca_breast_diagnostic_primary_diagnosis_and_histologic_subtyping_patch,External_benchmarking_cohort,0.986749928287045,0.9647833,published_benchmark_result,exaonepath,bach,Yes,D1_no_detected_evidence_or_insufficient_disclosure,D_incomplete_or_ambiguous_disclosure,No detected evidence; independence cannot be assumed.
H0-mini,bracs_external_benchmarking_cohort_brca_breast_diagnostic_primary_diagnosis_and_histologic_subtyping_patch,External_benchmarking_cohort,0.909531874663658,0.6769691,published_benchmark_result,h_optimus_mini_h0_mini,bracs,Yes,D1_no_detected_evidence_or_insufficient_disclosure,D_incomplete_or_ambiguous_disclosure,No detected evidence; independence cannot be assumed.
EXAONEPath,bracs_external_benchmarking_cohort_brca_breast_diagnostic_primary_diagnosis_and_histologic_subtyping_patch,External_benchmarking_cohort,0.916510706844696,0.6917251,published_benchmark_result,exaonepath,bracs,Yes,D1_no_detected_evidence_or_insufficient_disclosure,D_incomplete_or_ambiguous_disclosure,No detected evidence; independence cannot be assumed.
H0-mini,breakhis_external_benchmarking_cohort_brca_breast_diagnostic_primary_diagnosis_patch,External_benchmarking_cohort,0.956453507760676,0.974991453411615,published_benchmark_result,h_optimus_mini_h0_mini,breakhis,Yes,D1_no_detected_evidence_or_insufficient_disclosure,D_incomplete_or_ambiguous_disclosure,No detected evidence; independence cannot be assumed.
EXAONEPath,breakhis_external_benchmarking_cohort_brca_breast_diagnostic_primary_diagnosis_patch,External_benchmarking_cohort,0.959124158074424,0.974067695172448,published_benchmark_result,exaonepath,breakhis,Yes,D1_no_detected_evidence_or_insufficient_disclosure,D_incomplete_or_ambiguous_disclosure,No detected evidence; independence cannot be assumed.
H0-mini,lung_hist_ood2_out_of_domain_lung_lung_diagnostic_histologic_subtyping_slide,Out of Domain,0.851262431400616,0.717224924924925,published_benchmark_result,h_optimus_mini_h0_mini,,No,D1_no_detected_evidence_or_insufficient_disclosure,D_incomplete_or_ambiguous_disclosure,Benchmark dataset label is too coarse or exposure evidence is incomplete; independence cannot be assumed.
EXAONEPath,lung_hist_ood2_out_of_domain_lung_lung_diagnostic_histologic_subtyping_slide,Out of Domain,0.813470638067237,0.6662395,published_benchmark_result,exaonepath,,No,D1_no_detected_evidence_or_insufficient_disclosure,D_incomplete_or_ambiguous_disclosure,Benchmark dataset label is too coarse or exposure evidence is incomplete; independence cannot be assumed.
H0-mini,lc25000_external_benchmarking_cohort_pan_cancer_pan_cancer_diagnostic_primary_diagnosis_and_histologic_subtyping_patch,External_benchmarking_cohort,0.999999263702912,1,published_benchmark_result,h_optimus_mini_h0_mini,lc25000,Yes,D1_no_detected_evidence_or_insufficient_disclosure,D_incomplete_or_ambiguous_disclosure,No detected evidence; independence cannot be assumed.
EXAONEPath,lc25000_external_benchmarking_cohort_pan_cancer_pan_cancer_diagnostic_primary_diagnosis_and_histologic_subtyping_patch,External_benchmarking_cohort,1,1,published_benchmark_result,exaonepath,lc25000,Yes,D1_no_detected_evidence_or_insufficient_disclosure,D_incomplete_or_ambiguous_disclosure,No detected evidence; independence cannot be assumed.
H0-mini,mhist_external_benchmarking_cohort_coad_colon_diagnostic_histologic_subtyping_patch,External_benchmarking_cohort,0.884164679969615,0.798689267542555,published_benchmark_result,h_optimus_mini_h0_mini,mhist,Yes,D1_no_detected_evidence_or_insufficient_disclosure,D_incomplete_or_ambiguous_disclosure,No detected evidence; independence cannot be assumed.
EXAONEPath,mhist_external_benchmarking_cohort_coad_colon_diagnostic_histologic_subtyping_patch,External_benchmarking_cohort,0.907985208568821,0.847988931678564,published_benchmark_result,exaonepath,mhist,Yes,D1_no_detected_evidence_or_insufficient_disclosure,D_incomplete_or_ambiguous_disclosure,No detected evidence; independence cannot be assumed.
H0-mini,nct_crc_he_external_benchmarking_cohort_coad_colon_diagnostic_tissue_type_classification_patch,External_benchmarking_cohort,0.9976081341446,0.9661731,published_benchmark_result,h_optimus_mini_h0_mini,nct_crc_he_100k,Yes,D1_no_detected_evidence_or_insufficient_disclosure,D_incomplete_or_ambiguous_disclosure,No detected evidence; independence cannot be assumed.
EXAONEPath,nct_crc_he_external_benchmarking_cohort_coad_colon_diagnostic_tissue_type_classification_patch,External_benchmarking_cohort,0.994527936860508,0.9596256,published_benchmark_result,exaonepath,nct_crc_he_100k,Yes,D1_no_detected_evidence_or_insufficient_disclosure,D_incomplete_or_ambiguous_disclosure,No detected evidence; independence cannot be assumed.
H0-mini,sicapv2_external_benchmarking_cohort_prad_prostate_diagnostic_primary_diagnosis_and_tumor_grading_patch,External_benchmarking_cohort,0.923881968251501,0.790327,published_benchmark_result,h_optimus_mini_h0_mini,sicapv2,Yes,D1_no_detected_evidence_or_insufficient_disclosure,D_incomplete_or_ambiguous_disclosure,No detected evidence; independence cannot be assumed.
EXAONEPath,sicapv2_external_benchmarking_cohort_prad_prostate_diagnostic_primary_diagnosis_and_tumor_grading_patch,External_benchmarking_cohort,0.912336705825037,0.765208,published_benchmark_result,exaonepath,sicapv2,Yes,D1_no_detected_evidence_or_insufficient_disclosure,D_incomplete_or_ambiguous_disclosure,No detected evidence; independence cannot be assumed.
H0-mini,unitopatho_external_benchmarking_cohort_coad_colon_diagnostic_primary_diagnosis_patch,External_benchmarking_cohort,0.824143715923338,0.5128827,published_benchmark_result,h_optimus_mini_h0_mini,unitopatho,Yes,D1_no_detected_evidence_or_insufficient_disclosure,D_incomplete_or_ambiguous_disclosure,No detected evidence; independence cannot be assumed.
EXAONEPath,unitopatho_external_benchmarking_cohort_coad_colon_diagnostic_primary_diagnosis_patch,External_benchmarking_cohort,0.818908966088697,0.5313001,published_benchmark_result,exaonepath,unitopatho,Yes,D1_no_detected_evidence_or_insufficient_disclosure,D_incomplete_or_ambiguous_disclosure,No detected evidence; independence cannot be assumed.
H0-mini,lung_grade_out_of_domain_lung_lung_diagnostic_tumor_grading_slide,Out of Domain,0.714795226737337,0.5899648,published_benchmark_result,h_optimus_mini_h0_mini,,No,D1_no_detected_evidence_or_insufficient_disclosure,D_incomplete_or_ambiguous_disclosure,Benchmark dataset label is too coarse or exposure evidence is incomplete; independence cannot be assumed.
EXAONEPath,lung_grade_out_of_domain_lung_lung_diagnostic_tumor_grading_slide,Out of Domain,0.703520403380622,0.5897437,published_benchmark_result,exaonepath,,No,D1_no_detected_evidence_or_insufficient_disclosure,D_incomplete_or_ambiguous_disclosure,Benchmark dataset label is too coarse or exposure evidence is incomplete; independence cannot be assumed.
H0-mini,lung_stage_out_of_domain_lung_lung_diagnostic_tumor_staging_slide,Out of Domain,0.632351317734167,0.5066059,published_benchmark_result,h_optimus_mini_h0_mini,,No,D1_no_detected_evidence_or_insufficient_disclosure,D_incomplete_or_ambiguous_disclosure,Benchmark dataset label is too coarse or exposure evidence is incomplete; independence cannot be assumed.
EXAONEPath,lung_stage_out_of_domain_lung_lung_diagnostic_tumor_staging_slide,Out of Domain,0.63099062925489,0.4995243,published_benchmark_result,exaonepath,,No,D1_no_detected_evidence_or_insufficient_disclosure,D_incomplete_or_ambiguous_disclosure,Benchmark dataset label is too coarse or exposure evidence is incomplete; independence cannot be assumed.
H0-mini,kidney_subtype_tcga_kirc_kirp_kich_kidney_diagnostic_histologic_subtyping_slide,TCGA,0.964674475302443,0.9089397,published_benchmark_result,h_optimus_mini_h0_mini,tcga,Yes,D3_exact_dataset_exposure,B_explicit_primary_source_statement,The named evaluation dataset is reported in model development; independence cannot be assumed.
EXAONEPath,kidney_subtype_tcga_kirc_kirp_kich_kidney_diagnostic_histologic_subtyping_slide,TCGA,0.953338064830827,0.8899918,published_benchmark_result,exaonepath,tcga,Yes,D1_no_detected_evidence_or_insufficient_disclosure,D_incomplete_or_ambiguous_disclosure,No detected evidence; independence cannot be assumed.
H0-mini,blca_hist_subtype_tcga_blca_bladder_diagnostic_histologic_subtyping_slide,TCGA,0.700393727974166,0.742017268061084,published_benchmark_result,h_optimus_mini_h0_mini,tcga,Yes,D3_exact_dataset_exposure,B_explicit_primary_source_statement,The named evaluation dataset is reported in model development; independence cannot be assumed.
EXAONEPath,blca_hist_subtype_tcga_blca_bladder_diagnostic_histologic_subtyping_slide,TCGA,0.709420946228581,0.757565176003827,published_benchmark_result,exaonepath,tcga,Yes,D1_no_detected_evidence_or_insufficient_disclosure,D_incomplete_or_ambiguous_disclosure,No detected evidence; independence cannot be assumed.
H0-mini,blca_mrna_cluster_tcga_blca_bladder_gene_expression_subtype_prediction_slide,TCGA,0.849015859103003,0.7637142,published_benchmark_result,h_optimus_mini_h0_mini,tcga,Yes,D3_exact_dataset_exposure,B_explicit_primary_source_statement,The named evaluation dataset is reported in model development; independence cannot be assumed.
EXAONEPath,blca_mrna_cluster_tcga_blca_bladder_gene_expression_subtype_prediction_slide,TCGA,0.878316898035312,0.8079651,published_benchmark_result,exaonepath,tcga,Yes,D1_no_detected_evidence_or_insufficient_disclosure,D_incomplete_or_ambiguous_disclosure,No detected evidence; independence cannot be assumed.
H0-mini,er_status_tcga_brca_breast_biomarker_status_prediction_slide,TCGA,0.907972560201053,0.895520541836778,published_benchmark_result,h_optimus_mini_h0_mini,tcga,Yes,D3_exact_dataset_exposure,B_explicit_primary_source_statement,The named evaluation dataset is reported in model development; independence cannot be assumed.
EXAONEPath,er_status_tcga_brca_breast_biomarker_status_prediction_slide,TCGA,0.859805405320971,0.824251270273263,published_benchmark_result,exaonepath,tcga,Yes,D1_no_detected_evidence_or_insufficient_disclosure,D_incomplete_or_ambiguous_disclosure,No detected evidence; independence cannot be assumed.
H0-mini,pam50_status_tcga_brca_breast_gene_expression_subtype_prediction_slide,TCGA,0.818655760606825,0.6628042,published_benchmark_result,h_optimus_mini_h0_mini,tcga,Yes,D3_exact_dataset_exposure,B_explicit_primary_source_statement,The named evaluation dataset is reported in model development; independence cannot be assumed.
EXAONEPath,pam50_status_tcga_brca_breast_gene_expression_subtype_prediction_slide,TCGA,0.779779659138617,0.6004246,published_benchmark_result,exaonepath,tcga,Yes,D1_no_detected_evidence_or_insufficient_disclosure,D_incomplete_or_ambiguous_disclosure,No detected evidence; independence cannot be assumed.
H0-mini,pr_status_tcga_brca_breast_biomarker_status_prediction_slide,TCGA,0.775487585903597,0.748058120707043,published_benchmark_result,h_optimus_mini_h0_mini,tcga,Yes,D3_exact_dataset_exposure,B_explicit_primary_source_statement,The named evaluation dataset is reported in model development; independence cannot be assumed.
EXAONEPath,pr_status_tcga_brca_breast_biomarker_status_prediction_slide,TCGA,0.724470653382979,0.714059662818218,published_benchmark_result,exaonepath,tcga,Yes,D1_no_detected_evidence_or_insufficient_disclosure,D_incomplete_or_ambiguous_disclosure,No detected evidence; independence cannot be assumed.
H0-mini,idh_tcga_gbm_lgg_brain_biomarker_status_prediction_slide,TCGA,0.968090791979159,0.968527497688613,published_benchmark_result,h_optimus_mini_h0_mini,tcga,Yes,D3_exact_dataset_exposure,B_explicit_primary_source_statement,The named evaluation dataset is reported in model development; independence cannot be assumed.
EXAONEPath,idh_tcga_gbm_lgg_brain_biomarker_status_prediction_slide,TCGA,0.963838994803151,0.962288072188976,published_benchmark_result,exaonepath,tcga,Yes,D1_no_detected_evidence_or_insufficient_disclosure,D_incomplete_or_ambiguous_disclosure,No detected evidence; independence cannot be assumed.
H0-mini,mgmt_tcga_gbm_lgg_brain_biomarker_status_prediction_slide,TCGA,0.704413473656262,0.645681470543397,published_benchmark_result,h_optimus_mini_h0_mini,tcga,Yes,D3_exact_dataset_exposure,B_explicit_primary_source_statement,The named evaluation dataset is reported in model development; independence cannot be assumed.
EXAONEPath,mgmt_tcga_gbm_lgg_brain_biomarker_status_prediction_slide,TCGA,0.67235250906051,0.664295400238439,published_benchmark_result,exaonepath,tcga,Yes,D1_no_detected_evidence_or_insufficient_disclosure,D_incomplete_or_ambiguous_disclosure,No detected evidence; independence cannot be assumed.
H0-mini,brain_hist_subtype_tcga_gbm_lgg_brain_diagnostic_histologic_subtyping_slide,TCGA,0.834525177197904,0.6560498,published_benchmark_result,h_optimus_mini_h0_mini,tcga,Yes,D3_exact_dataset_exposure,B_explicit_primary_source_statement,The named evaluation dataset is reported in model development; independence cannot be assumed.
EXAONEPath,brain_hist_subtype_tcga_gbm_lgg_brain_diagnostic_histologic_subtyping_slide,TCGA,0.882323016884919,0.7363286,published_benchmark_result,exaonepath,tcga,Yes,D1_no_detected_evidence_or_insufficient_disclosure,D_incomplete_or_ambiguous_disclosure,No detected evidence; independence cannot be assumed.
H0-mini,brain_exp_subtype_tcga_gbm_lgg_brain_gene_expression_subtype_prediction_slide,TCGA,0.827774917295838,0.646385,published_benchmark_result,h_optimus_mini_h0_mini,tcga,Yes,D3_exact_dataset_exposure,B_explicit_primary_source_statement,The named evaluation dataset is reported in model development; independence cannot be assumed.
EXAONEPath,brain_exp_subtype_tcga_gbm_lgg_brain_gene_expression_subtype_prediction_slide,TCGA,0.82868030458905,0.6566564,published_benchmark_result,exaonepath,tcga,Yes,D1_no_detected_evidence_or_insufficient_disclosure,D_incomplete_or_ambiguous_disclosure,No detected evidence; independence cannot be assumed.
H0-mini,myc_tcga_pan_cancer_pan_cancer_pathway_activation_status_prediction_slide,TCGA,0.663363162290529,0.647058113822764,published_benchmark_result,h_optimus_mini_h0_mini,tcga,Yes,D3_exact_dataset_exposure,B_explicit_primary_source_statement,The named evaluation dataset is reported in model development; independence cannot be assumed.
EXAONEPath,myc_tcga_pan_cancer_pan_cancer_pathway_activation_status_prediction_slide,TCGA,0.611871391915106,0.619491482732362,published_benchmark_result,exaonepath,tcga,Yes,D1_no_detected_evidence_or_insufficient_disclosure,D_incomplete_or_ambiguous_disclosure,No detected evidence; independence cannot be assumed.
H0-mini,pi3k_tcga_pan_cancer_pan_cancer_pathway_activation_status_prediction_slide,TCGA,0.734068953906498,0.730829463784515,published_benchmark_result,h_optimus_mini_h0_mini,tcga,Yes,D3_exact_dataset_exposure,B_explicit_primary_source_statement,The named evaluation dataset is reported in model development; independence cannot be assumed.
EXAONEPath,pi3k_tcga_pan_cancer_pan_cancer_pathway_activation_status_prediction_slide,TCGA,0.700444123557936,0.694212260150473,published_benchmark_result,exaonepath,tcga,Yes,D1_no_detected_evidence_or_insufficient_disclosure,D_incomplete_or_ambiguous_disclosure,No detected evidence; independence cannot be assumed.
H0-mini,tcga_grade_tcga_pan_cancer_pan_cancer_diagnostic_tumor_grading_slide,TCGA,0.765803571116236,0.6362919,published_benchmark_result,h_optimus_mini_h0_mini,tcga,Yes,D3_exact_dataset_exposure,B_explicit_primary_source_statement,The named evaluation dataset is reported in model development; independence cannot be assumed.
EXAONEPath,tcga_grade_tcga_pan_cancer_pan_cancer_diagnostic_tumor_grading_slide,TCGA,0.735939280833915,0.5914464,published_benchmark_result,exaonepath,tcga,Yes,D1_no_detected_evidence_or_insufficient_disclosure,D_incomplete_or_ambiguous_disclosure,No detected evidence; independence cannot be assumed.
H0-mini,immunegroup_tcga_pan_cancer_pan_cancer_gene_expression_subtype_prediction_slide,TCGA,0.881978394346947,0.64207,published_benchmark_result,h_optimus_mini_h0_mini,tcga,Yes,D3_exact_dataset_exposure,B_explicit_primary_source_statement,The named evaluation dataset is reported in model development; independence cannot be assumed.
EXAONEPath,immunegroup_tcga_pan_cancer_pan_cancer_gene_expression_subtype_prediction_slide,TCGA,0.847529024269123,0.5719086,published_benchmark_result,exaonepath,tcga,Yes,D1_no_detected_evidence_or_insufficient_disclosure,D_incomplete_or_ambiguous_disclosure,No detected evidence; independence cannot be assumed.
CONCH,lung_exp_subtype_tcga_lusc_luad_lung_gene_expression_subtype_prediction_slide,TCGA,0.84295495452004,0.601431,published_benchmark_result,conch,tcga,Yes,D1_no_detected_evidence_or_insufficient_disclosure,D_incomplete_or_ambiguous_disclosure,No detected evidence; independence cannot be assumed.
CONCH,lusc_vs_luad_tcga_lusc_luad_lung_diagnostic_histologic_subtyping_slide,TCGA,0.917697449472902,0.9217860169483,published_benchmark_result,conch,tcga,Yes,D1_no_detected_evidence_or_insufficient_disclosure,D_incomplete_or_ambiguous_disclosure,No detected evidence; independence cannot be assumed.
CONCH,cptac_myc_cptac_pan_cancer_pan_cancer_pathway_activation_status_prediction_slide,CPTAC,0.80959751928771,0.780855119931937,published_benchmark_result,conch,cptac,Yes,D1_no_detected_evidence_or_insufficient_disclosure,D_incomplete_or_ambiguous_disclosure,No detected evidence; independence cannot be assumed.
CONCH,chrom_cptac_pan_cancer_pan_cancer_pathway_activation_status_prediction_slide,CPTAC,0.742300408058143,0.730614273404789,published_benchmark_result,conch,cptac,Yes,D1_no_detected_evidence_or_insufficient_disclosure,D_incomplete_or_ambiguous_disclosure,No detected evidence; independence cannot be assumed.
CONCH,cptac_grade_cptac_pan_cancer_pan_cancer_diagnostic_tumor_grading_slide,CPTAC,0.764361065521224,0.5810736,published_benchmark_result,conch,cptac,Yes,D1_no_detected_evidence_or_insufficient_disclosure,D_incomplete_or_ambiguous_disclosure,No detected evidence; independence cannot be assumed.
CONCH,tumor_label_cptac_pan_cancer_pan_cancer_diagnostic_histologic_subtyping_slide,CPTAC,0.992714872575333,0.9610727,published_benchmark_result,conch,cptac,Yes,D1_no_detected_evidence_or_insufficient_disclosure,D_incomplete_or_ambiguous_disclosure,No detected evidence; independence cannot be assumed.
CONCH,mtor_cptac_pan_cancer_pan_cancer_pathway_activation_status_prediction_slide,CPTAC,0.763480523344123,0.738850204561436,published_benchmark_result,conch,cptac,Yes,D1_no_detected_evidence_or_insufficient_disclosure,D_incomplete_or_ambiguous_disclosure,No detected evidence; independence cannot be assumed.
CONCH,p53_cptac_pan_cancer_pan_cancer_pathway_activation_status_prediction_slide,CPTAC,0.870671696090708,0.875312756892459,published_benchmark_result,conch,cptac,Yes,D1_no_detected_evidence_or_insufficient_disclosure,D_incomplete_or_ambiguous_disclosure,No detected evidence; independence cannot be assumed.
CONCH,swi_cptac_pan_cancer_pan_cancer_pathway_activation_status_prediction_slide,CPTAC,0.723452160315257,0.737240992551365,published_benchmark_result,conch,cptac,Yes,D1_no_detected_evidence_or_insufficient_disclosure,D_incomplete_or_ambiguous_disclosure,No detected evidence; independence cannot be assumed.
CONCH,gi_subtype_tcga_gi_gi_biomarker_status_prediction_slide,TCGA,0.634935306925539,0.4878081,published_benchmark_result,conch,tcga,Yes,D1_no_detected_evidence_or_insufficient_disclosure,D_incomplete_or_ambiguous_disclosure,No detected evidence; independence cannot be assumed.
CONCH,erg_status_tcga_prad_prostate_biomarker_status_prediction_slide,TCGA,0.694120001652399,0.70073486724255,published_benchmark_result,conch,tcga,Yes,D1_no_detected_evidence_or_insufficient_disclosure,D_incomplete_or_ambiguous_disclosure,No detected evidence; independence cannot be assumed.
CONCH,prad_mrna_cluster_tcga_prad_prostate_gene_expression_subtype_prediction_slide,TCGA,0.730019283435824,0.5681372,published_benchmark_result,conch,tcga,Yes,D1_no_detected_evidence_or_insufficient_disclosure,D_incomplete_or_ambiguous_disclosure,No detected evidence; independence cannot be assumed.
CONCH,lung_hist_ood1_out_of_domain_lung_lung_diagnostic_histologic_subtyping_slide,Out of Domain,0.848588411612897,0.810849222209959,published_benchmark_result,conch,,No,D1_no_detected_evidence_or_insufficient_disclosure,D_incomplete_or_ambiguous_disclosure,Benchmark dataset label is too coarse or exposure evidence is incomplete; independence cannot be assumed.
CONCH,lung_stage_ood_out_of_domain_lung_lung_diagnostic_tumor_staging_slide,Out of Domain,0.647686323464887,0.539304719107643,published_benchmark_result,conch,,No,D1_no_detected_evidence_or_insufficient_disclosure,D_incomplete_or_ambiguous_disclosure,Benchmark dataset label is too coarse or exposure evidence is incomplete; independence cannot be assumed.
CONCH,brain_necrosis_out_of_domain_brain_brain_diagnostic_other_slide,Out of Domain,0.483037926560715,0.581710249621192,published_benchmark_result,conch,,No,D1_no_detected_evidence_or_insufficient_disclosure,D_incomplete_or_ambiguous_disclosure,Benchmark dataset label is too coarse or exposure evidence is incomplete; independence cannot be assumed.
CONCH,mgmt_ood_out_of_domain_brain_brain_biomarker_status_prediction_slide,Out of Domain,0.432821501247328,0.458441133635217,published_benchmark_result,conch,,No,D1_no_detected_evidence_or_insufficient_disclosure,D_incomplete_or_ambiguous_disclosure,Benchmark dataset label is too coarse or exposure evidence is incomplete; independence cannot be assumed.
CONCH,bach_external_benchmarking_cohort_brca_breast_diagnostic_primary_diagnosis_and_histologic_subtyping_patch,External_benchmarking_cohort,0.97515348501195,0.9424943,published_benchmark_result,conch,bach,Yes,D1_no_detected_evidence_or_insufficient_disclosure,D_incomplete_or_ambiguous_disclosure,No detected evidence; independence cannot be assumed.
CONCH,bracs_external_benchmarking_cohort_brca_breast_diagnostic_primary_diagnosis_and_histologic_subtyping_patch,External_benchmarking_cohort,0.901520885571838,0.6443235,published_benchmark_result,conch,bracs,Yes,D1_no_detected_evidence_or_insufficient_disclosure,D_incomplete_or_ambiguous_disclosure,No detected evidence; independence cannot be assumed.
CONCH,breakhis_external_benchmarking_cohort_brca_breast_diagnostic_primary_diagnosis_patch,External_benchmarking_cohort,0.922514495987158,0.955729830705587,published_benchmark_result,conch,breakhis,Yes,D1_no_detected_evidence_or_insufficient_disclosure,D_incomplete_or_ambiguous_disclosure,No detected evidence; independence cannot be assumed.
CONCH,lung_hist_ood2_out_of_domain_lung_lung_diagnostic_histologic_subtyping_slide,Out of Domain,0.880297615015238,0.771077777777778,published_benchmark_result,conch,,No,D1_no_detected_evidence_or_insufficient_disclosure,D_incomplete_or_ambiguous_disclosure,Benchmark dataset label is too coarse or exposure evidence is incomplete; independence cannot be assumed.
CONCH,lc25000_external_benchmarking_cohort_pan_cancer_pan_cancer_diagnostic_primary_diagnosis_and_histologic_subtyping_patch,External_benchmarking_cohort,0.999795897800807,0.9992129,published_benchmark_result,conch,lc25000,Yes,D1_no_detected_evidence_or_insufficient_disclosure,D_incomplete_or_ambiguous_disclosure,No detected evidence; independence cannot be assumed.
CONCH,mhist_external_benchmarking_cohort_coad_colon_diagnostic_histologic_subtyping_patch,External_benchmarking_cohort,0.855300396139418,0.743373771700097,published_benchmark_result,conch,mhist,Yes,D1_no_detected_evidence_or_insufficient_disclosure,D_incomplete_or_ambiguous_disclosure,No detected evidence; independence cannot be assumed.
CONCH,nct_crc_he_external_benchmarking_cohort_coad_colon_diagnostic_tissue_type_classification_patch,External_benchmarking_cohort,0.994820902066425,0.9458396,published_benchmark_result,conch,nct_crc_he_100k,Yes,D1_no_detected_evidence_or_insufficient_disclosure,D_incomplete_or_ambiguous_disclosure,No detected evidence; independence cannot be assumed.
CONCH,sicapv2_external_benchmarking_cohort_prad_prostate_diagnostic_primary_diagnosis_and_tumor_grading_patch,External_benchmarking_cohort,0.930942690726821,0.8108904,published_benchmark_result,conch,sicapv2,Yes,D1_no_detected_evidence_or_insufficient_disclosure,D_incomplete_or_ambiguous_disclosure,No detected evidence; independence cannot be assumed.
CONCH,unitopatho_external_benchmarking_cohort_coad_colon_diagnostic_primary_diagnosis_patch,External_benchmarking_cohort,0.850997580646443,0.5482483,published_benchmark_result,conch,unitopatho,Yes,D1_no_detected_evidence_or_insufficient_disclosure,D_incomplete_or_ambiguous_disclosure,No detected evidence; independence cannot be assumed.
CONCH,lung_grade_out_of_domain_lung_lung_diagnostic_tumor_grading_slide,Out of Domain,0.65347561186941,0.5024626,published_benchmark_result,conch,,No,D1_no_detected_evidence_or_insufficient_disclosure,D_incomplete_or_ambiguous_disclosure,Benchmark dataset label is too coarse or exposure evidence is incomplete; independence cannot be assumed.
CONCH,lung_stage_out_of_domain_lung_lung_diagnostic_tumor_staging_slide,Out of Domain,0.639143174039924,0.5263805,published_benchmark_result,conch,,No,D1_no_detected_evidence_or_insufficient_disclosure,D_incomplete_or_ambiguous_disclosure,Benchmark dataset label is too coarse or exposure evidence is incomplete; independence cannot be assumed.
CONCH,kidney_subtype_tcga_kirc_kirp_kich_kidney_diagnostic_histologic_subtyping_slide,TCGA,0.966171224967809,0.9169272,published_benchmark_result,conch,tcga,Yes,D1_no_detected_evidence_or_insufficient_disclosure,D_incomplete_or_ambiguous_disclosure,No detected evidence; independence cannot be assumed.
CONCH,blca_hist_subtype_tcga_blca_bladder_diagnostic_histologic_subtyping_slide,TCGA,0.642070292405907,0.699559851555917,published_benchmark_result,conch,tcga,Yes,D1_no_detected_evidence_or_insufficient_disclosure,D_incomplete_or_ambiguous_disclosure,No detected evidence; independence cannot be assumed.
CONCH,blca_mrna_cluster_tcga_blca_bladder_gene_expression_subtype_prediction_slide,TCGA,0.833637981694244,0.7369113,published_benchmark_result,conch,tcga,Yes,D1_no_detected_evidence_or_insufficient_disclosure,D_incomplete_or_ambiguous_disclosure,No detected evidence; independence cannot be assumed.
CONCH,er_status_tcga_brca_breast_biomarker_status_prediction_slide,TCGA,0.90926450781857,0.900554710316742,published_benchmark_result,conch,tcga,Yes,D1_no_detected_evidence_or_insufficient_disclosure,D_incomplete_or_ambiguous_disclosure,No detected evidence; independence cannot be assumed.
CONCH,pam50_status_tcga_brca_breast_gene_expression_subtype_prediction_slide,TCGA,0.749620518459427,0.5586044,published_benchmark_result,conch,tcga,Yes,D1_no_detected_evidence_or_insufficient_disclosure,D_incomplete_or_ambiguous_disclosure,No detected evidence; independence cannot be assumed.
CONCH,pr_status_tcga_brca_breast_biomarker_status_prediction_slide,TCGA,0.743961025689758,0.691187317468652,published_benchmark_result,conch,tcga,Yes,D1_no_detected_evidence_or_insufficient_disclosure,D_incomplete_or_ambiguous_disclosure,No detected evidence; independence cannot be assumed.
CONCH,idh_tcga_gbm_lgg_brain_biomarker_status_prediction_slide,TCGA,0.934418469460019,0.931225475337421,published_benchmark_result,conch,tcga,Yes,D1_no_detected_evidence_or_insufficient_disclosure,D_incomplete_or_ambiguous_disclosure,No detected evidence; independence cannot be assumed.
CONCH,mgmt_tcga_gbm_lgg_brain_biomarker_status_prediction_slide,TCGA,0.672407383352521,0.606777491500884,published_benchmark_result,conch,tcga,Yes,D1_no_detected_evidence_or_insufficient_disclosure,D_incomplete_or_ambiguous_disclosure,No detected evidence; independence cannot be assumed.
CONCH,brain_hist_subtype_tcga_gbm_lgg_brain_diagnostic_histologic_subtyping_slide,TCGA,0.806018669924782,0.6176121,published_benchmark_result,conch,tcga,Yes,D1_no_detected_evidence_or_insufficient_disclosure,D_incomplete_or_ambiguous_disclosure,No detected evidence; independence cannot be assumed.
CONCH,brain_exp_subtype_tcga_gbm_lgg_brain_gene_expression_subtype_prediction_slide,TCGA,0.774434667829703,0.5707078,published_benchmark_result,conch,tcga,Yes,D1_no_detected_evidence_or_insufficient_disclosure,D_incomplete_or_ambiguous_disclosure,No detected evidence; independence cannot be assumed.
CONCH,myc_tcga_pan_cancer_pan_cancer_pathway_activation_status_prediction_slide,TCGA,0.620756747446308,0.618075313417098,published_benchmark_result,conch,tcga,Yes,D1_no_detected_evidence_or_insufficient_disclosure,D_incomplete_or_ambiguous_disclosure,No detected evidence; independence cannot be assumed.
CONCH,pi3k_tcga_pan_cancer_pan_cancer_pathway_activation_status_prediction_slide,TCGA,0.691407027618465,0.680282740860154,published_benchmark_result,conch,tcga,Yes,D1_no_detected_evidence_or_insufficient_disclosure,D_incomplete_or_ambiguous_disclosure,No detected evidence; independence cannot be assumed.
CONCH,tcga_grade_tcga_pan_cancer_pan_cancer_diagnostic_tumor_grading_slide,TCGA,0.694000568089644,0.5465742,published_benchmark_result,conch,tcga,Yes,D1_no_detected_evidence_or_insufficient_disclosure,D_incomplete_or_ambiguous_disclosure,No detected evidence; independence cannot be assumed.
CONCH,immunegroup_tcga_pan_cancer_pan_cancer_gene_expression_subtype_prediction_slide,TCGA,0.858027995575994,0.5823158,published_benchmark_result,conch,tcga,Yes,D1_no_detected_evidence_or_insufficient_disclosure,D_incomplete_or_ambiguous_disclosure,No detected evidence; independence cannot be assumed.
cTranspath,idh_tcga_gbm_lgg_brain_biomarker_status_prediction_slide,TCGA,0.879349079400758,0.845800200318913,published_benchmark_result,ctranspath,tcga,Yes,D3_exact_dataset_exposure,B_explicit_primary_source_statement,The named evaluation dataset is reported in model development; independence cannot be assumed.
GPFM,idh_tcga_gbm_lgg_brain_biomarker_status_prediction_slide,TCGA,0.960119280764654,0.952603921842357,published_benchmark_result,gpfm,tcga,Yes,D1_no_detected_evidence_or_insufficient_disclosure,D_incomplete_or_ambiguous_disclosure,No detected evidence; independence cannot be assumed.
mizero bioclinicalbert,idh_tcga_gbm_lgg_brain_biomarker_status_prediction_slide,TCGA,0.884587267807602,0.843967040097051,published_benchmark_result,mi_zero_clinicalbert,tcga,Yes,D1_no_detected_evidence_or_insufficient_disclosure,D_incomplete_or_ambiguous_disclosure,No detected evidence; independence cannot be assumed.
mizero pubmedbert,idh_tcga_gbm_lgg_brain_biomarker_status_prediction_slide,TCGA,0.869590936954973,0.835867527950387,published_benchmark_result,mi_zero_pubmedbert,tcga,Yes,D1_no_detected_evidence_or_insufficient_disclosure,D_incomplete_or_ambiguous_disclosure,No detected evidence; independence cannot be assumed.
beit3-L16,idh_tcga_gbm_lgg_brain_biomarker_status_prediction_slide,TCGA,0.938616662189114,0.92090934043355,published_benchmark_result,beit_3_l16,tcga,Yes,D1_no_detected_evidence_or_insufficient_disclosure,D_incomplete_or_ambiguous_disclosure,No detected evidence; independence cannot be assumed.
Blip-B16-14M,idh_tcga_gbm_lgg_brain_biomarker_status_prediction_slide,TCGA,0.599667434821369,0.621486005848795,published_benchmark_result,blip_b16_14m,tcga,Yes,D1_no_detected_evidence_or_insufficient_disclosure,D_incomplete_or_ambiguous_disclosure,No detected evidence; independence cannot be assumed.
Align-base,idh_tcga_gbm_lgg_brain_biomarker_status_prediction_slide,TCGA,0.8645108381011,0.82954105588083,published_benchmark_result,align_base,tcga,Yes,D1_no_detected_evidence_or_insufficient_disclosure,D_incomplete_or_ambiguous_disclosure,No detected evidence; independence cannot be assumed.
cTranspath,mgmt_tcga_gbm_lgg_brain_biomarker_status_prediction_slide,TCGA,0.662834014711373,0.626795275090151,published_benchmark_result,ctranspath,tcga,Yes,D3_exact_dataset_exposure,B_explicit_primary_source_statement,The named evaluation dataset is reported in model development; independence cannot be assumed.
GPFM,mgmt_tcga_gbm_lgg_brain_biomarker_status_prediction_slide,TCGA,0.699494209917935,0.63941531508722,published_benchmark_result,gpfm,tcga,Yes,D1_no_detected_evidence_or_insufficient_disclosure,D_incomplete_or_ambiguous_disclosure,No detected evidence; independence cannot be assumed.
mizero bioclinicalbert,mgmt_tcga_gbm_lgg_brain_biomarker_status_prediction_slide,TCGA,0.648432519002574,0.621047769216928,published_benchmark_result,mi_zero_clinicalbert,tcga,Yes,D1_no_detected_evidence_or_insufficient_disclosure,D_incomplete_or_ambiguous_disclosure,No detected evidence; independence cannot be assumed.
mizero pubmedbert,mgmt_tcga_gbm_lgg_brain_biomarker_status_prediction_slide,TCGA,0.646243488425421,0.620378383614583,published_benchmark_result,mi_zero_pubmedbert,tcga,Yes,D1_no_detected_evidence_or_insufficient_disclosure,D_incomplete_or_ambiguous_disclosure,No detected evidence; independence cannot be assumed.
beit3-L16,mgmt_tcga_gbm_lgg_brain_biomarker_status_prediction_slide,TCGA,0.670075607559831,0.622420277312081,published_benchmark_result,beit_3_l16,tcga,Yes,D1_no_detected_evidence_or_insufficient_disclosure,D_incomplete_or_ambiguous_disclosure,No detected evidence; independence cannot be assumed.
Blip-B16-14M,mgmt_tcga_gbm_lgg_brain_biomarker_status_prediction_slide,TCGA,0.487296700060863,0.502114077818113,published_benchmark_result,blip_b16_14m,tcga,Yes,D1_no_detected_evidence_or_insufficient_disclosure,D_incomplete_or_ambiguous_disclosure,No detected evidence; independence cannot be assumed.
Align-base,mgmt_tcga_gbm_lgg_brain_biomarker_status_prediction_slide,TCGA,0.663495698231906,0.608432473436689,published_benchmark_result,align_base,tcga,Yes,D1_no_detected_evidence_or_insufficient_disclosure,D_incomplete_or_ambiguous_disclosure,No detected evidence; independence cannot be assumed.
cTranspath,brain_hist_subtype_tcga_gbm_lgg_brain_diagnostic_histologic_subtyping_slide,TCGA,0.777111229178133,0.6241843,published_benchmark_result,ctranspath,tcga,Yes,D3_exact_dataset_exposure,B_explicit_primary_source_statement,The named evaluation dataset is reported in model development; independence cannot be assumed.
GPFM,brain_hist_subtype_tcga_gbm_lgg_brain_diagnostic_histologic_subtyping_slide,TCGA,0.806559241454273,0.6127919,published_benchmark_result,gpfm,tcga,Yes,D1_no_detected_evidence_or_insufficient_disclosure,D_incomplete_or_ambiguous_disclosure,No detected evidence; independence cannot be assumed.
mizero bioclinicalbert,brain_hist_subtype_tcga_gbm_lgg_brain_diagnostic_histologic_subtyping_slide,TCGA,0.788677760335965,0.6151415,published_benchmark_result,mi_zero_clinicalbert,tcga,Yes,D1_no_detected_evidence_or_insufficient_disclosure,D_incomplete_or_ambiguous_disclosure,No detected evidence; independence cannot be assumed.
mizero pubmedbert,brain_hist_subtype_tcga_gbm_lgg_brain_diagnostic_histologic_subtyping_slide,TCGA,0.777941459760438,0.603425,published_benchmark_result,mi_zero_pubmedbert,tcga,Yes,D1_no_detected_evidence_or_insufficient_disclosure,D_incomplete_or_ambiguous_disclosure,No detected evidence; independence cannot be assumed.
beit3-L16,brain_hist_subtype_tcga_gbm_lgg_brain_diagnostic_histologic_subtyping_slide,TCGA,0.814249895485466,0.6086011,published_benchmark_result,beit_3_l16,tcga,Yes,D1_no_detected_evidence_or_insufficient_disclosure,D_incomplete_or_ambiguous_disclosure,No detected evidence; independence cannot be assumed.
Blip-B16-14M,brain_hist_subtype_tcga_gbm_lgg_brain_diagnostic_histologic_subtyping_slide,TCGA,0.712023332915139,0.5166556,published_benchmark_result,blip_b16_14m,tcga,Yes,D1_no_detected_evidence_or_insufficient_disclosure,D_incomplete_or_ambiguous_disclosure,No detected evidence; independence cannot be assumed.
Align-base,brain_hist_subtype_tcga_gbm_lgg_brain_diagnostic_histologic_subtyping_slide,TCGA,0.780903595249871,0.5966258,published_benchmark_result,align_base,tcga,Yes,D1_no_detected_evidence_or_insufficient_disclosure,D_incomplete_or_ambiguous_disclosure,No detected evidence; independence cannot be assumed.
cTranspath,brain_exp_subtype_tcga_gbm_lgg_brain_gene_expression_subtype_prediction_slide,TCGA,0.702844408940497,0.4914945,published_benchmark_result,ctranspath,tcga,Yes,D3_exact_dataset_exposure,B_explicit_primary_source_statement,The named evaluation dataset is reported in model development; independence cannot be assumed.
GPFM,brain_exp_subtype_tcga_gbm_lgg_brain_gene_expression_subtype_prediction_slide,TCGA,0.817892353444367,0.6482345,published_benchmark_result,gpfm,tcga,Yes,D1_no_detected_evidence_or_insufficient_disclosure,D_incomplete_or_ambiguous_disclosure,No detected evidence; independence cannot be assumed.
mizero bioclinicalbert,brain_exp_subtype_tcga_gbm_lgg_brain_gene_expression_subtype_prediction_slide,TCGA,0.711470763803233,0.4970933,published_benchmark_result,mi_zero_clinicalbert,tcga,Yes,D1_no_detected_evidence_or_insufficient_disclosure,D_incomplete_or_ambiguous_disclosure,No detected evidence; independence cannot be assumed.
mizero pubmedbert,brain_exp_subtype_tcga_gbm_lgg_brain_gene_expression_subtype_prediction_slide,TCGA,0.700753534930026,0.4950018,published_benchmark_result,mi_zero_pubmedbert,tcga,Yes,D1_no_detected_evidence_or_insufficient_disclosure,D_incomplete_or_ambiguous_disclosure,No detected evidence; independence cannot be assumed.
beit3-L16,brain_exp_subtype_tcga_gbm_lgg_brain_gene_expression_subtype_prediction_slide,TCGA,0.772873084422515,0.5763394,published_benchmark_result,beit_3_l16,tcga,Yes,D1_no_detected_evidence_or_insufficient_disclosure,D_incomplete_or_ambiguous_disclosure,No detected evidence; independence cannot be assumed.
Blip-B16-14M,brain_exp_subtype_tcga_gbm_lgg_brain_gene_expression_subtype_prediction_slide,TCGA,0.428300213187548,0.2423969,published_benchmark_result,blip_b16_14m,tcga,Yes,D1_no_detected_evidence_or_insufficient_disclosure,D_incomplete_or_ambiguous_disclosure,No detected evidence; independence cannot be assumed.
Align-base,brain_exp_subtype_tcga_gbm_lgg_brain_gene_expression_subtype_prediction_slide,TCGA,0.684791724478573,0.4892946,published_benchmark_result,align_base,tcga,Yes,D1_no_detected_evidence_or_insufficient_disclosure,D_incomplete_or_ambiguous_disclosure,No detected evidence; independence cannot be assumed.
cTranspath,bach_external_benchmarking_cohort_brca_breast_diagnostic_primary_diagnosis_and_histologic_subtyping_patch,External_benchmarking_cohort,0.884235340373628,0.7515092,published_benchmark_result,ctranspath,bach,Yes,D1_no_detected_evidence_or_insufficient_disclosure,D_incomplete_or_ambiguous_disclosure,No detected evidence; independence cannot be assumed.
GPFM,bach_external_benchmarking_cohort_brca_breast_diagnostic_primary_diagnosis_and_histologic_subtyping_patch,External_benchmarking_cohort,0.921833766306699,0.8337228,published_benchmark_result,gpfm,bach,Yes,D1_no_detected_evidence_or_insufficient_disclosure,D_incomplete_or_ambiguous_disclosure,No detected evidence; independence cannot be assumed.
mizero bioclinicalbert,bach_external_benchmarking_cohort_brca_breast_diagnostic_primary_diagnosis_and_histologic_subtyping_patch,External_benchmarking_cohort,0.851092213405552,0.7063859,published_benchmark_result,mi_zero_clinicalbert,bach,Yes,D1_no_detected_evidence_or_insufficient_disclosure,D_incomplete_or_ambiguous_disclosure,No detected evidence; independence cannot be assumed.
mizero pubmedbert,bach_external_benchmarking_cohort_brca_breast_diagnostic_primary_diagnosis_and_histologic_subtyping_patch,External_benchmarking_cohort,0.863183728000148,0.7432192,published_benchmark_result,mi_zero_pubmedbert,bach,Yes,D1_no_detected_evidence_or_insufficient_disclosure,D_incomplete_or_ambiguous_disclosure,No detected evidence; independence cannot be assumed.
beit3-L16,bach_external_benchmarking_cohort_brca_breast_diagnostic_primary_diagnosis_and_histologic_subtyping_patch,External_benchmarking_cohort,0.806995710235935,0.5796192,published_benchmark_result,beit_3_l16,bach,Yes,D1_no_detected_evidence_or_insufficient_disclosure,D_incomplete_or_ambiguous_disclosure,No detected evidence; independence cannot be assumed.
Blip-B16-14M,bach_external_benchmarking_cohort_brca_breast_diagnostic_primary_diagnosis_and_histologic_subtyping_patch,External_benchmarking_cohort,0.580087124722757,0.377275,published_benchmark_result,blip_b16_14m,bach,Yes,D1_no_detected_evidence_or_insufficient_disclosure,D_incomplete_or_ambiguous_disclosure,No detected evidence; independence cannot be assumed.
Align-base,bach_external_benchmarking_cohort_brca_breast_diagnostic_primary_diagnosis_and_histologic_subtyping_patch,External_benchmarking_cohort,0.677064008635708,0.4567197,published_benchmark_result,align_base,bach,Yes,D1_no_detected_evidence_or_insufficient_disclosure,D_incomplete_or_ambiguous_disclosure,No detected evidence; independence cannot be assumed.
cTranspath,bracs_external_benchmarking_cohort_brca_breast_diagnostic_primary_diagnosis_and_histologic_subtyping_patch,External_benchmarking_cohort,0.857565365315209,0.5568806,published_benchmark_result,ctranspath,bracs,Yes,D1_no_detected_evidence_or_insufficient_disclosure,D_incomplete_or_ambiguous_disclosure,No detected evidence; independence cannot be assumed.
GPFM,bracs_external_benchmarking_cohort_brca_breast_diagnostic_primary_diagnosis_and_histologic_subtyping_patch,External_benchmarking_cohort,0.884481701469782,0.6378232,published_benchmark_result,gpfm,bracs,Yes,D1_no_detected_evidence_or_insufficient_disclosure,D_incomplete_or_ambiguous_disclosure,No detected evidence; independence cannot be assumed.
mizero bioclinicalbert,bracs_external_benchmarking_cohort_brca_breast_diagnostic_primary_diagnosis_and_histologic_subtyping_patch,External_benchmarking_cohort,0.879739271228463,0.6069869,published_benchmark_result,mi_zero_clinicalbert,bracs,Yes,D1_no_detected_evidence_or_insufficient_disclosure,D_incomplete_or_ambiguous_disclosure,No detected evidence; independence cannot be assumed.
mizero pubmedbert,bracs_external_benchmarking_cohort_brca_breast_diagnostic_primary_diagnosis_and_histologic_subtyping_patch,External_benchmarking_cohort,0.857422266473976,0.5795905,published_benchmark_result,mi_zero_pubmedbert,bracs,Yes,D1_no_detected_evidence_or_insufficient_disclosure,D_incomplete_or_ambiguous_disclosure,No detected evidence; independence cannot be assumed.
beit3-L16,bracs_external_benchmarking_cohort_brca_breast_diagnostic_primary_diagnosis_and_histologic_subtyping_patch,External_benchmarking_cohort,0.809945464396198,0.4687915,published_benchmark_result,beit_3_l16,bracs,Yes,D1_no_detected_evidence_or_insufficient_disclosure,D_incomplete_or_ambiguous_disclosure,No detected evidence; independence cannot be assumed.
Blip-B16-14M,bracs_external_benchmarking_cohort_brca_breast_diagnostic_primary_diagnosis_and_histologic_subtyping_patch,External_benchmarking_cohort,0.567137934486628,0.2460775,published_benchmark_result,blip_b16_14m,bracs,Yes,D1_no_detected_evidence_or_insufficient_disclosure,D_incomplete_or_ambiguous_disclosure,No detected evidence; independence cannot be assumed.
Align-base,bracs_external_benchmarking_cohort_brca_breast_diagnostic_primary_diagnosis_and_histologic_subtyping_patch,External_benchmarking_cohort,0.67551075130871,0.3326296,published_benchmark_result,align_base,bracs,Yes,D1_no_detected_evidence_or_insufficient_disclosure,D_incomplete_or_ambiguous_disclosure,No detected evidence; independence cannot be assumed.
cTranspath,breakhis_external_benchmarking_cohort_brca_breast_diagnostic_primary_diagnosis_patch,External_benchmarking_cohort,0.883835206437625,0.935607133572504,published_benchmark_result,ctranspath,breakhis,Yes,D1_no_detected_evidence_or_insufficient_disclosure,D_incomplete_or_ambiguous_disclosure,No detected evidence; independence cannot be assumed.
GPFM,breakhis_external_benchmarking_cohort_brca_breast_diagnostic_primary_diagnosis_patch,External_benchmarking_cohort,0.96892562964287,0.984229323151089,published_benchmark_result,gpfm,breakhis,Yes,D1_no_detected_evidence_or_insufficient_disclosure,D_incomplete_or_ambiguous_disclosure,No detected evidence; independence cannot be assumed.
mizero bioclinicalbert,breakhis_external_benchmarking_cohort_brca_breast_diagnostic_primary_diagnosis_patch,External_benchmarking_cohort,0.848182549152328,0.915370547222052,published_benchmark_result,mi_zero_clinicalbert,breakhis,Yes,D1_no_detected_evidence_or_insufficient_disclosure,D_incomplete_or_ambiguous_disclosure,No detected evidence; independence cannot be assumed.
mizero pubmedbert,breakhis_external_benchmarking_cohort_brca_breast_diagnostic_primary_diagnosis_patch,External_benchmarking_cohort,0.853716076959013,0.918073493978952,published_benchmark_result,mi_zero_pubmedbert,breakhis,Yes,D1_no_detected_evidence_or_insufficient_disclosure,D_incomplete_or_ambiguous_disclosure,No detected evidence; independence cannot be assumed.
beit3-L16,breakhis_external_benchmarking_cohort_brca_breast_diagnostic_primary_diagnosis_patch,External_benchmarking_cohort,0.830284841907657,0.856319017633997,published_benchmark_result,beit_3_l16,breakhis,Yes,D1_no_detected_evidence_or_insufficient_disclosure,D_incomplete_or_ambiguous_disclosure,No detected evidence; independence cannot be assumed.
Blip-B16-14M,breakhis_external_benchmarking_cohort_brca_breast_diagnostic_primary_diagnosis_patch,External_benchmarking_cohort,0.427846005312967,0.596420320393077,published_benchmark_result,blip_b16_14m,breakhis,Yes,D1_no_detected_evidence_or_insufficient_disclosure,D_incomplete_or_ambiguous_disclosure,No detected evidence; independence cannot be assumed.
Align-base,breakhis_external_benchmarking_cohort_brca_breast_diagnostic_primary_diagnosis_patch,External_benchmarking_cohort,0.775876848945022,0.859983726109411,published_benchmark_result,align_base,breakhis,Yes,D1_no_detected_evidence_or_insufficient_disclosure,D_incomplete_or_ambiguous_disclosure,No detected evidence; independence cannot be assumed.
cTranspath,lung_hist_ood2_out_of_domain_lung_lung_diagnostic_histologic_subtyping_slide,Out of Domain,0.845656058688694,0.7260434,published_benchmark_result,ctranspath,,No,D1_no_detected_evidence_or_insufficient_disclosure,D_incomplete_or_ambiguous_disclosure,Benchmark dataset label is too coarse or exposure evidence is incomplete; independence cannot be assumed.
GPFM,lung_hist_ood2_out_of_domain_lung_lung_diagnostic_histologic_subtyping_slide,Out of Domain,0.84258242994665,0.7312057,published_benchmark_result,gpfm,,No,D1_no_detected_evidence_or_insufficient_disclosure,D_incomplete_or_ambiguous_disclosure,Benchmark dataset label is too coarse or exposure evidence is incomplete; independence cannot be assumed.
mizero bioclinicalbert,lung_hist_ood2_out_of_domain_lung_lung_diagnostic_histologic_subtyping_slide,Out of Domain,0.844694432582557,0.724136,published_benchmark_result,mi_zero_clinicalbert,,No,D1_no_detected_evidence_or_insufficient_disclosure,D_incomplete_or_ambiguous_disclosure,Benchmark dataset label is too coarse or exposure evidence is incomplete; independence cannot be assumed.
mizero pubmedbert,lung_hist_ood2_out_of_domain_lung_lung_diagnostic_histologic_subtyping_slide,Out of Domain,0.839138193299552,0.7347213,published_benchmark_result,mi_zero_pubmedbert,,No,D1_no_detected_evidence_or_insufficient_disclosure,D_incomplete_or_ambiguous_disclosure,Benchmark dataset label is too coarse or exposure evidence is incomplete; independence cannot be assumed.
beit3-L16,lung_hist_ood2_out_of_domain_lung_lung_diagnostic_histologic_subtyping_slide,Out of Domain,0.872421705804148,0.7910428,published_benchmark_result,beit_3_l16,,No,D1_no_detected_evidence_or_insufficient_disclosure,D_incomplete_or_ambiguous_disclosure,Benchmark dataset label is too coarse or exposure evidence is incomplete; independence cannot be assumed.
Blip-B16-14M,lung_hist_ood2_out_of_domain_lung_lung_diagnostic_histologic_subtyping_slide,Out of Domain,0.647272638772637,0.5510384,published_benchmark_result,blip_b16_14m,,No,D1_no_detected_evidence_or_insufficient_disclosure,D_incomplete_or_ambiguous_disclosure,Benchmark dataset label is too coarse or exposure evidence is incomplete; independence cannot be assumed.
Align-base,lung_hist_ood2_out_of_domain_lung_lung_diagnostic_histologic_subtyping_slide,Out of Domain,0.842041473568235,0.7558167,published_benchmark_result,align_base,,No,D1_no_detected_evidence_or_insufficient_disclosure,D_incomplete_or_ambiguous_disclosure,Benchmark dataset label is too coarse or exposure evidence is incomplete; independence cannot be assumed.
cTranspath,lc25000_external_benchmarking_cohort_pan_cancer_pan_cancer_diagnostic_primary_diagnosis_and_histologic_subtyping_patch,External_benchmarking_cohort,0.9988261906086,0.9954388,published_benchmark_result,ctranspath,lc25000,Yes,D1_no_detected_evidence_or_insufficient_disclosure,D_incomplete_or_ambiguous_disclosure,No detected evidence; independence cannot be assumed.
GPFM,lc25000_external_benchmarking_cohort_pan_cancer_pan_cancer_diagnostic_primary_diagnosis_and_histologic_subtyping_patch,External_benchmarking_cohort,0.999927814539112,0.999715,published_benchmark_result,gpfm,lc25000,Yes,D1_no_detected_evidence_or_insufficient_disclosure,D_incomplete_or_ambiguous_disclosure,No detected evidence; independence cannot be assumed.
mizero bioclinicalbert,lc25000_external_benchmarking_cohort_pan_cancer_pan_cancer_diagnostic_primary_diagnosis_and_histologic_subtyping_patch,External_benchmarking_cohort,0.998870095011791,0.9956163,published_benchmark_result,mi_zero_clinicalbert,lc25000,Yes,D1_no_detected_evidence_or_insufficient_disclosure,D_incomplete_or_ambiguous_disclosure,No detected evidence; independence cannot be assumed.
mizero pubmedbert,lc25000_external_benchmarking_cohort_pan_cancer_pan_cancer_diagnostic_primary_diagnosis_and_histologic_subtyping_patch,External_benchmarking_cohort,0.998756642311258,0.9951937,published_benchmark_result,mi_zero_pubmedbert,lc25000,Yes,D1_no_detected_evidence_or_insufficient_disclosure,D_incomplete_or_ambiguous_disclosure,No detected evidence; independence cannot be assumed.
beit3-L16,lc25000_external_benchmarking_cohort_pan_cancer_pan_cancer_diagnostic_primary_diagnosis_and_histologic_subtyping_patch,External_benchmarking_cohort,0.99752090185977,0.9864004,published_benchmark_result,beit_3_l16,lc25000,Yes,D1_no_detected_evidence_or_insufficient_disclosure,D_incomplete_or_ambiguous_disclosure,No detected evidence; independence cannot be assumed.
Blip-B16-14M,lc25000_external_benchmarking_cohort_pan_cancer_pan_cancer_diagnostic_primary_diagnosis_and_histologic_subtyping_patch,External_benchmarking_cohort,0.525288234492196,0.2194424,published_benchmark_result,blip_b16_14m,lc25000,Yes,D1_no_detected_evidence_or_insufficient_disclosure,D_incomplete_or_ambiguous_disclosure,No detected evidence; independence cannot be assumed.
Align-base,lc25000_external_benchmarking_cohort_pan_cancer_pan_cancer_diagnostic_primary_diagnosis_and_histologic_subtyping_patch,External_benchmarking_cohort,0.982457109270924,0.9366035,published_benchmark_result,align_base,lc25000,Yes,D1_no_detected_evidence_or_insufficient_disclosure,D_incomplete_or_ambiguous_disclosure,No detected evidence; independence cannot be assumed.
cTranspath,mhist_external_benchmarking_cohort_coad_colon_diagnostic_histologic_subtyping_patch,External_benchmarking_cohort,0.656522284462367,0.445795128231883,published_benchmark_result,ctranspath,mhist,Yes,D1_no_detected_evidence_or_insufficient_disclosure,D_incomplete_or_ambiguous_disclosure,No detected evidence; independence cannot be assumed.
GPFM,mhist_external_benchmarking_cohort_coad_colon_diagnostic_histologic_subtyping_patch,External_benchmarking_cohort,0.805724384182645,0.687299631570342,published_benchmark_result,gpfm,mhist,Yes,D1_no_detected_evidence_or_insufficient_disclosure,D_incomplete_or_ambiguous_disclosure,No detected evidence; independence cannot be assumed.
mizero bioclinicalbert,mhist_external_benchmarking_cohort_coad_colon_diagnostic_histologic_subtyping_patch,External_benchmarking_cohort,0.685617132356693,0.479392762093119,published_benchmark_result,mi_zero_clinicalbert,mhist,Yes,D1_no_detected_evidence_or_insufficient_disclosure,D_incomplete_or_ambiguous_disclosure,No detected evidence; independence cannot be assumed.
mizero pubmedbert,mhist_external_benchmarking_cohort_coad_colon_diagnostic_histologic_subtyping_patch,External_benchmarking_cohort,0.680504296164871,0.492121254141882,published_benchmark_result,mi_zero_pubmedbert,mhist,Yes,D1_no_detected_evidence_or_insufficient_disclosure,D_incomplete_or_ambiguous_disclosure,No detected evidence; independence cannot be assumed.
beit3-L16,mhist_external_benchmarking_cohort_coad_colon_diagnostic_histologic_subtyping_patch,External_benchmarking_cohort,0.832598055954471,0.691840755019037,published_benchmark_result,beit_3_l16,mhist,Yes,D1_no_detected_evidence_or_insufficient_disclosure,D_incomplete_or_ambiguous_disclosure,No detected evidence; independence cannot be assumed.
Blip-B16-14M,mhist_external_benchmarking_cohort_coad_colon_diagnostic_histologic_subtyping_patch,External_benchmarking_cohort,0.41360905640982,0.326838611674372,published_benchmark_result,blip_b16_14m,mhist,Yes,D1_no_detected_evidence_or_insufficient_disclosure,D_incomplete_or_ambiguous_disclosure,No detected evidence; independence cannot be assumed.
Align-base,mhist_external_benchmarking_cohort_coad_colon_diagnostic_histologic_subtyping_patch,External_benchmarking_cohort,0.665059685185829,0.49669444445855,published_benchmark_result,align_base,mhist,Yes,D1_no_detected_evidence_or_insufficient_disclosure,D_incomplete_or_ambiguous_disclosure,No detected evidence; independence cannot be assumed.
cTranspath,nct_crc_he_external_benchmarking_cohort_coad_colon_diagnostic_tissue_type_classification_patch,External_benchmarking_cohort,0.994880012508332,0.9582108,published_benchmark_result,ctranspath,nct_crc_he_100k,Yes,D1_no_detected_evidence_or_insufficient_disclosure,D_incomplete_or_ambiguous_disclosure,No detected evidence; independence cannot be assumed.
GPFM,nct_crc_he_external_benchmarking_cohort_coad_colon_diagnostic_tissue_type_classification_patch,External_benchmarking_cohort,0.997464098738838,0.9689272,published_benchmark_result,gpfm,nct_crc_he_100k,Yes,D1_no_detected_evidence_or_insufficient_disclosure,D_incomplete_or_ambiguous_disclosure,No detected evidence; independence cannot be assumed.
mizero bioclinicalbert,nct_crc_he_external_benchmarking_cohort_coad_colon_diagnostic_tissue_type_classification_patch,External_benchmarking_cohort,0.996151176078467,0.9527836,published_benchmark_result,mi_zero_clinicalbert,nct_crc_he_100k,Yes,D1_no_detected_evidence_or_insufficient_disclosure,D_incomplete_or_ambiguous_disclosure,No detected evidence; independence cannot be assumed.
mizero pubmedbert,nct_crc_he_external_benchmarking_cohort_coad_colon_diagnostic_tissue_type_classification_patch,External_benchmarking_cohort,0.996470125975313,0.9573451,published_benchmark_result,mi_zero_pubmedbert,nct_crc_he_100k,Yes,D1_no_detected_evidence_or_insufficient_disclosure,D_incomplete_or_ambiguous_disclosure,No detected evidence; independence cannot be assumed.
beit3-L16,nct_crc_he_external_benchmarking_cohort_coad_colon_diagnostic_tissue_type_classification_patch,External_benchmarking_cohort,0.970406042900426,0.8573799,published_benchmark_result,beit_3_l16,nct_crc_he_100k,Yes,D1_no_detected_evidence_or_insufficient_disclosure,D_incomplete_or_ambiguous_disclosure,No detected evidence; independence cannot be assumed.
Blip-B16-14M,nct_crc_he_external_benchmarking_cohort_coad_colon_diagnostic_tissue_type_classification_patch,External_benchmarking_cohort,0.787680488410058,0.4072468,published_benchmark_result,blip_b16_14m,nct_crc_he_100k,Yes,D1_no_detected_evidence_or_insufficient_disclosure,D_incomplete_or_ambiguous_disclosure,No detected evidence; independence cannot be assumed.
Align-base,nct_crc_he_external_benchmarking_cohort_coad_colon_diagnostic_tissue_type_classification_patch,External_benchmarking_cohort,0.951246317396185,0.7400841,published_benchmark_result,align_base,nct_crc_he_100k,Yes,D1_no_detected_evidence_or_insufficient_disclosure,D_incomplete_or_ambiguous_disclosure,No detected evidence; independence cannot be assumed.
cTranspath,sicapv2_external_benchmarking_cohort_prad_prostate_diagnostic_primary_diagnosis_and_tumor_grading_patch,External_benchmarking_cohort,0.880330939203276,0.7224082,published_benchmark_result,ctranspath,sicapv2,Yes,D1_no_detected_evidence_or_insufficient_disclosure,D_incomplete_or_ambiguous_disclosure,No detected evidence; independence cannot be assumed.
GPFM,sicapv2_external_benchmarking_cohort_prad_prostate_diagnostic_primary_diagnosis_and_tumor_grading_patch,External_benchmarking_cohort,0.926592152661504,0.7974977,published_benchmark_result,gpfm,sicapv2,Yes,D1_no_detected_evidence_or_insufficient_disclosure,D_incomplete_or_ambiguous_disclosure,No detected evidence; independence cannot be assumed.
mizero bioclinicalbert,sicapv2_external_benchmarking_cohort_prad_prostate_diagnostic_primary_diagnosis_and_tumor_grading_patch,External_benchmarking_cohort,0.905516875040224,0.7634706,published_benchmark_result,mi_zero_clinicalbert,sicapv2,Yes,D1_no_detected_evidence_or_insufficient_disclosure,D_incomplete_or_ambiguous_disclosure,No detected evidence; independence cannot be assumed.
mizero pubmedbert,sicapv2_external_benchmarking_cohort_prad_prostate_diagnostic_primary_diagnosis_and_tumor_grading_patch,External_benchmarking_cohort,0.906581916802638,0.7721818,published_benchmark_result,mi_zero_pubmedbert,sicapv2,Yes,D1_no_detected_evidence_or_insufficient_disclosure,D_incomplete_or_ambiguous_disclosure,No detected evidence; independence cannot be assumed.
beit3-L16,sicapv2_external_benchmarking_cohort_prad_prostate_diagnostic_primary_diagnosis_and_tumor_grading_patch,External_benchmarking_cohort,0.838752387152312,0.5796502,published_benchmark_result,beit_3_l16,sicapv2,Yes,D1_no_detected_evidence_or_insufficient_disclosure,D_incomplete_or_ambiguous_disclosure,No detected evidence; independence cannot be assumed.
Blip-B16-14M,sicapv2_external_benchmarking_cohort_prad_prostate_diagnostic_primary_diagnosis_and_tumor_grading_patch,External_benchmarking_cohort,0.6997930675482,0.4351846,published_benchmark_result,blip_b16_14m,sicapv2,Yes,D1_no_detected_evidence_or_insufficient_disclosure,D_incomplete_or_ambiguous_disclosure,No detected evidence; independence cannot be assumed.
Align-base,sicapv2_external_benchmarking_cohort_prad_prostate_diagnostic_primary_diagnosis_and_tumor_grading_patch,External_benchmarking_cohort,0.750179721255917,0.4950115,published_benchmark_result,align_base,sicapv2,Yes,D1_no_detected_evidence_or_insufficient_disclosure,D_incomplete_or_ambiguous_disclosure,No detected evidence; independence cannot be assumed.
cTranspath,unitopatho_external_benchmarking_cohort_coad_colon_diagnostic_primary_diagnosis_patch,External_benchmarking_cohort,0.741469501806199,0.2917921,published_benchmark_result,ctranspath,unitopatho,Yes,D1_no_detected_evidence_or_insufficient_disclosure,D_incomplete_or_ambiguous_disclosure,No detected evidence; independence cannot be assumed.
GPFM,unitopatho_external_benchmarking_cohort_coad_colon_diagnostic_primary_diagnosis_patch,External_benchmarking_cohort,0.807997989577492,0.4766702,published_benchmark_result,gpfm,unitopatho,Yes,D1_no_detected_evidence_or_insufficient_disclosure,D_incomplete_or_ambiguous_disclosure,No detected evidence; independence cannot be assumed.
mizero bioclinicalbert,unitopatho_external_benchmarking_cohort_coad_colon_diagnostic_primary_diagnosis_patch,External_benchmarking_cohort,0.803981392011716,0.3698361,published_benchmark_result,mi_zero_clinicalbert,unitopatho,Yes,D1_no_detected_evidence_or_insufficient_disclosure,D_incomplete_or_ambiguous_disclosure,No detected evidence; independence cannot be assumed.
mizero pubmedbert,unitopatho_external_benchmarking_cohort_coad_colon_diagnostic_primary_diagnosis_patch,External_benchmarking_cohort,0.79710224634043,0.3621701,published_benchmark_result,mi_zero_pubmedbert,unitopatho,Yes,D1_no_detected_evidence_or_insufficient_disclosure,D_incomplete_or_ambiguous_disclosure,No detected evidence; independence cannot be assumed.
beit3-L16,unitopatho_external_benchmarking_cohort_coad_colon_diagnostic_primary_diagnosis_patch,External_benchmarking_cohort,0.751079847570566,0.3591766,published_benchmark_result,beit_3_l16,unitopatho,Yes,D1_no_detected_evidence_or_insufficient_disclosure,D_incomplete_or_ambiguous_disclosure,No detected evidence; independence cannot be assumed.
Blip-B16-14M,unitopatho_external_benchmarking_cohort_coad_colon_diagnostic_primary_diagnosis_patch,External_benchmarking_cohort,0.486509671997258,0.1643526,published_benchmark_result,blip_b16_14m,unitopatho,Yes,D1_no_detected_evidence_or_insufficient_disclosure,D_incomplete_or_ambiguous_disclosure,No detected evidence; independence cannot be assumed.
Align-base,unitopatho_external_benchmarking_cohort_coad_colon_diagnostic_primary_diagnosis_patch,External_benchmarking_cohort,0.660566770074862,0.2722887,published_benchmark_result,align_base,unitopatho,Yes,D1_no_detected_evidence_or_insufficient_disclosure,D_incomplete_or_ambiguous_disclosure,No detected evidence; independence cannot be assumed.
cTranspath,erg_status_tcga_prad_prostate_biomarker_status_prediction_slide,TCGA,0.557263832460429,0.579730329779935,published_benchmark_result,ctranspath,tcga,Yes,D3_exact_dataset_exposure,B_explicit_primary_source_statement,The named evaluation dataset is reported in model development; independence cannot be assumed.
GPFM,erg_status_tcga_prad_prostate_biomarker_status_prediction_slide,TCGA,0.739085104153127,0.774588011183111,published_benchmark_result,gpfm,tcga,Yes,D1_no_detected_evidence_or_insufficient_disclosure,D_incomplete_or_ambiguous_disclosure,No detected evidence; independence cannot be assumed.
mizero bioclinicalbert,erg_status_tcga_prad_prostate_biomarker_status_prediction_slide,TCGA,0.587708734108304,0.628081544942391,published_benchmark_result,mi_zero_clinicalbert,tcga,Yes,D1_no_detected_evidence_or_insufficient_disclosure,D_incomplete_or_ambiguous_disclosure,No detected evidence; independence cannot be assumed.
mizero pubmedbert,erg_status_tcga_prad_prostate_biomarker_status_prediction_slide,TCGA,0.599483254126159,0.648355036429052,published_benchmark_result,mi_zero_pubmedbert,tcga,Yes,D1_no_detected_evidence_or_insufficient_disclosure,D_incomplete_or_ambiguous_disclosure,No detected evidence; independence cannot be assumed.
beit3-L16,erg_status_tcga_prad_prostate_biomarker_status_prediction_slide,TCGA,0.653561498375394,0.681844233878354,published_benchmark_result,beit_3_l16,tcga,Yes,D1_no_detected_evidence_or_insufficient_disclosure,D_incomplete_or_ambiguous_disclosure,No detected evidence; independence cannot be assumed.
Blip-B16-14M,erg_status_tcga_prad_prostate_biomarker_status_prediction_slide,TCGA,0.545435615536041,0.571043487749143,published_benchmark_result,blip_b16_14m,tcga,Yes,D1_no_detected_evidence_or_insufficient_disclosure,D_incomplete_or_ambiguous_disclosure,No detected evidence; independence cannot be assumed.
Align-base,erg_status_tcga_prad_prostate_biomarker_status_prediction_slide,TCGA,0.490656490848676,0.5182337846558,published_benchmark_result,align_base,tcga,Yes,D1_no_detected_evidence_or_insufficient_disclosure,D_incomplete_or_ambiguous_disclosure,No detected evidence; independence cannot be assumed.
cTranspath,prad_mrna_cluster_tcga_prad_prostate_gene_expression_subtype_prediction_slide,TCGA,0.64003496768198,0.5147475,published_benchmark_result,ctranspath,tcga,Yes,D3_exact_dataset_exposure,B_explicit_primary_source_statement,The named evaluation dataset is reported in model development; independence cannot be assumed.
GPFM,prad_mrna_cluster_tcga_prad_prostate_gene_expression_subtype_prediction_slide,TCGA,0.79504499001225,0.6821147,published_benchmark_result,gpfm,tcga,Yes,D1_no_detected_evidence_or_insufficient_disclosure,D_incomplete_or_ambiguous_disclosure,No detected evidence; independence cannot be assumed.
mizero bioclinicalbert,prad_mrna_cluster_tcga_prad_prostate_gene_expression_subtype_prediction_slide,TCGA,0.662698553679058,0.5238673,published_benchmark_result,mi_zero_clinicalbert,tcga,Yes,D1_no_detected_evidence_or_insufficient_disclosure,D_incomplete_or_ambiguous_disclosure,No detected evidence; independence cannot be assumed.
mizero pubmedbert,prad_mrna_cluster_tcga_prad_prostate_gene_expression_subtype_prediction_slide,TCGA,0.648468945863519,0.5152643,published_benchmark_result,mi_zero_pubmedbert,tcga,Yes,D1_no_detected_evidence_or_insufficient_disclosure,D_incomplete_or_ambiguous_disclosure,No detected evidence; independence cannot be assumed.
beit3-L16,prad_mrna_cluster_tcga_prad_prostate_gene_expression_subtype_prediction_slide,TCGA,0.726410943946962,0.56776,published_benchmark_result,beit_3_l16,tcga,Yes,D1_no_detected_evidence_or_insufficient_disclosure,D_incomplete_or_ambiguous_disclosure,No detected evidence; independence cannot be assumed.
Blip-B16-14M,prad_mrna_cluster_tcga_prad_prostate_gene_expression_subtype_prediction_slide,TCGA,0.505339839463436,0.3810385,published_benchmark_result,blip_b16_14m,tcga,Yes,D1_no_detected_evidence_or_insufficient_disclosure,D_incomplete_or_ambiguous_disclosure,No detected evidence; independence cannot be assumed.
Align-base,prad_mrna_cluster_tcga_prad_prostate_gene_expression_subtype_prediction_slide,TCGA,0.585076956788665,0.4266722,published_benchmark_result,align_base,tcga,Yes,D1_no_detected_evidence_or_insufficient_disclosure,D_incomplete_or_ambiguous_disclosure,No detected evidence; independence cannot be assumed.
cTranspath,lung_exp_subtype_tcga_lusc_luad_lung_gene_expression_subtype_prediction_slide,TCGA,0.734160780224586,0.4420413,published_benchmark_result,ctranspath,tcga,Yes,D3_exact_dataset_exposure,B_explicit_primary_source_statement,The named evaluation dataset is reported in model development; independence cannot be assumed.
GPFM,lung_exp_subtype_tcga_lusc_luad_lung_gene_expression_subtype_prediction_slide,TCGA,0.909066998432918,0.7441631,published_benchmark_result,gpfm,tcga,Yes,D1_no_detected_evidence_or_insufficient_disclosure,D_incomplete_or_ambiguous_disclosure,No detected evidence; independence cannot be assumed.
mizero bioclinicalbert,lung_exp_subtype_tcga_lusc_luad_lung_gene_expression_subtype_prediction_slide,TCGA,0.792315698036611,0.5032041,published_benchmark_result,mi_zero_clinicalbert,tcga,Yes,D1_no_detected_evidence_or_insufficient_disclosure,D_incomplete_or_ambiguous_disclosure,No detected evidence; independence cannot be assumed.
mizero pubmedbert,lung_exp_subtype_tcga_lusc_luad_lung_gene_expression_subtype_prediction_slide,TCGA,0.800955274373276,0.5151531,published_benchmark_result,mi_zero_pubmedbert,tcga,Yes,D1_no_detected_evidence_or_insufficient_disclosure,D_incomplete_or_ambiguous_disclosure,No detected evidence; independence cannot be assumed.
beit3-L16,lung_exp_subtype_tcga_lusc_luad_lung_gene_expression_subtype_prediction_slide,TCGA,0.84181527722292,0.6144593,published_benchmark_result,beit_3_l16,tcga,Yes,D1_no_detected_evidence_or_insufficient_disclosure,D_incomplete_or_ambiguous_disclosure,No detected evidence; independence cannot be assumed.
Blip-B16-14M,lung_exp_subtype_tcga_lusc_luad_lung_gene_expression_subtype_prediction_slide,TCGA,0.687127590362256,0.375755,published_benchmark_result,blip_b16_14m,tcga,Yes,D1_no_detected_evidence_or_insufficient_disclosure,D_incomplete_or_ambiguous_disclosure,No detected evidence; independence cannot be assumed.
Align-base,lung_exp_subtype_tcga_lusc_luad_lung_gene_expression_subtype_prediction_slide,TCGA,0.721873834560763,0.4323333,published_benchmark_result,align_base,tcga,Yes,D1_no_detected_evidence_or_insufficient_disclosure,D_incomplete_or_ambiguous_disclosure,No detected evidence; independence cannot be assumed.
cTranspath,lusc_vs_luad_tcga_lusc_luad_lung_diagnostic_histologic_subtyping_slide,TCGA,0.860769394626937,0.84686614747916,published_benchmark_result,ctranspath,tcga,Yes,D3_exact_dataset_exposure,B_explicit_primary_source_statement,The named evaluation dataset is reported in model development; independence cannot be assumed.
GPFM,lusc_vs_luad_tcga_lusc_luad_lung_diagnostic_histologic_subtyping_slide,TCGA,0.951898458299734,0.948867155768398,published_benchmark_result,gpfm,tcga,Yes,D1_no_detected_evidence_or_insufficient_disclosure,D_incomplete_or_ambiguous_disclosure,No detected evidence; independence cannot be assumed.
mizero bioclinicalbert,lusc_vs_luad_tcga_lusc_luad_lung_diagnostic_histologic_subtyping_slide,TCGA,0.897697137343332,0.884711606427505,published_benchmark_result,mi_zero_clinicalbert,tcga,Yes,D1_no_detected_evidence_or_insufficient_disclosure,D_incomplete_or_ambiguous_disclosure,No detected evidence; independence cannot be assumed.
mizero pubmedbert,lusc_vs_luad_tcga_lusc_luad_lung_diagnostic_histologic_subtyping_slide,TCGA,0.907010652224924,0.883410118451938,published_benchmark_result,mi_zero_pubmedbert,tcga,Yes,D1_no_detected_evidence_or_insufficient_disclosure,D_incomplete_or_ambiguous_disclosure,No detected evidence; independence cannot be assumed.
beit3-L16,lusc_vs_luad_tcga_lusc_luad_lung_diagnostic_histologic_subtyping_slide,TCGA,0.918102385399177,0.906734984591677,published_benchmark_result,beit_3_l16,tcga,Yes,D1_no_detected_evidence_or_insufficient_disclosure,D_incomplete_or_ambiguous_disclosure,No detected evidence; independence cannot be assumed.
Blip-B16-14M,lusc_vs_luad_tcga_lusc_luad_lung_diagnostic_histologic_subtyping_slide,TCGA,0.527095751827348,0.505931168496319,published_benchmark_result,blip_b16_14m,tcga,Yes,D1_no_detected_evidence_or_insufficient_disclosure,D_incomplete_or_ambiguous_disclosure,No detected evidence; independence cannot be assumed.
Align-base,lusc_vs_luad_tcga_lusc_luad_lung_diagnostic_histologic_subtyping_slide,TCGA,0.794315105549046,0.764537183753119,published_benchmark_result,align_base,tcga,Yes,D1_no_detected_evidence_or_insufficient_disclosure,D_incomplete_or_ambiguous_disclosure,No detected evidence; independence cannot be assumed.
cTranspath,cptac_myc_cptac_pan_cancer_pan_cancer_pathway_activation_status_prediction_slide,CPTAC,0.755155616567066,0.713521322040424,published_benchmark_result,ctranspath,cptac,Yes,D1_no_detected_evidence_or_insufficient_disclosure,D_incomplete_or_ambiguous_disclosure,No detected evidence; independence cannot be assumed.
GPFM,cptac_myc_cptac_pan_cancer_pan_cancer_pathway_activation_status_prediction_slide,CPTAC,0.827840424593218,0.820218013609426,published_benchmark_result,gpfm,cptac,Yes,D1_no_detected_evidence_or_insufficient_disclosure,D_incomplete_or_ambiguous_disclosure,No detected evidence; independence cannot be assumed.
mizero bioclinicalbert,cptac_myc_cptac_pan_cancer_pan_cancer_pathway_activation_status_prediction_slide,CPTAC,0.771011325426472,0.735373817295633,published_benchmark_result,mi_zero_clinicalbert,cptac,Yes,D1_no_detected_evidence_or_insufficient_disclosure,D_incomplete_or_ambiguous_disclosure,No detected evidence; independence cannot be assumed.
mizero pubmedbert,cptac_myc_cptac_pan_cancer_pan_cancer_pathway_activation_status_prediction_slide,CPTAC,0.779254158899462,0.757795486742371,published_benchmark_result,mi_zero_pubmedbert,cptac,Yes,D1_no_detected_evidence_or_insufficient_disclosure,D_incomplete_or_ambiguous_disclosure,No detected evidence; independence cannot be assumed.
beit3-L16,cptac_myc_cptac_pan_cancer_pan_cancer_pathway_activation_status_prediction_slide,CPTAC,0.804808849240723,0.772398188770824,published_benchmark_result,beit_3_l16,cptac,Yes,D1_no_detected_evidence_or_insufficient_disclosure,D_incomplete_or_ambiguous_disclosure,No detected evidence; independence cannot be assumed.
Blip-B16-14M,cptac_myc_cptac_pan_cancer_pan_cancer_pathway_activation_status_prediction_slide,CPTAC,0.640790039843997,0.593195275720378,published_benchmark_result,blip_b16_14m,cptac,Yes,D1_no_detected_evidence_or_insufficient_disclosure,D_incomplete_or_ambiguous_disclosure,No detected evidence; independence cannot be assumed.
Align-base,cptac_myc_cptac_pan_cancer_pan_cancer_pathway_activation_status_prediction_slide,CPTAC,0.661857413973972,0.616291721152236,published_benchmark_result,align_base,cptac,Yes,D1_no_detected_evidence_or_insufficient_disclosure,D_incomplete_or_ambiguous_disclosure,No detected evidence; independence cannot be assumed.
cTranspath,chrom_cptac_pan_cancer_pan_cancer_pathway_activation_status_prediction_slide,CPTAC,0.728270731746755,0.737435934858414,published_benchmark_result,ctranspath,cptac,Yes,D1_no_detected_evidence_or_insufficient_disclosure,D_incomplete_or_ambiguous_disclosure,No detected evidence; independence cannot be assumed.
GPFM,chrom_cptac_pan_cancer_pan_cancer_pathway_activation_status_prediction_slide,CPTAC,0.789363330615378,0.788217657599424,published_benchmark_result,gpfm,cptac,Yes,D1_no_detected_evidence_or_insufficient_disclosure,D_incomplete_or_ambiguous_disclosure,No detected evidence; independence cannot be assumed.
mizero bioclinicalbert,chrom_cptac_pan_cancer_pan_cancer_pathway_activation_status_prediction_slide,CPTAC,0.701067885102533,0.719360648136974,published_benchmark_result,mi_zero_clinicalbert,cptac,Yes,D1_no_detected_evidence_or_insufficient_disclosure,D_incomplete_or_ambiguous_disclosure,No detected evidence; independence cannot be assumed.
mizero pubmedbert,chrom_cptac_pan_cancer_pan_cancer_pathway_activation_status_prediction_slide,CPTAC,0.704684393804632,0.728008375048334,published_benchmark_result,mi_zero_pubmedbert,cptac,Yes,D1_no_detected_evidence_or_insufficient_disclosure,D_incomplete_or_ambiguous_disclosure,No detected evidence; independence cannot be assumed.
beit3-L16,chrom_cptac_pan_cancer_pan_cancer_pathway_activation_status_prediction_slide,CPTAC,0.781553809594088,0.77473438436356,published_benchmark_result,beit_3_l16,cptac,Yes,D1_no_detected_evidence_or_insufficient_disclosure,D_incomplete_or_ambiguous_disclosure,No detected evidence; independence cannot be assumed.
Blip-B16-14M,chrom_cptac_pan_cancer_pan_cancer_pathway_activation_status_prediction_slide,CPTAC,0.602199181860067,0.579014618744933,published_benchmark_result,blip_b16_14m,cptac,Yes,D1_no_detected_evidence_or_insufficient_disclosure,D_incomplete_or_ambiguous_disclosure,No detected evidence; independence cannot be assumed.
Align-base,chrom_cptac_pan_cancer_pan_cancer_pathway_activation_status_prediction_slide,CPTAC,0.701385710009969,0.687256935882582,published_benchmark_result,align_base,cptac,Yes,D1_no_detected_evidence_or_insufficient_disclosure,D_incomplete_or_ambiguous_disclosure,No detected evidence; independence cannot be assumed.
cTranspath,cptac_grade_cptac_pan_cancer_pan_cancer_diagnostic_tumor_grading_slide,CPTAC,0.725707737272799,0.5390816,published_benchmark_result,ctranspath,cptac,Yes,D1_no_detected_evidence_or_insufficient_disclosure,D_incomplete_or_ambiguous_disclosure,No detected evidence; independence cannot be assumed.
GPFM,cptac_grade_cptac_pan_cancer_pan_cancer_diagnostic_tumor_grading_slide,CPTAC,0.770203376399392,0.5828615,published_benchmark_result,gpfm,cptac,Yes,D1_no_detected_evidence_or_insufficient_disclosure,D_incomplete_or_ambiguous_disclosure,No detected evidence; independence cannot be assumed.
mizero bioclinicalbert,cptac_grade_cptac_pan_cancer_pan_cancer_diagnostic_tumor_grading_slide,CPTAC,0.69709507108079,0.4721052,published_benchmark_result,mi_zero_clinicalbert,cptac,Yes,D1_no_detected_evidence_or_insufficient_disclosure,D_incomplete_or_ambiguous_disclosure,No detected evidence; independence cannot be assumed.
mizero pubmedbert,cptac_grade_cptac_pan_cancer_pan_cancer_diagnostic_tumor_grading_slide,CPTAC,0.711851255378601,0.507152,published_benchmark_result,mi_zero_pubmedbert,cptac,Yes,D1_no_detected_evidence_or_insufficient_disclosure,D_incomplete_or_ambiguous_disclosure,No detected evidence; independence cannot be assumed.
beit3-L16,cptac_grade_cptac_pan_cancer_pan_cancer_diagnostic_tumor_grading_slide,CPTAC,0.709925141996832,0.4914377,published_benchmark_result,beit_3_l16,cptac,Yes,D1_no_detected_evidence_or_insufficient_disclosure,D_incomplete_or_ambiguous_disclosure,No detected evidence; independence cannot be assumed.
Blip-B16-14M,cptac_grade_cptac_pan_cancer_pan_cancer_diagnostic_tumor_grading_slide,CPTAC,0.620806642043612,0.4291247,published_benchmark_result,blip_b16_14m,cptac,Yes,D1_no_detected_evidence_or_insufficient_disclosure,D_incomplete_or_ambiguous_disclosure,No detected evidence; independence cannot be assumed.
Align-base,cptac_grade_cptac_pan_cancer_pan_cancer_diagnostic_tumor_grading_slide,CPTAC,0.667367513131782,0.4477656,published_benchmark_result,align_base,cptac,Yes,D1_no_detected_evidence_or_insufficient_disclosure,D_incomplete_or_ambiguous_disclosure,No detected evidence; independence cannot be assumed.
cTranspath,tumor_label_cptac_pan_cancer_pan_cancer_diagnostic_histologic_subtyping_slide,CPTAC,0.941337417484728,0.7961709,published_benchmark_result,ctranspath,cptac,Yes,D1_no_detected_evidence_or_insufficient_disclosure,D_incomplete_or_ambiguous_disclosure,No detected evidence; independence cannot be assumed.
GPFM,tumor_label_cptac_pan_cancer_pan_cancer_diagnostic_histologic_subtyping_slide,CPTAC,0.989034099367223,0.942453,published_benchmark_result,gpfm,cptac,Yes,D1_no_detected_evidence_or_insufficient_disclosure,D_incomplete_or_ambiguous_disclosure,No detected evidence; independence cannot be assumed.
mizero bioclinicalbert,tumor_label_cptac_pan_cancer_pan_cancer_diagnostic_histologic_subtyping_slide,CPTAC,0.973139796703085,0.8754236,published_benchmark_result,mi_zero_clinicalbert,cptac,Yes,D1_no_detected_evidence_or_insufficient_disclosure,D_incomplete_or_ambiguous_disclosure,No detected evidence; independence cannot be assumed.
mizero pubmedbert,tumor_label_cptac_pan_cancer_pan_cancer_diagnostic_histologic_subtyping_slide,CPTAC,0.971633813821311,0.8785909,published_benchmark_result,mi_zero_pubmedbert,cptac,Yes,D1_no_detected_evidence_or_insufficient_disclosure,D_incomplete_or_ambiguous_disclosure,No detected evidence; independence cannot be assumed.
beit3-L16,tumor_label_cptac_pan_cancer_pan_cancer_diagnostic_histologic_subtyping_slide,CPTAC,0.979240845794921,0.9102377,published_benchmark_result,beit_3_l16,cptac,Yes,D1_no_detected_evidence_or_insufficient_disclosure,D_incomplete_or_ambiguous_disclosure,No detected evidence; independence cannot be assumed.
Blip-B16-14M,tumor_label_cptac_pan_cancer_pan_cancer_diagnostic_histologic_subtyping_slide,CPTAC,0.863034591809193,0.5288151,published_benchmark_result,blip_b16_14m,cptac,Yes,D1_no_detected_evidence_or_insufficient_disclosure,D_incomplete_or_ambiguous_disclosure,No detected evidence; independence cannot be assumed.
Align-base,tumor_label_cptac_pan_cancer_pan_cancer_diagnostic_histologic_subtyping_slide,CPTAC,0.92079434325319,0.7212383,published_benchmark_result,align_base,cptac,Yes,D1_no_detected_evidence_or_insufficient_disclosure,D_incomplete_or_ambiguous_disclosure,No detected evidence; independence cannot be assumed.
cTranspath,mtor_cptac_pan_cancer_pan_cancer_pathway_activation_status_prediction_slide,CPTAC,0.669666825299048,0.684379043936341,published_benchmark_result,ctranspath,cptac,Yes,D1_no_detected_evidence_or_insufficient_disclosure,D_incomplete_or_ambiguous_disclosure,No detected evidence; independence cannot be assumed.
GPFM,mtor_cptac_pan_cancer_pan_cancer_pathway_activation_status_prediction_slide,CPTAC,0.750090840506525,0.734881134524305,published_benchmark_result,gpfm,cptac,Yes,D1_no_detected_evidence_or_insufficient_disclosure,D_incomplete_or_ambiguous_disclosure,No detected evidence; independence cannot be assumed.
mizero bioclinicalbert,mtor_cptac_pan_cancer_pan_cancer_pathway_activation_status_prediction_slide,CPTAC,0.6853284268912,0.687566525781497,published_benchmark_result,mi_zero_clinicalbert,cptac,Yes,D1_no_detected_evidence_or_insufficient_disclosure,D_incomplete_or_ambiguous_disclosure,No detected evidence; independence cannot be assumed.
mizero pubmedbert,mtor_cptac_pan_cancer_pan_cancer_pathway_activation_status_prediction_slide,CPTAC,0.701429798661275,0.675955742035282,published_benchmark_result,mi_zero_pubmedbert,cptac,Yes,D1_no_detected_evidence_or_insufficient_disclosure,D_incomplete_or_ambiguous_disclosure,No detected evidence; independence cannot be assumed.
beit3-L16,mtor_cptac_pan_cancer_pan_cancer_pathway_activation_status_prediction_slide,CPTAC,0.725583892731133,0.710913772714685,published_benchmark_result,beit_3_l16,cptac,Yes,D1_no_detected_evidence_or_insufficient_disclosure,D_incomplete_or_ambiguous_disclosure,No detected evidence; independence cannot be assumed.
Blip-B16-14M,mtor_cptac_pan_cancer_pan_cancer_pathway_activation_status_prediction_slide,CPTAC,0.592608819603155,0.611719830786787,published_benchmark_result,blip_b16_14m,cptac,Yes,D1_no_detected_evidence_or_insufficient_disclosure,D_incomplete_or_ambiguous_disclosure,No detected evidence; independence cannot be assumed.
Align-base,mtor_cptac_pan_cancer_pan_cancer_pathway_activation_status_prediction_slide,CPTAC,0.622005015971426,0.665136899036754,published_benchmark_result,align_base,cptac,Yes,D1_no_detected_evidence_or_insufficient_disclosure,D_incomplete_or_ambiguous_disclosure,No detected evidence; independence cannot be assumed.
cTranspath,p53_cptac_pan_cancer_pan_cancer_pathway_activation_status_prediction_slide,CPTAC,0.821025088960221,0.815467153456325,published_benchmark_result,ctranspath,cptac,Yes,D1_no_detected_evidence_or_insufficient_disclosure,D_incomplete_or_ambiguous_disclosure,No detected evidence; independence cannot be assumed.
GPFM,p53_cptac_pan_cancer_pan_cancer_pathway_activation_status_prediction_slide,CPTAC,0.885786223270631,0.889744236961802,published_benchmark_result,gpfm,cptac,Yes,D1_no_detected_evidence_or_insufficient_disclosure,D_incomplete_or_ambiguous_disclosure,No detected evidence; independence cannot be assumed.
mizero bioclinicalbert,p53_cptac_pan_cancer_pan_cancer_pathway_activation_status_prediction_slide,CPTAC,0.823182566933172,0.807169280019036,published_benchmark_result,mi_zero_clinicalbert,cptac,Yes,D1_no_detected_evidence_or_insufficient_disclosure,D_incomplete_or_ambiguous_disclosure,No detected evidence; independence cannot be assumed.
mizero pubmedbert,p53_cptac_pan_cancer_pan_cancer_pathway_activation_status_prediction_slide,CPTAC,0.835746671550458,0.825627495429493,published_benchmark_result,mi_zero_pubmedbert,cptac,Yes,D1_no_detected_evidence_or_insufficient_disclosure,D_incomplete_or_ambiguous_disclosure,No detected evidence; independence cannot be assumed.
beit3-L16,p53_cptac_pan_cancer_pan_cancer_pathway_activation_status_prediction_slide,CPTAC,0.879036931904889,0.892970207878974,published_benchmark_result,beit_3_l16,cptac,Yes,D1_no_detected_evidence_or_insufficient_disclosure,D_incomplete_or_ambiguous_disclosure,No detected evidence; independence cannot be assumed.
Blip-B16-14M,p53_cptac_pan_cancer_pan_cancer_pathway_activation_status_prediction_slide,CPTAC,0.711315566430797,0.677304375810524,published_benchmark_result,blip_b16_14m,cptac,Yes,D1_no_detected_evidence_or_insufficient_disclosure,D_incomplete_or_ambiguous_disclosure,No detected evidence; independence cannot be assumed.
Align-base,p53_cptac_pan_cancer_pan_cancer_pathway_activation_status_prediction_slide,CPTAC,0.716829818830187,0.748342146308602,published_benchmark_result,align_base,cptac,Yes,D1_no_detected_evidence_or_insufficient_disclosure,D_incomplete_or_ambiguous_disclosure,No detected evidence; independence cannot be assumed.
cTranspath,swi_cptac_pan_cancer_pan_cancer_pathway_activation_status_prediction_slide,CPTAC,0.75081778004906,0.759104055522501,published_benchmark_result,ctranspath,cptac,Yes,D1_no_detected_evidence_or_insufficient_disclosure,D_incomplete_or_ambiguous_disclosure,No detected evidence; independence cannot be assumed.
GPFM,swi_cptac_pan_cancer_pan_cancer_pathway_activation_status_prediction_slide,CPTAC,0.803970832411851,0.796740382069967,published_benchmark_result,gpfm,cptac,Yes,D1_no_detected_evidence_or_insufficient_disclosure,D_incomplete_or_ambiguous_disclosure,No detected evidence; independence cannot be assumed.
mizero bioclinicalbert,swi_cptac_pan_cancer_pan_cancer_pathway_activation_status_prediction_slide,CPTAC,0.748099285532364,0.742376153259343,published_benchmark_result,mi_zero_clinicalbert,cptac,Yes,D1_no_detected_evidence_or_insufficient_disclosure,D_incomplete_or_ambiguous_disclosure,No detected evidence; independence cannot be assumed.
mizero pubmedbert,swi_cptac_pan_cancer_pan_cancer_pathway_activation_status_prediction_slide,CPTAC,0.781930785079543,0.795767225349614,published_benchmark_result,mi_zero_pubmedbert,cptac,Yes,D1_no_detected_evidence_or_insufficient_disclosure,D_incomplete_or_ambiguous_disclosure,No detected evidence; independence cannot be assumed.
beit3-L16,swi_cptac_pan_cancer_pan_cancer_pathway_activation_status_prediction_slide,CPTAC,0.75502972804149,0.750389712006357,published_benchmark_result,beit_3_l16,cptac,Yes,D1_no_detected_evidence_or_insufficient_disclosure,D_incomplete_or_ambiguous_disclosure,No detected evidence; independence cannot be assumed.
Blip-B16-14M,swi_cptac_pan_cancer_pan_cancer_pathway_activation_status_prediction_slide,CPTAC,0.654198370775757,0.616646417558416,published_benchmark_result,blip_b16_14m,cptac,Yes,D1_no_detected_evidence_or_insufficient_disclosure,D_incomplete_or_ambiguous_disclosure,No detected evidence; independence cannot be assumed.
Align-base,swi_cptac_pan_cancer_pan_cancer_pathway_activation_status_prediction_slide,CPTAC,0.706339132114937,0.717915224582202,published_benchmark_result,align_base,cptac,Yes,D1_no_detected_evidence_or_insufficient_disclosure,D_incomplete_or_ambiguous_disclosure,No detected evidence; independence cannot be assumed.
cTranspath,er_status_tcga_brca_breast_biomarker_status_prediction_slide,TCGA,0.760602997211077,0.760064322057665,published_benchmark_result,ctranspath,tcga,Yes,D3_exact_dataset_exposure,B_explicit_primary_source_statement,The named evaluation dataset is reported in model development; independence cannot be assumed.
GPFM,er_status_tcga_brca_breast_biomarker_status_prediction_slide,TCGA,0.918312971023311,0.910738024536578,published_benchmark_result,gpfm,tcga,Yes,D1_no_detected_evidence_or_insufficient_disclosure,D_incomplete_or_ambiguous_disclosure,No detected evidence; independence cannot be assumed.
mizero bioclinicalbert,er_status_tcga_brca_breast_biomarker_status_prediction_slide,TCGA,0.802073940372918,0.810152770428002,published_benchmark_result,mi_zero_clinicalbert,tcga,Yes,D1_no_detected_evidence_or_insufficient_disclosure,D_incomplete_or_ambiguous_disclosure,No detected evidence; independence cannot be assumed.
mizero pubmedbert,er_status_tcga_brca_breast_biomarker_status_prediction_slide,TCGA,0.819125179389748,0.818146960982246,published_benchmark_result,mi_zero_pubmedbert,tcga,Yes,D1_no_detected_evidence_or_insufficient_disclosure,D_incomplete_or_ambiguous_disclosure,No detected evidence; independence cannot be assumed.
beit3-L16,er_status_tcga_brca_breast_biomarker_status_prediction_slide,TCGA,0.842365345664159,0.838392278092082,published_benchmark_result,beit_3_l16,tcga,Yes,D1_no_detected_evidence_or_insufficient_disclosure,D_incomplete_or_ambiguous_disclosure,No detected evidence; independence cannot be assumed.
Blip-B16-14M,er_status_tcga_brca_breast_biomarker_status_prediction_slide,TCGA,0.700310766694022,0.704548329776337,published_benchmark_result,blip_b16_14m,tcga,Yes,D1_no_detected_evidence_or_insufficient_disclosure,D_incomplete_or_ambiguous_disclosure,No detected evidence; independence cannot be assumed.
Align-base,er_status_tcga_brca_breast_biomarker_status_prediction_slide,TCGA,0.725773828115142,0.725647942566898,published_benchmark_result,align_base,tcga,Yes,D1_no_detected_evidence_or_insufficient_disclosure,D_incomplete_or_ambiguous_disclosure,No detected evidence; independence cannot be assumed.
cTranspath,pam50_status_tcga_brca_breast_gene_expression_subtype_prediction_slide,TCGA,0.604905590339696,0.4263805,published_benchmark_result,ctranspath,tcga,Yes,D3_exact_dataset_exposure,B_explicit_primary_source_statement,The named evaluation dataset is reported in model development; independence cannot be assumed.
GPFM,pam50_status_tcga_brca_breast_gene_expression_subtype_prediction_slide,TCGA,0.763353611207512,0.5990809,published_benchmark_result,gpfm,tcga,Yes,D1_no_detected_evidence_or_insufficient_disclosure,D_incomplete_or_ambiguous_disclosure,No detected evidence; independence cannot be assumed.
mizero bioclinicalbert,pam50_status_tcga_brca_breast_gene_expression_subtype_prediction_slide,TCGA,0.65435002890762,0.4696607,published_benchmark_result,mi_zero_clinicalbert,tcga,Yes,D1_no_detected_evidence_or_insufficient_disclosure,D_incomplete_or_ambiguous_disclosure,No detected evidence; independence cannot be assumed.
mizero pubmedbert,pam50_status_tcga_brca_breast_gene_expression_subtype_prediction_slide,TCGA,0.67839103484443,0.5034561,published_benchmark_result,mi_zero_pubmedbert,tcga,Yes,D1_no_detected_evidence_or_insufficient_disclosure,D_incomplete_or_ambiguous_disclosure,No detected evidence; independence cannot be assumed.
beit3-L16,pam50_status_tcga_brca_breast_gene_expression_subtype_prediction_slide,TCGA,0.693153921128921,0.4694393,published_benchmark_result,beit_3_l16,tcga,Yes,D1_no_detected_evidence_or_insufficient_disclosure,D_incomplete_or_ambiguous_disclosure,No detected evidence; independence cannot be assumed.
Blip-B16-14M,pam50_status_tcga_brca_breast_gene_expression_subtype_prediction_slide,TCGA,0.600952822323721,0.4146998,published_benchmark_result,blip_b16_14m,tcga,Yes,D1_no_detected_evidence_or_insufficient_disclosure,D_incomplete_or_ambiguous_disclosure,No detected evidence; independence cannot be assumed.
Align-base,pam50_status_tcga_brca_breast_gene_expression_subtype_prediction_slide,TCGA,0.608578565979594,0.4110495,published_benchmark_result,align_base,tcga,Yes,D1_no_detected_evidence_or_insufficient_disclosure,D_incomplete_or_ambiguous_disclosure,No detected evidence; independence cannot be assumed.
cTranspath,pr_status_tcga_brca_breast_biomarker_status_prediction_slide,TCGA,0.624026171510824,0.5809474531758,published_benchmark_result,ctranspath,tcga,Yes,D3_exact_dataset_exposure,B_explicit_primary_source_statement,The named evaluation dataset is reported in model development; independence cannot be assumed.
GPFM,pr_status_tcga_brca_breast_biomarker_status_prediction_slide,TCGA,0.772208809256121,0.723368730029282,published_benchmark_result,gpfm,tcga,Yes,D1_no_detected_evidence_or_insufficient_disclosure,D_incomplete_or_ambiguous_disclosure,No detected evidence; independence cannot be assumed.
mizero bioclinicalbert,pr_status_tcga_brca_breast_biomarker_status_prediction_slide,TCGA,0.682618071119803,0.625395770683922,published_benchmark_result,mi_zero_clinicalbert,tcga,Yes,D1_no_detected_evidence_or_insufficient_disclosure,D_incomplete_or_ambiguous_disclosure,No detected evidence; independence cannot be assumed.
mizero pubmedbert,pr_status_tcga_brca_breast_biomarker_status_prediction_slide,TCGA,0.685511344070566,0.635158752008136,published_benchmark_result,mi_zero_pubmedbert,tcga,Yes,D1_no_detected_evidence_or_insufficient_disclosure,D_incomplete_or_ambiguous_disclosure,No detected evidence; independence cannot be assumed.
beit3-L16,pr_status_tcga_brca_breast_biomarker_status_prediction_slide,TCGA,0.705423278025961,0.665805511324405,published_benchmark_result,beit_3_l16,tcga,Yes,D1_no_detected_evidence_or_insufficient_disclosure,D_incomplete_or_ambiguous_disclosure,No detected evidence; independence cannot be assumed.
Blip-B16-14M,pr_status_tcga_brca_breast_biomarker_status_prediction_slide,TCGA,0.462253917021323,0.470342543871059,published_benchmark_result,blip_b16_14m,tcga,Yes,D1_no_detected_evidence_or_insufficient_disclosure,D_incomplete_or_ambiguous_disclosure,No detected evidence; independence cannot be assumed.
Align-base,pr_status_tcga_brca_breast_biomarker_status_prediction_slide,TCGA,0.581802804114463,0.547165630372088,published_benchmark_result,align_base,tcga,Yes,D1_no_detected_evidence_or_insufficient_disclosure,D_incomplete_or_ambiguous_disclosure,No detected evidence; independence cannot be assumed.
cTranspath,lung_hist_ood1_out_of_domain_lung_lung_diagnostic_histologic_subtyping_slide,Out of Domain,0.652962009477451,0.641032580348913,published_benchmark_result,ctranspath,,No,D1_no_detected_evidence_or_insufficient_disclosure,D_incomplete_or_ambiguous_disclosure,Benchmark dataset label is too coarse or exposure evidence is incomplete; independence cannot be assumed.
GPFM,lung_hist_ood1_out_of_domain_lung_lung_diagnostic_histologic_subtyping_slide,Out of Domain,0.688981262675233,0.744363185472626,published_benchmark_result,gpfm,,No,D1_no_detected_evidence_or_insufficient_disclosure,D_incomplete_or_ambiguous_disclosure,Benchmark dataset label is too coarse or exposure evidence is incomplete; independence cannot be assumed.
mizero bioclinicalbert,lung_hist_ood1_out_of_domain_lung_lung_diagnostic_histologic_subtyping_slide,Out of Domain,0.682273602851397,0.682732308298732,published_benchmark_result,mi_zero_clinicalbert,,No,D1_no_detected_evidence_or_insufficient_disclosure,D_incomplete_or_ambiguous_disclosure,Benchmark dataset label is too coarse or exposure evidence is incomplete; independence cannot be assumed.
mizero pubmedbert,lung_hist_ood1_out_of_domain_lung_lung_diagnostic_histologic_subtyping_slide,Out of Domain,0.72458337245271,0.701851116232575,published_benchmark_result,mi_zero_pubmedbert,,No,D1_no_detected_evidence_or_insufficient_disclosure,D_incomplete_or_ambiguous_disclosure,Benchmark dataset label is too coarse or exposure evidence is incomplete; independence cannot be assumed.
beit3-L16,lung_hist_ood1_out_of_domain_lung_lung_diagnostic_histologic_subtyping_slide,Out of Domain,0.842740651924877,0.740175291172415,published_benchmark_result,beit_3_l16,,No,D1_no_detected_evidence_or_insufficient_disclosure,D_incomplete_or_ambiguous_disclosure,Benchmark dataset label is too coarse or exposure evidence is incomplete; independence cannot be assumed.
Blip-B16-14M,lung_hist_ood1_out_of_domain_lung_lung_diagnostic_histologic_subtyping_slide,Out of Domain,0.659356364305629,0.713091980509961,published_benchmark_result,blip_b16_14m,,No,D1_no_detected_evidence_or_insufficient_disclosure,D_incomplete_or_ambiguous_disclosure,Benchmark dataset label is too coarse or exposure evidence is incomplete; independence cannot be assumed.
Align-base,lung_hist_ood1_out_of_domain_lung_lung_diagnostic_histologic_subtyping_slide,Out of Domain,0.801848153940663,0.632384456232213,published_benchmark_result,align_base,,No,D1_no_detected_evidence_or_insufficient_disclosure,D_incomplete_or_ambiguous_disclosure,Benchmark dataset label is too coarse or exposure evidence is incomplete; independence cannot be assumed.
cTranspath,lung_stage_ood_out_of_domain_lung_lung_diagnostic_tumor_staging_slide,Out of Domain,0.488339273891806,0.465506512007492,published_benchmark_result,ctranspath,,No,D1_no_detected_evidence_or_insufficient_disclosure,D_incomplete_or_ambiguous_disclosure,Benchmark dataset label is too coarse or exposure evidence is incomplete; independence cannot be assumed.
GPFM,lung_stage_ood_out_of_domain_lung_lung_diagnostic_tumor_staging_slide,Out of Domain,0.390291306094656,0.3720717,published_benchmark_result,gpfm,,No,D1_no_detected_evidence_or_insufficient_disclosure,D_incomplete_or_ambiguous_disclosure,Benchmark dataset label is too coarse or exposure evidence is incomplete; independence cannot be assumed.
mizero bioclinicalbert,lung_stage_ood_out_of_domain_lung_lung_diagnostic_tumor_staging_slide,Out of Domain,0.347140435501015,0.35910759195436,published_benchmark_result,mi_zero_clinicalbert,,No,D1_no_detected_evidence_or_insufficient_disclosure,D_incomplete_or_ambiguous_disclosure,Benchmark dataset label is too coarse or exposure evidence is incomplete; independence cannot be assumed.
mizero pubmedbert,lung_stage_ood_out_of_domain_lung_lung_diagnostic_tumor_staging_slide,Out of Domain,0.440687972911257,0.426950590145802,published_benchmark_result,mi_zero_pubmedbert,,No,D1_no_detected_evidence_or_insufficient_disclosure,D_incomplete_or_ambiguous_disclosure,Benchmark dataset label is too coarse or exposure evidence is incomplete; independence cannot be assumed.
beit3-L16,lung_stage_ood_out_of_domain_lung_lung_diagnostic_tumor_staging_slide,Out of Domain,0.548375244865278,0.536223961518873,published_benchmark_result,beit_3_l16,,No,D1_no_detected_evidence_or_insufficient_disclosure,D_incomplete_or_ambiguous_disclosure,Benchmark dataset label is too coarse or exposure evidence is incomplete; independence cannot be assumed.
Blip-B16-14M,lung_stage_ood_out_of_domain_lung_lung_diagnostic_tumor_staging_slide,Out of Domain,0.469400356450316,0.47339478037518,published_benchmark_result,blip_b16_14m,,No,D1_no_detected_evidence_or_insufficient_disclosure,D_incomplete_or_ambiguous_disclosure,Benchmark dataset label is too coarse or exposure evidence is incomplete; independence cannot be assumed.
Align-base,lung_stage_ood_out_of_domain_lung_lung_diagnostic_tumor_staging_slide,Out of Domain,0.576695882750942,0.471108,published_benchmark_result,align_base,,No,D1_no_detected_evidence_or_insufficient_disclosure,D_incomplete_or_ambiguous_disclosure,Benchmark dataset label is too coarse or exposure evidence is incomplete; independence cannot be assumed.
cTranspath,brain_necrosis_out_of_domain_brain_brain_diagnostic_other_slide,Out of Domain,0.550676397115717,0.623941076274132,published_benchmark_result,ctranspath,,No,D1_no_detected_evidence_or_insufficient_disclosure,D_incomplete_or_ambiguous_disclosure,Benchmark dataset label is too coarse or exposure evidence is incomplete; independence cannot be assumed.
GPFM,brain_necrosis_out_of_domain_brain_brain_diagnostic_other_slide,Out of Domain,0.59183463913818,0.649449567019376,published_benchmark_result,gpfm,,No,D1_no_detected_evidence_or_insufficient_disclosure,D_incomplete_or_ambiguous_disclosure,Benchmark dataset label is too coarse or exposure evidence is incomplete; independence cannot be assumed.
mizero bioclinicalbert,brain_necrosis_out_of_domain_brain_brain_diagnostic_other_slide,Out of Domain,0.515331455101289,0.568500245586197,published_benchmark_result,mi_zero_clinicalbert,,No,D1_no_detected_evidence_or_insufficient_disclosure,D_incomplete_or_ambiguous_disclosure,Benchmark dataset label is too coarse or exposure evidence is incomplete; independence cannot be assumed.
mizero pubmedbert,brain_necrosis_out_of_domain_brain_brain_diagnostic_other_slide,Out of Domain,0.617269658575527,0.672626954702108,published_benchmark_result,mi_zero_pubmedbert,,No,D1_no_detected_evidence_or_insufficient_disclosure,D_incomplete_or_ambiguous_disclosure,Benchmark dataset label is too coarse or exposure evidence is incomplete; independence cannot be assumed.
beit3-L16,brain_necrosis_out_of_domain_brain_brain_diagnostic_other_slide,Out of Domain,0.443274776381851,0.530444999941225,published_benchmark_result,beit_3_l16,,No,D1_no_detected_evidence_or_insufficient_disclosure,D_incomplete_or_ambiguous_disclosure,Benchmark dataset label is too coarse or exposure evidence is incomplete; independence cannot be assumed.
Blip-B16-14M,brain_necrosis_out_of_domain_brain_brain_diagnostic_other_slide,Out of Domain,0.555439134712752,0.614741732721511,published_benchmark_result,blip_b16_14m,,No,D1_no_detected_evidence_or_insufficient_disclosure,D_incomplete_or_ambiguous_disclosure,Benchmark dataset label is too coarse or exposure evidence is incomplete; independence cannot be assumed.
Align-base,brain_necrosis_out_of_domain_brain_brain_diagnostic_other_slide,Out of Domain,0.554147174933486,0.590238503985972,published_benchmark_result,align_base,,No,D1_no_detected_evidence_or_insufficient_disclosure,D_incomplete_or_ambiguous_disclosure,Benchmark dataset label is too coarse or exposure evidence is incomplete; independence cannot be assumed.
cTranspath,mgmt_ood_out_of_domain_brain_brain_biomarker_status_prediction_slide,Out of Domain,0.473622408373584,0.524331248410157,published_benchmark_result,ctranspath,,No,D1_no_detected_evidence_or_insufficient_disclosure,D_incomplete_or_ambiguous_disclosure,Benchmark dataset label is too coarse or exposure evidence is incomplete; independence cannot be assumed.
GPFM,mgmt_ood_out_of_domain_brain_brain_biomarker_status_prediction_slide,Out of Domain,0.544217077634044,0.563148737305316,published_benchmark_result,gpfm,,No,D1_no_detected_evidence_or_insufficient_disclosure,D_incomplete_or_ambiguous_disclosure,Benchmark dataset label is too coarse or exposure evidence is incomplete; independence cannot be assumed.
mizero bioclinicalbert,mgmt_ood_out_of_domain_brain_brain_biomarker_status_prediction_slide,Out of Domain,0.553664182708977,0.682983103927848,published_benchmark_result,mi_zero_clinicalbert,,No,D1_no_detected_evidence_or_insufficient_disclosure,D_incomplete_or_ambiguous_disclosure,Benchmark dataset label is too coarse or exposure evidence is incomplete; independence cannot be assumed.
mizero pubmedbert,mgmt_ood_out_of_domain_brain_brain_biomarker_status_prediction_slide,Out of Domain,0.520023796788082,0.573010608049007,published_benchmark_result,mi_zero_pubmedbert,,No,D1_no_detected_evidence_or_insufficient_disclosure,D_incomplete_or_ambiguous_disclosure,Benchmark dataset label is too coarse or exposure evidence is incomplete; independence cannot be assumed.
beit3-L16,mgmt_ood_out_of_domain_brain_brain_biomarker_status_prediction_slide,Out of Domain,0.376363677516266,0.454551375778148,published_benchmark_result,beit_3_l16,,No,D1_no_detected_evidence_or_insufficient_disclosure,D_incomplete_or_ambiguous_disclosure,Benchmark dataset label is too coarse or exposure evidence is incomplete; independence cannot be assumed.
Blip-B16-14M,mgmt_ood_out_of_domain_brain_brain_biomarker_status_prediction_slide,Out of Domain,0.247111601988271,0.401681001624602,published_benchmark_result,blip_b16_14m,,No,D1_no_detected_evidence_or_insufficient_disclosure,D_incomplete_or_ambiguous_disclosure,Benchmark dataset label is too coarse or exposure evidence is incomplete; independence cannot be assumed.
Align-base,mgmt_ood_out_of_domain_brain_brain_biomarker_status_prediction_slide,Out of Domain,0.71885162240265,0.729953394671875,published_benchmark_result,align_base,,No,D1_no_detected_evidence_or_insufficient_disclosure,D_incomplete_or_ambiguous_disclosure,Benchmark dataset label is too coarse or exposure evidence is incomplete; independence cannot be assumed.
cTranspath,blca_hist_subtype_tcga_blca_bladder_diagnostic_histologic_subtyping_slide,TCGA,0.572244376330588,0.636875730868522,published_benchmark_result,ctranspath,tcga,Yes,D3_exact_dataset_exposure,B_explicit_primary_source_statement,The named evaluation dataset is reported in model development; independence cannot be assumed.
GPFM,blca_hist_subtype_tcga_blca_bladder_diagnostic_histologic_subtyping_slide,TCGA,0.643892895711192,0.704226239613971,published_benchmark_result,gpfm,tcga,Yes,D1_no_detected_evidence_or_insufficient_disclosure,D_incomplete_or_ambiguous_disclosure,No detected evidence; independence cannot be assumed.
mizero bioclinicalbert,blca_hist_subtype_tcga_blca_bladder_diagnostic_histologic_subtyping_slide,TCGA,0.660358802575566,0.700192014594381,published_benchmark_result,mi_zero_clinicalbert,tcga,Yes,D1_no_detected_evidence_or_insufficient_disclosure,D_incomplete_or_ambiguous_disclosure,No detected evidence; independence cannot be assumed.
mizero pubmedbert,blca_hist_subtype_tcga_blca_bladder_diagnostic_histologic_subtyping_slide,TCGA,0.662356254849322,0.716464140114535,published_benchmark_result,mi_zero_pubmedbert,tcga,Yes,D1_no_detected_evidence_or_insufficient_disclosure,D_incomplete_or_ambiguous_disclosure,No detected evidence; independence cannot be assumed.
beit3-L16,blca_hist_subtype_tcga_blca_bladder_diagnostic_histologic_subtyping_slide,TCGA,0.757123492749584,0.795358138156322,published_benchmark_result,beit_3_l16,tcga,Yes,D1_no_detected_evidence_or_insufficient_disclosure,D_incomplete_or_ambiguous_disclosure,No detected evidence; independence cannot be assumed.
Blip-B16-14M,blca_hist_subtype_tcga_blca_bladder_diagnostic_histologic_subtyping_slide,TCGA,0.381953422266217,0.48077621550514,published_benchmark_result,blip_b16_14m,tcga,Yes,D1_no_detected_evidence_or_insufficient_disclosure,D_incomplete_or_ambiguous_disclosure,No detected evidence; independence cannot be assumed.
Align-base,blca_hist_subtype_tcga_blca_bladder_diagnostic_histologic_subtyping_slide,TCGA,0.584655134413364,0.668115775012656,published_benchmark_result,align_base,tcga,Yes,D1_no_detected_evidence_or_insufficient_disclosure,D_incomplete_or_ambiguous_disclosure,No detected evidence; independence cannot be assumed.
cTranspath,blca_mrna_cluster_tcga_blca_bladder_gene_expression_subtype_prediction_slide,TCGA,0.668250241843215,0.5594688,published_benchmark_result,ctranspath,tcga,Yes,D3_exact_dataset_exposure,B_explicit_primary_source_statement,The named evaluation dataset is reported in model development; independence cannot be assumed.
GPFM,blca_mrna_cluster_tcga_blca_bladder_gene_expression_subtype_prediction_slide,TCGA,0.844925134788768,0.7383582,published_benchmark_result,gpfm,tcga,Yes,D1_no_detected_evidence_or_insufficient_disclosure,D_incomplete_or_ambiguous_disclosure,No detected evidence; independence cannot be assumed.
mizero bioclinicalbert,blca_mrna_cluster_tcga_blca_bladder_gene_expression_subtype_prediction_slide,TCGA,0.734880503075634,0.6332438,published_benchmark_result,mi_zero_clinicalbert,tcga,Yes,D1_no_detected_evidence_or_insufficient_disclosure,D_incomplete_or_ambiguous_disclosure,No detected evidence; independence cannot be assumed.
mizero pubmedbert,blca_mrna_cluster_tcga_blca_bladder_gene_expression_subtype_prediction_slide,TCGA,0.739873550233779,0.6526004,published_benchmark_result,mi_zero_pubmedbert,tcga,Yes,D1_no_detected_evidence_or_insufficient_disclosure,D_incomplete_or_ambiguous_disclosure,No detected evidence; independence cannot be assumed.
beit3-L16,blca_mrna_cluster_tcga_blca_bladder_gene_expression_subtype_prediction_slide,TCGA,0.756736305952541,0.624205,published_benchmark_result,beit_3_l16,tcga,Yes,D1_no_detected_evidence_or_insufficient_disclosure,D_incomplete_or_ambiguous_disclosure,No detected evidence; independence cannot be assumed.
Blip-B16-14M,blca_mrna_cluster_tcga_blca_bladder_gene_expression_subtype_prediction_slide,TCGA,0.70173122993076,0.5696748,published_benchmark_result,blip_b16_14m,tcga,Yes,D1_no_detected_evidence_or_insufficient_disclosure,D_incomplete_or_ambiguous_disclosure,No detected evidence; independence cannot be assumed.
Align-base,blca_mrna_cluster_tcga_blca_bladder_gene_expression_subtype_prediction_slide,TCGA,0.710654548329973,0.5810681,published_benchmark_result,align_base,tcga,Yes,D1_no_detected_evidence_or_insufficient_disclosure,D_incomplete_or_ambiguous_disclosure,No detected evidence; independence cannot be assumed.
cTranspath,lung_grade_out_of_domain_lung_lung_diagnostic_tumor_grading_slide,Out of Domain,0.609157784068301,0.4594988,published_benchmark_result,ctranspath,,No,D1_no_detected_evidence_or_insufficient_disclosure,D_incomplete_or_ambiguous_disclosure,Benchmark dataset label is too coarse or exposure evidence is incomplete; independence cannot be assumed.
GPFM,lung_grade_out_of_domain_lung_lung_diagnostic_tumor_grading_slide,Out of Domain,0.679195089273053,0.5390213,published_benchmark_result,gpfm,,No,D1_no_detected_evidence_or_insufficient_disclosure,D_incomplete_or_ambiguous_disclosure,Benchmark dataset label is too coarse or exposure evidence is incomplete; independence cannot be assumed.
mizero bioclinicalbert,lung_grade_out_of_domain_lung_lung_diagnostic_tumor_grading_slide,Out of Domain,0.644017359831576,0.503743,published_benchmark_result,mi_zero_clinicalbert,,No,D1_no_detected_evidence_or_insufficient_disclosure,D_incomplete_or_ambiguous_disclosure,Benchmark dataset label is too coarse or exposure evidence is incomplete; independence cannot be assumed.
mizero pubmedbert,lung_grade_out_of_domain_lung_lung_diagnostic_tumor_grading_slide,Out of Domain,0.642387306813048,0.5196581,published_benchmark_result,mi_zero_pubmedbert,,No,D1_no_detected_evidence_or_insufficient_disclosure,D_incomplete_or_ambiguous_disclosure,Benchmark dataset label is too coarse or exposure evidence is incomplete; independence cannot be assumed.
beit3-L16,lung_grade_out_of_domain_lung_lung_diagnostic_tumor_grading_slide,Out of Domain,0.638123614026119,0.4573916,published_benchmark_result,beit_3_l16,,No,D1_no_detected_evidence_or_insufficient_disclosure,D_incomplete_or_ambiguous_disclosure,Benchmark dataset label is too coarse or exposure evidence is incomplete; independence cannot be assumed.
Blip-B16-14M,lung_grade_out_of_domain_lung_lung_diagnostic_tumor_grading_slide,Out of Domain,0.608255803066158,0.4501347,published_benchmark_result,blip_b16_14m,,No,D1_no_detected_evidence_or_insufficient_disclosure,D_incomplete_or_ambiguous_disclosure,Benchmark dataset label is too coarse or exposure evidence is incomplete; independence cannot be assumed.
Align-base,lung_grade_out_of_domain_lung_lung_diagnostic_tumor_grading_slide,Out of Domain,0.625205728266799,0.4902758,published_benchmark_result,align_base,,No,D1_no_detected_evidence_or_insufficient_disclosure,D_incomplete_or_ambiguous_disclosure,Benchmark dataset label is too coarse or exposure evidence is incomplete; independence cannot be assumed.
cTranspath,lung_stage_out_of_domain_lung_lung_diagnostic_tumor_staging_slide,Out of Domain,0.66294888536966,0.5401494,published_benchmark_result,ctranspath,,No,D1_no_detected_evidence_or_insufficient_disclosure,D_incomplete_or_ambiguous_disclosure,Benchmark dataset label is too coarse or exposure evidence is incomplete; independence cannot be assumed.
GPFM,lung_stage_out_of_domain_lung_lung_diagnostic_tumor_staging_slide,Out of Domain,0.635963083655931,0.5290776,published_benchmark_result,gpfm,,No,D1_no_detected_evidence_or_insufficient_disclosure,D_incomplete_or_ambiguous_disclosure,Benchmark dataset label is too coarse or exposure evidence is incomplete; independence cannot be assumed.
mizero bioclinicalbert,lung_stage_out_of_domain_lung_lung_diagnostic_tumor_staging_slide,Out of Domain,0.625355277534009,0.5472443,published_benchmark_result,mi_zero_clinicalbert,,No,D1_no_detected_evidence_or_insufficient_disclosure,D_incomplete_or_ambiguous_disclosure,Benchmark dataset label is too coarse or exposure evidence is incomplete; independence cannot be assumed.
mizero pubmedbert,lung_stage_out_of_domain_lung_lung_diagnostic_tumor_staging_slide,Out of Domain,0.630023860228337,0.5485807,published_benchmark_result,mi_zero_pubmedbert,,No,D1_no_detected_evidence_or_insufficient_disclosure,D_incomplete_or_ambiguous_disclosure,Benchmark dataset label is too coarse or exposure evidence is incomplete; independence cannot be assumed.
beit3-L16,lung_stage_out_of_domain_lung_lung_diagnostic_tumor_staging_slide,Out of Domain,0.62471498384942,0.520117,published_benchmark_result,beit_3_l16,,No,D1_no_detected_evidence_or_insufficient_disclosure,D_incomplete_or_ambiguous_disclosure,Benchmark dataset label is too coarse or exposure evidence is incomplete; independence cannot be assumed.
Blip-B16-14M,lung_stage_out_of_domain_lung_lung_diagnostic_tumor_staging_slide,Out of Domain,0.583190495478948,0.461252,published_benchmark_result,blip_b16_14m,,No,D1_no_detected_evidence_or_insufficient_disclosure,D_incomplete_or_ambiguous_disclosure,Benchmark dataset label is too coarse or exposure evidence is incomplete; independence cannot be assumed.
Align-base,lung_stage_out_of_domain_lung_lung_diagnostic_tumor_staging_slide,Out of Domain,0.593625393772151,0.4713548,published_benchmark_result,align_base,,No,D1_no_detected_evidence_or_insufficient_disclosure,D_incomplete_or_ambiguous_disclosure,Benchmark dataset label is too coarse or exposure evidence is incomplete; independence cannot be assumed.
cTranspath,kidney_subtype_tcga_kirc_kirp_kich_kidney_diagnostic_histologic_subtyping_slide,TCGA,0.907729229172093,0.7977857,published_benchmark_result,ctranspath,tcga,Yes,D3_exact_dataset_exposure,B_explicit_primary_source_statement,The named evaluation dataset is reported in model development; independence cannot be assumed.
GPFM,kidney_subtype_tcga_kirc_kirp_kich_kidney_diagnostic_histologic_subtyping_slide,TCGA,0.970625085650248,0.9329486,published_benchmark_result,gpfm,tcga,Yes,D1_no_detected_evidence_or_insufficient_disclosure,D_incomplete_or_ambiguous_disclosure,No detected evidence; independence cannot be assumed.
mizero bioclinicalbert,kidney_subtype_tcga_kirc_kirp_kich_kidney_diagnostic_histologic_subtyping_slide,TCGA,0.931491468256674,0.8469292,published_benchmark_result,mi_zero_clinicalbert,tcga,Yes,D1_no_detected_evidence_or_insufficient_disclosure,D_incomplete_or_ambiguous_disclosure,No detected evidence; independence cannot be assumed.
mizero pubmedbert,kidney_subtype_tcga_kirc_kirp_kich_kidney_diagnostic_histologic_subtyping_slide,TCGA,0.929328506493113,0.8381773,published_benchmark_result,mi_zero_pubmedbert,tcga,Yes,D1_no_detected_evidence_or_insufficient_disclosure,D_incomplete_or_ambiguous_disclosure,No detected evidence; independence cannot be assumed.
beit3-L16,kidney_subtype_tcga_kirc_kirp_kich_kidney_diagnostic_histologic_subtyping_slide,TCGA,0.943337581738897,0.8604331,published_benchmark_result,beit_3_l16,tcga,Yes,D1_no_detected_evidence_or_insufficient_disclosure,D_incomplete_or_ambiguous_disclosure,No detected evidence; independence cannot be assumed.
Blip-B16-14M,kidney_subtype_tcga_kirc_kirp_kich_kidney_diagnostic_histologic_subtyping_slide,TCGA,0.764706537873263,0.5902704,published_benchmark_result,blip_b16_14m,tcga,Yes,D1_no_detected_evidence_or_insufficient_disclosure,D_incomplete_or_ambiguous_disclosure,No detected evidence; independence cannot be assumed.
Align-base,kidney_subtype_tcga_kirc_kirp_kich_kidney_diagnostic_histologic_subtyping_slide,TCGA,0.848737522637674,0.704718,published_benchmark_result,align_base,tcga,Yes,D1_no_detected_evidence_or_insufficient_disclosure,D_incomplete_or_ambiguous_disclosure,No detected evidence; independence cannot be assumed.
cTranspath,gi_subtype_tcga_gi_gi_biomarker_status_prediction_slide,TCGA,0.567558334063512,0.4191784,published_benchmark_result,ctranspath,tcga,Yes,D3_exact_dataset_exposure,B_explicit_primary_source_statement,The named evaluation dataset is reported in model development; independence cannot be assumed.
GPFM,gi_subtype_tcga_gi_gi_biomarker_status_prediction_slide,TCGA,0.690335766643871,0.5400615,published_benchmark_result,gpfm,tcga,Yes,D1_no_detected_evidence_or_insufficient_disclosure,D_incomplete_or_ambiguous_disclosure,No detected evidence; independence cannot be assumed.
mizero bioclinicalbert,gi_subtype_tcga_gi_gi_biomarker_status_prediction_slide,TCGA,0.577033955367669,0.4291324,published_benchmark_result,mi_zero_clinicalbert,tcga,Yes,D1_no_detected_evidence_or_insufficient_disclosure,D_incomplete_or_ambiguous_disclosure,No detected evidence; independence cannot be assumed.
mizero pubmedbert,gi_subtype_tcga_gi_gi_biomarker_status_prediction_slide,TCGA,0.603762541662358,0.4442904,published_benchmark_result,mi_zero_pubmedbert,tcga,Yes,D1_no_detected_evidence_or_insufficient_disclosure,D_incomplete_or_ambiguous_disclosure,No detected evidence; independence cannot be assumed.
beit3-L16,gi_subtype_tcga_gi_gi_biomarker_status_prediction_slide,TCGA,0.631395329248831,0.4781206,published_benchmark_result,beit_3_l16,tcga,Yes,D1_no_detected_evidence_or_insufficient_disclosure,D_incomplete_or_ambiguous_disclosure,No detected evidence; independence cannot be assumed.
Blip-B16-14M,gi_subtype_tcga_gi_gi_biomarker_status_prediction_slide,TCGA,0.581542626472899,0.4172752,published_benchmark_result,blip_b16_14m,tcga,Yes,D1_no_detected_evidence_or_insufficient_disclosure,D_incomplete_or_ambiguous_disclosure,No detected evidence; independence cannot be assumed.
Align-base,gi_subtype_tcga_gi_gi_biomarker_status_prediction_slide,TCGA,0.565942867768462,0.3984169,published_benchmark_result,align_base,tcga,Yes,D1_no_detected_evidence_or_insufficient_disclosure,D_incomplete_or_ambiguous_disclosure,No detected evidence; independence cannot be assumed.
cTranspath,myc_tcga_pan_cancer_pan_cancer_pathway_activation_status_prediction_slide,TCGA,0.595828390441669,0.59458196827875,published_benchmark_result,ctranspath,tcga,Yes,D3_exact_dataset_exposure,B_explicit_primary_source_statement,The named evaluation dataset is reported in model development; independence cannot be assumed.
GPFM,myc_tcga_pan_cancer_pan_cancer_pathway_activation_status_prediction_slide,TCGA,0.667039659308622,0.652161177628496,published_benchmark_result,gpfm,tcga,Yes,D1_no_detected_evidence_or_insufficient_disclosure,D_incomplete_or_ambiguous_disclosure,No detected evidence; independence cannot be assumed.
mizero bioclinicalbert,myc_tcga_pan_cancer_pan_cancer_pathway_activation_status_prediction_slide,TCGA,0.621297791750948,0.601534573829965,published_benchmark_result,mi_zero_clinicalbert,tcga,Yes,D1_no_detected_evidence_or_insufficient_disclosure,D_incomplete_or_ambiguous_disclosure,No detected evidence; independence cannot be assumed.
mizero pubmedbert,myc_tcga_pan_cancer_pan_cancer_pathway_activation_status_prediction_slide,TCGA,0.616662465314932,0.610049034961775,published_benchmark_result,mi_zero_pubmedbert,tcga,Yes,D1_no_detected_evidence_or_insufficient_disclosure,D_incomplete_or_ambiguous_disclosure,No detected evidence; independence cannot be assumed.
beit3-L16,myc_tcga_pan_cancer_pan_cancer_pathway_activation_status_prediction_slide,TCGA,0.63515038523883,0.630631684370145,published_benchmark_result,beit_3_l16,tcga,Yes,D1_no_detected_evidence_or_insufficient_disclosure,D_incomplete_or_ambiguous_disclosure,No detected evidence; independence cannot be assumed.
Blip-B16-14M,myc_tcga_pan_cancer_pan_cancer_pathway_activation_status_prediction_slide,TCGA,0.517448135775663,0.551971512167172,published_benchmark_result,blip_b16_14m,tcga,Yes,D1_no_detected_evidence_or_insufficient_disclosure,D_incomplete_or_ambiguous_disclosure,No detected evidence; independence cannot be assumed.
Align-base,myc_tcga_pan_cancer_pan_cancer_pathway_activation_status_prediction_slide,TCGA,0.576336681539625,0.584626116144342,published_benchmark_result,align_base,tcga,Yes,D1_no_detected_evidence_or_insufficient_disclosure,D_incomplete_or_ambiguous_disclosure,No detected evidence; independence cannot be assumed.
cTranspath,pi3k_tcga_pan_cancer_pan_cancer_pathway_activation_status_prediction_slide,TCGA,0.648471837598086,0.638545445625155,published_benchmark_result,ctranspath,tcga,Yes,D3_exact_dataset_exposure,B_explicit_primary_source_statement,The named evaluation dataset is reported in model development; independence cannot be assumed.
GPFM,pi3k_tcga_pan_cancer_pan_cancer_pathway_activation_status_prediction_slide,TCGA,0.719793882796117,0.71839060432579,published_benchmark_result,gpfm,tcga,Yes,D1_no_detected_evidence_or_insufficient_disclosure,D_incomplete_or_ambiguous_disclosure,No detected evidence; independence cannot be assumed.
mizero bioclinicalbert,pi3k_tcga_pan_cancer_pan_cancer_pathway_activation_status_prediction_slide,TCGA,0.666216468694232,0.650731471579746,published_benchmark_result,mi_zero_clinicalbert,tcga,Yes,D1_no_detected_evidence_or_insufficient_disclosure,D_incomplete_or_ambiguous_disclosure,No detected evidence; independence cannot be assumed.
mizero pubmedbert,pi3k_tcga_pan_cancer_pan_cancer_pathway_activation_status_prediction_slide,TCGA,0.663047323110259,0.646324620180482,published_benchmark_result,mi_zero_pubmedbert,tcga,Yes,D1_no_detected_evidence_or_insufficient_disclosure,D_incomplete_or_ambiguous_disclosure,No detected evidence; independence cannot be assumed.
beit3-L16,pi3k_tcga_pan_cancer_pan_cancer_pathway_activation_status_prediction_slide,TCGA,0.709667742279125,0.704963609416081,published_benchmark_result,beit_3_l16,tcga,Yes,D1_no_detected_evidence_or_insufficient_disclosure,D_incomplete_or_ambiguous_disclosure,No detected evidence; independence cannot be assumed.
Blip-B16-14M,pi3k_tcga_pan_cancer_pan_cancer_pathway_activation_status_prediction_slide,TCGA,0.487368951314433,0.501448110471779,published_benchmark_result,blip_b16_14m,tcga,Yes,D1_no_detected_evidence_or_insufficient_disclosure,D_incomplete_or_ambiguous_disclosure,No detected evidence; independence cannot be assumed.
Align-base,pi3k_tcga_pan_cancer_pan_cancer_pathway_activation_status_prediction_slide,TCGA,0.597773932040268,0.586002224816192,published_benchmark_result,align_base,tcga,Yes,D1_no_detected_evidence_or_insufficient_disclosure,D_incomplete_or_ambiguous_disclosure,No detected evidence; independence cannot be assumed.
cTranspath,tcga_grade_tcga_pan_cancer_pan_cancer_diagnostic_tumor_grading_slide,TCGA,0.66055795606515,0.5141146,published_benchmark_result,ctranspath,tcga,Yes,D3_exact_dataset_exposure,B_explicit_primary_source_statement,The named evaluation dataset is reported in model development; independence cannot be assumed.
GPFM,tcga_grade_tcga_pan_cancer_pan_cancer_diagnostic_tumor_grading_slide,TCGA,0.777775969726748,0.650995,published_benchmark_result,gpfm,tcga,Yes,D1_no_detected_evidence_or_insufficient_disclosure,D_incomplete_or_ambiguous_disclosure,No detected evidence; independence cannot be assumed.
mizero bioclinicalbert,tcga_grade_tcga_pan_cancer_pan_cancer_diagnostic_tumor_grading_slide,TCGA,0.686616778324529,0.538486,published_benchmark_result,mi_zero_clinicalbert,tcga,Yes,D1_no_detected_evidence_or_insufficient_disclosure,D_incomplete_or_ambiguous_disclosure,No detected evidence; independence cannot be assumed.
mizero pubmedbert,tcga_grade_tcga_pan_cancer_pan_cancer_diagnostic_tumor_grading_slide,TCGA,0.68265688848993,0.5327655,published_benchmark_result,mi_zero_pubmedbert,tcga,Yes,D1_no_detected_evidence_or_insufficient_disclosure,D_incomplete_or_ambiguous_disclosure,No detected evidence; independence cannot be assumed.
beit3-L16,tcga_grade_tcga_pan_cancer_pan_cancer_diagnostic_tumor_grading_slide,TCGA,0.741030732125159,0.6042067,published_benchmark_result,beit_3_l16,tcga,Yes,D1_no_detected_evidence_or_insufficient_disclosure,D_incomplete_or_ambiguous_disclosure,No detected evidence; independence cannot be assumed.
Blip-B16-14M,tcga_grade_tcga_pan_cancer_pan_cancer_diagnostic_tumor_grading_slide,TCGA,0.652288783551407,0.5192465,published_benchmark_result,blip_b16_14m,tcga,Yes,D1_no_detected_evidence_or_insufficient_disclosure,D_incomplete_or_ambiguous_disclosure,No detected evidence; independence cannot be assumed.
Align-base,tcga_grade_tcga_pan_cancer_pan_cancer_diagnostic_tumor_grading_slide,TCGA,0.650656807926382,0.5034753,published_benchmark_result,align_base,tcga,Yes,D1_no_detected_evidence_or_insufficient_disclosure,D_incomplete_or_ambiguous_disclosure,No detected evidence; independence cannot be assumed.
cTranspath,immunegroup_tcga_pan_cancer_pan_cancer_gene_expression_subtype_prediction_slide,TCGA,0.783021188425371,0.4706002,published_benchmark_result,ctranspath,tcga,Yes,D3_exact_dataset_exposure,B_explicit_primary_source_statement,The named evaluation dataset is reported in model development; independence cannot be assumed.
GPFM,immunegroup_tcga_pan_cancer_pan_cancer_gene_expression_subtype_prediction_slide,TCGA,0.876303684651937,0.639459,published_benchmark_result,gpfm,tcga,Yes,D1_no_detected_evidence_or_insufficient_disclosure,D_incomplete_or_ambiguous_disclosure,No detected evidence; independence cannot be assumed.
mizero bioclinicalbert,immunegroup_tcga_pan_cancer_pan_cancer_gene_expression_subtype_prediction_slide,TCGA,0.804957356226808,0.4979801,published_benchmark_result,mi_zero_clinicalbert,tcga,Yes,D1_no_detected_evidence_or_insufficient_disclosure,D_incomplete_or_ambiguous_disclosure,No detected evidence; independence cannot be assumed.
mizero pubmedbert,immunegroup_tcga_pan_cancer_pan_cancer_gene_expression_subtype_prediction_slide,TCGA,0.80629201812585,0.4856317,published_benchmark_result,mi_zero_pubmedbert,tcga,Yes,D1_no_detected_evidence_or_insufficient_disclosure,D_incomplete_or_ambiguous_disclosure,No detected evidence; independence cannot be assumed.
beit3-L16,immunegroup_tcga_pan_cancer_pan_cancer_gene_expression_subtype_prediction_slide,TCGA,0.842464544578533,0.5872939,published_benchmark_result,beit_3_l16,tcga,Yes,D1_no_detected_evidence_or_insufficient_disclosure,D_incomplete_or_ambiguous_disclosure,No detected evidence; independence cannot be assumed.
Blip-B16-14M,immunegroup_tcga_pan_cancer_pan_cancer_gene_expression_subtype_prediction_slide,TCGA,0.496603408106559,0.1892551,published_benchmark_result,blip_b16_14m,tcga,Yes,D1_no_detected_evidence_or_insufficient_disclosure,D_incomplete_or_ambiguous_disclosure,No detected evidence; independence cannot be assumed.
Align-base,immunegroup_tcga_pan_cancer_pan_cancer_gene_expression_subtype_prediction_slide,TCGA,0.763557031252545,0.4454887,published_benchmark_result,align_base,tcga,Yes,D1_no_detected_evidence_or_insufficient_disclosure,D_incomplete_or_ambiguous_disclosure,No detected evidence; independence cannot be assumed.
